E06E	4stringTabClef	Clefs	4-STRING TAB CLEF	1.084	-0.012	-2.032	1.088	2.016
E06D	6stringTabClef	Clefs	6-STRING TAB CLEF	1.636	-0.012	-2.992	1.632	3.056
E30D	accSagittal11LargeDiesisDown	Spartan Sagittal single-shaft accidentals	11 LARGE DIESIS DOWN, 3° DOWN [46 EDO]	1.376	0	-0.688	1.376	1.436
E30C	accSagittal11LargeDiesisUp	Spartan Sagittal single-shaft accidentals	11 LARGE DIESIS UP, (11L), (SHARP LESS 11M), 3° UP [46 EDO]	1.376	0	-1.436	1.376	0.688
E30B	accSagittal11MediumDiesisDown	Spartan Sagittal single-shaft accidentals	11 MEDIUM DIESIS DOWN, 1°[17 31] 2°46 DOWN, 1/4-TONE DOWN	1.376	0	-0.688	1.376	1.436
E30A	accSagittal11MediumDiesisUp	Spartan Sagittal single-shaft accidentals	11 MEDIUM DIESIS UP, (11M), 1°[17 31] 2°46 UP, 1/4-TONE UP	1.376	0	-1.436	1.376	0.688
E3AB	accSagittal11v19LargeDiesisDown	Promethean Sagittal extension (high precision) single-shaft accidentals	11:19 LARGE DIESIS DOWN	1.248	0	-0.688	1.248	1.436
E3AA	accSagittal11v19LargeDiesisUp	Promethean Sagittal extension (high precision) single-shaft accidentals	11:19 LARGE DIESIS UP, (11:19L, APOTOME LESS 11:19M)	1.248	0	-1.436	1.248	0.688
E3A3	accSagittal11v19MediumDiesisDown	Promethean Sagittal extension (high precision) single-shaft accidentals	11:19 MEDIUM DIESIS DOWN	1.376	0	-0.688	1.376	1.436
E3A2	accSagittal11v19MediumDiesisUp	Promethean Sagittal extension (high precision) single-shaft accidentals	11:19 MEDIUM DIESIS UP, (11:19M, 11M PLUS 19S)	1.376	0	-1.436	1.376	0.688
E397	accSagittal11v49CommaDown	Promethean Sagittal extension (high precision) single-shaft accidentals	11:49 COMMA DOWN	0.748	0	-0.688	0.752	1.436
E396	accSagittal11v49CommaUp	Promethean Sagittal extension (high precision) single-shaft accidentals	11:49 COMMA UP, (11:49C, 11M LESS 49C)	0.748	0	-1.436	0.752	0.688
E395	accSagittal143CommaDown	Promethean Sagittal extension (high precision) single-shaft accidentals	143 COMMA DOWN	0.624	0	-0.688	0.624	1.436
E394	accSagittal143CommaUp	Promethean Sagittal extension (high precision) single-shaft accidentals	143 COMMA UP, (143C, 13L LESS 11M)	0.624	0	-1.436	0.624	0.688
E343	accSagittal17CommaDown	Athenian Sagittal extension (medium precision) accidentals	17 COMMA DOWN	1.128	0	-0.688	1.124	1.436
E342	accSagittal17CommaUp	Athenian Sagittal extension (medium precision) accidentals	17 COMMA UP, (17C)	1.124	0	-1.436	1.124	0.688
E393	accSagittal17KleismaDown	Promethean Sagittal extension (high precision) single-shaft accidentals	17 KLEISMA DOWN	0.624	0	-0.688	0.624	1.436
E392	accSagittal17KleismaUp	Promethean Sagittal extension (high precision) single-shaft accidentals	17 KLEISMA UP, (17K)	0.624	0	-1.436	0.624	0.688
E399	accSagittal19CommaDown	Promethean Sagittal extension (high precision) single-shaft accidentals	19 COMMA DOWN	1.128	0	-0.688	1.124	1.436
E398	accSagittal19CommaUp	Promethean Sagittal extension (high precision) single-shaft accidentals	19 COMMA UP, (19C)	1.124	0	-1.436	1.124	0.688
E391	accSagittal19SchismaDown	Promethean Sagittal extension (high precision) single-shaft accidentals	19 SCHISMA DOWN	0.5	0	-0.688	0.5	1.436
E390	accSagittal19SchismaUp	Promethean Sagittal extension (high precision) single-shaft accidentals	19 SCHISMA UP, (19S)	0.5	0	-1.436	0.5	0.688
E3F5	accSagittal1MinaDown	Olympian Sagittal extension (extreme precision) accidental diacritics	1 MINA DOWN, 1/(5⋅7⋅13)-SCHISMINA DOWN, 0.42 CENTS DOWN	0.744	-0.028	0.064	0.496	0.425
E3F4	accSagittal1MinaUp	Olympian Sagittal extension (extreme precision) accidental diacritics	1 MINA UP, 1/(5⋅7⋅13)-SCHISMINA UP, 0.42 CENTS UP	0.744	-0.028	-0.425	0.496	-0.064
E3F9	accSagittal1TinaDown	Magrathean Sagittal extension (insane precision) accidental diacritics	1 TINA DOWN, 7²⋅11⋅19/5-SCHISMINA DOWN, 0.17 CENTS DOWN	1.12	-0.028	0.064	0.872	0.425
E3F8	accSagittal1TinaUp	Magrathean Sagittal extension (insane precision) accidental diacritics	1 TINA UP, 7²⋅11⋅19/5-SCHISMINA UP, 0.17 CENTS UP	1.12	-0.028	-0.425	0.872	-0.064
E371	accSagittal23CommaDown	Trojan Sagittal extension (12-EDO relative) accidentals	23 COMMA DOWN, 2° DOWN [96 EDO], 1/8-TONE DOWN	0.748	0	-0.688	0.752	1.436
E370	accSagittal23CommaUp	Trojan Sagittal extension (12-EDO relative) accidentals	23 COMMA UP, (23C), 2° UP [96 EDO], 1/8-TONE UP	0.748	0	-1.436	0.752	0.688
E39F	accSagittal23SmallDiesisDown	Promethean Sagittal extension (high precision) single-shaft accidentals	23 SMALL DIESIS DOWN	1.376	0	-0.688	1.376	1.436
E39E	accSagittal23SmallDiesisUp	Promethean Sagittal extension (high precision) single-shaft accidentals	23 SMALL DIESIS UP, (23S)	1.376	0	-1.436	1.376	0.688
E307	accSagittal25SmallDiesisDown	Spartan Sagittal single-shaft accidentals	25 SMALL DIESIS DOWN, 2° DOWN [53 EDO]	1	0	-0.688	1	1.436
E306	accSagittal25SmallDiesisUp	Spartan Sagittal single-shaft accidentals	25 SMALL DIESIS UP, (25S, ~5:13S, ~37S, 5C PLUS 5C), 2° UP [53 EDO]	1	0	-1.436	1	0.688
E3F7	accSagittal2MinasDown	Olympian Sagittal extension (extreme precision) accidental diacritics	2 MINAS DOWN, 65/77-SCHISMINA DOWN, 0.83 CENTS DOWN	0.62	0	0.064	0.372	0.428
E3F6	accSagittal2MinasUp	Olympian Sagittal extension (extreme precision) accidental diacritics	2 MINAS UP, 65/77-SCHISMINA UP, 0.83 CENTS UP	0.62	0	-0.428	0.372	-0.064
E3FB	accSagittal2TinasDown	Magrathean Sagittal extension (insane precision) accidental diacritics	2 TINAS DOWN, 1/(7³⋅17)-SCHISMINA DOWN, 0.30 CENTS DOWN	0.624	0	0.064	0.376	0.428
E3FA	accSagittal2TinasUp	Magrathean Sagittal extension (insane precision) accidental diacritics	2 TINAS UP, 1/(7³⋅17)-SCHISMINA UP, 0.30 CENTS UP	0.624	0	-0.428	0.376	-0.064
E30F	accSagittal35LargeDiesisDown	Spartan Sagittal single-shaft accidentals	35 LARGE DIESIS DOWN, 2° DOWN [50 EDO], 5/18-TONE DOWN	1.5	0	-0.688	1.5	1.436
E30E	accSagittal35LargeDiesisUp	Spartan Sagittal single-shaft accidentals	35 LARGE DIESIS UP, (35L, ~13L, ~125L, SHARP LESS 35M), 2°50 UP	1.5	0	-0.688	1.5	1.436
E309	accSagittal35MediumDiesisDown	Spartan Sagittal single-shaft accidentals	35 MEDIUM DIESIS DOWN, 1°[50] 2°[27] DOWN, 2/9-TONE DOWN	1.124	0	-0.688	1.124	1.436
E308	accSagittal35MediumDiesisUp	Spartan Sagittal single-shaft accidentals	35 MEDIUM DIESIS UP, (35M, ~13M, ~125M, 5C PLUS 7C), 2/9-TONE UP	1.124	0	-1.436	1.124	0.688
E3FD	accSagittal3TinasDown	Magrathean Sagittal extension (insane precision) accidental diacritics	3 TINAS DOWN, 1 MINA DOWN, 1/(5⋅7⋅13)-SCHISMINA DOWN, 0.42 CENTS DOWN	0.744	-0.028	0.064	0.496	0.425
E3FC	accSagittal3TinasUp	Magrathean Sagittal extension (insane precision) accidental diacritics	3 TINAS UP, 1 MINA UP, 1/(5⋅7⋅13)-SCHISMINA UP, 0.42 CENTS UP	0.744	-0.028	-0.425	0.496	-0.064
E3A9	accSagittal49LargeDiesisDown	Promethean Sagittal extension (high precision) single-shaft accidentals	49 LARGE DIESIS DOWN	1.124	0	-0.688	1.124	1.436
E3A8	accSagittal49LargeDiesisUp	Promethean Sagittal extension (high precision) single-shaft accidentals	49 LARGE DIESIS UP, (49L, ~31L, APOTOME LESS 49M)	1.124	0	-1.436	1.124	0.688
E3A5	accSagittal49MediumDiesisDown	Promethean Sagittal extension (high precision) single-shaft accidentals	49 MEDIUM DIESIS DOWN	1	0	-0.688	1	1.436
E3A4	accSagittal49MediumDiesisUp	Promethean Sagittal extension (high precision) single-shaft accidentals	49 MEDIUM DIESIS UP, (49M, ~31M, 7C PLUS 7C)	1	0	-1.436	1	0.688
E39D	accSagittal49SmallDiesisDown	Promethean Sagittal extension (high precision) single-shaft accidentals	49 SMALL DIESIS DOWN	1.124	0	-0.688	1.124	1.436
E39C	accSagittal49SmallDiesisUp	Promethean Sagittal extension (high precision) single-shaft accidentals	49 SMALL DIESIS UP, (49S, ~31S)	1.124	0	-1.436	1.124	0.688
E3FF	accSagittal4TinasDown	Magrathean Sagittal extension (insane precision) accidental diacritics	4 TINAS DOWN, 5²⋅11²/7-SCHISMINA DOWN, 0.57 CENTS DOWN	0.996	0	0.064	0.748	0.427
E3FE	accSagittal4TinasUp	Magrathean Sagittal extension (insane precision) accidental diacritics	4 TINAS UP, 5²⋅11²/7-SCHISMINA UP, 0.57 CENTS UP	0.996	0	-0.427	0.748	-0.064
E345	accSagittal55CommaDown	Athenian Sagittal extension (medium precision) accidentals	55 COMMA DOWN, 3° DOWN [96 EDO], 3/16-TONE DOWN	0.876	0	-0.688	0.876	1.436
E344	accSagittal55CommaUp	Athenian Sagittal extension (medium precision) accidentals	55 COMMA UP, (55C, 11M LESS 5C), 3°UP [96 EDO], 3/16-TONE UP	0.876	0	-1.436	0.876	0.688
E303	accSagittal5CommaDown	Spartan Sagittal single-shaft accidentals	5 COMMA DOWN, 1° DOWN [22 27 29 34 41 46 53 96 EDOS], 1/12-TONE DOWN	0.624	0	-0.688	0.624	1.436
E302	accSagittal5CommaUp	Spartan Sagittal single-shaft accidentals	5 COMMA UP, (5C), 1° UP [22 27 29 34 41 46 53 96 EDOS], 1/12-TONE UP	0.624	0	-1.436	0.624	0.688
E401	accSagittal5TinasDown	Magrathean Sagittal extension (insane precision) accidental diacritics	5 TINAS DOWN, 7⁴/25-SCHISMINA DOWN, 0.72 CENTS DOWN	1.12	0	0.064	0.872	0.428
E400	accSagittal5TinasUp	Magrathean Sagittal extension (insane precision) accidental diacritics	5 TINAS UP, 7⁴/25-SCHISMINA UP, 0.72 CENTS UP	1.12	0	-0.428	0.872	-0.064
E349	accSagittal5v11SmallDiesisDown	Athenian Sagittal extension (medium precision) accidentals	5:11 SMALL DIESIS DOWN	1.252	0	-0.688	1.248	1.436
E348	accSagittal5v11SmallDiesisUp	Athenian Sagittal extension (medium precision) accidentals	5:11 SMALL DIESIS UP, (5:11S, ~7:13S, ~11:17S, 5:7K PLUS 7:11C)	1.248	0	-1.436	1.248	0.688
E3AD	accSagittal5v13LargeDiesisDown	Promethean Sagittal extension (high precision) single-shaft accidentals	5:13 LARGE DIESIS DOWN	1.752	0	-0.688	1.752	1.436
E3AC	accSagittal5v13LargeDiesisUp	Promethean Sagittal extension (high precision) single-shaft accidentals	5:13 LARGE DIESIS UP, (5:13L, ~37L, APOTOME LESS 5:13M)	1.748	0	-1.436	1.752	0.688
E3A1	accSagittal5v13MediumDiesisDown	Promethean Sagittal extension (high precision) single-shaft accidentals	5:13 MEDIUM DIESIS DOWN	1	0	-0.688	1	1.436
E3A0	accSagittal5v13MediumDiesisUp	Promethean Sagittal extension (high precision) single-shaft accidentals	5:13 MEDIUM DIESIS UP, (5:13M, ~37M, 5C PLUS 13C)	1	0	-1.436	1	0.688
E373	accSagittal5v19CommaDown	Trojan Sagittal extension (12-EDO relative) accidentals	5:19 COMMA DOWN, 1/20-TONE DOWN	0.624	0	-0.688	0.624	1.436
E372	accSagittal5v19CommaUp	Trojan Sagittal extension (12-EDO relative) accidentals	5:19 COMMA UP, (5:19C, 5C PLUS 19S), 1/20-TONE UP	0.624	0	-1.436	0.624	0.688
E375	accSagittal5v23SmallDiesisDown	Trojan Sagittal extension (12-EDO relative) accidentals	5:23 SMALL DIESIS DOWN, 2° DOWN [60 EDO], 1/5-TONE DOWN	1.248	0	-0.688	1.248	1.436
E374	accSagittal5v23SmallDiesisUp	Trojan Sagittal extension (12-EDO relative) accidentals	5:23 SMALL DIESIS UP, (5:23S, 5C PLUS 23C), 2° UP [60 EDO], 1/5-TONE UP	1.248	0	-1.436	1.248	0.688
E3A7	accSagittal5v49MediumDiesisDown	Promethean Sagittal extension (high precision) single-shaft accidentals	5:49 MEDIUM DIESIS DOWN	1.376	0	-0.688	1.376	1.436
E3A6	accSagittal5v49MediumDiesisUp	Promethean Sagittal extension (high precision) single-shaft accidentals	5:49 MEDIUM DIESIS UP, (5:49M, HALF APOTOME)	1.376	0	-1.436	1.376	0.688
E301	accSagittal5v7KleismaDown	Spartan Sagittal single-shaft accidentals	5:7 KLEISMA DOWN	0.628	0	-0.688	0.624	1.436
E300	accSagittal5v7KleismaUp	Spartan Sagittal single-shaft accidentals	5:7 KLEISMA UP, (5:7K, ~11:13K, 7C LESS 5C)	0.624	0	-1.436	0.624	0.688
E403	accSagittal6TinasDown	Magrathean Sagittal extension (insane precision) accidental diacritics	6 TINAS DOWN, 2 MINAS DOWN, 65/77-SCHISMINA DOWN, 0.83 CENTS DOWN	1.12	-0.028	0.064	0.872	0.425
E402	accSagittal6TinasUp	Magrathean Sagittal extension (insane precision) accidental diacritics	6 TINAS UP, 2 MINAS UP, 65/77-SCHISMINA UP, 0.83 CENTS UP	1.12	-0.028	-0.425	0.872	-0.064
E305	accSagittal7CommaDown	Spartan Sagittal single-shaft accidentals	7 COMMA DOWN, 1° DOWN [43 EDO], 2° DOWN [72 EDO], 1/6-TONE DOWN	0.624	0	-0.688	0.624	1.436
E304	accSagittal7CommaUp	Spartan Sagittal single-shaft accidentals	7 COMMA UP, (7C), 1° UP [43 EDO], 2° UP [72 EDO], 1/6-TONE UP	0.624	0	-1.436	0.624	0.688
E405	accSagittal7TinasDown	Magrathean Sagittal extension (insane precision) accidental diacritics	7 TINAS DOWN, 7/(5²⋅17)-SCHISMINA DOWN, 1.02 CENTS DOWN	1.372	0	0.064	1.124	0.427
E404	accSagittal7TinasUp	Magrathean Sagittal extension (insane precision) accidental diacritics	7 TINAS UP, 7/(5²⋅17)-SCHISMINA UP, 1.02 CENTS UP	1.372	0	-0.427	1.124	-0.064
E347	accSagittal7v11CommaDown	Athenian Sagittal extension (medium precision) accidentals	7:11 COMMA DOWN, 1° DOWN [60 EDO], 1/10-TONE DOWN	0.748	0	-0.688	0.752	1.436
E346	accSagittal7v11CommaUp	Athenian Sagittal extension (medium precision) accidentals	7:11 COMMA UP, (7:11C, ~13:17S, ~29S, 11L LESS 7C), 1° UP [60 EDO]	0.748	0	-1.436	0.752	0.688
E341	accSagittal7v11KleismaDown	Athenian Sagittal extension (medium precision) accidentals	7:11 KLEISMA DOWN	0.88	0	-0.688	0.876	1.436
E340	accSagittal7v11KleismaUp	Athenian Sagittal extension (medium precision) accidentals	7:11 KLEISMA UP, (7:11K, ~29K)	0.876	0	-1.436	0.876	0.688
E39B	accSagittal7v19CommaDown	Promethean Sagittal extension (high precision) single-shaft accidentals	7:19 COMMA DOWN	1	0	-0.688	1	1.436
E39A	accSagittal7v19CommaUp	Promethean Sagittal extension (high precision) single-shaft accidentals	7:19 COMMA UP, (7:19C, 7C LESS 19S)	1	0	-1.436	1	0.688
E407	accSagittal8TinasDown	Magrathean Sagittal extension (insane precision) accidental diacritics	8 TINAS DOWN, 11⋅17/(5²⋅7)-SCHISMINA DOWN, 1.14 CENTS DOWN	1.496	0	0.064	1.248	0.428
E406	accSagittal8TinasUp	Magrathean Sagittal extension (insane precision) accidental diacritics	8 TINAS UP, 11⋅17/(5²⋅7)-SCHISMINA UP, 1.14 CENTS UP	1.496	0	-0.428	1.248	-0.064
E409	accSagittal9TinasDown	Magrathean Sagittal extension (insane precision) accidental diacritics	9 TINAS DOWN, 1/(7²⋅11)-SCHISMINA DOWN, 1.26 CENTS DOWN	1.496	-0.028	0.064	1.248	0.425
E408	accSagittal9TinasUp	Magrathean Sagittal extension (insane precision) accidental diacritics	9 TINAS UP, 1/(7²⋅11)-SCHISMINA UP, 1.26 CENTS UP	1.496	-0.028	-0.425	1.248	-0.064
E3F2	accSagittalAcute	Herculean Sagittal extension (very high precision) accidental diacritics	ACUTE, 5 SCHISMA UP (5S), 2 CENTS UP	0.748	0	-0.248	0.5	0.5
E335	accSagittalDoubleFlat	Spartan Sagittal multi-shaft accidentals	DOUBLE FLAT, (2 APOTOMES DOWN)[ALMOST ALL EDOS], WHOLE-TONE DOWN	1.876	0	-0.688	1.876	1.436
E3E9	accSagittalDoubleFlat11v49CUp	Promethean Sagittal extension (high precision) multi-shaft accidentals	DOUBLE FLAT 11:49C-UP	1.624	0	-0.688	1.624	1.436
E3EB	accSagittalDoubleFlat143CUp	Promethean Sagittal extension (high precision) multi-shaft accidentals	DOUBLE FLAT 143C-UP	1.876	0	-0.688	1.876	1.436
E365	accSagittalDoubleFlat17CUp	Athenian Sagittal extension (medium precision) accidentals	DOUBLE FLAT 17C-UP	1.748	0	-0.688	1.752	1.436
E3ED	accSagittalDoubleFlat17kUp	Promethean Sagittal extension (high precision) multi-shaft accidentals	DOUBLE FLAT 17K-UP	1.748	0	-0.688	1.752	1.436
E3E7	accSagittalDoubleFlat19CUp	Promethean Sagittal extension (high precision) multi-shaft accidentals	DOUBLE FLAT 19C-UP	1.624	0	-0.688	1.624	1.436
E3EF	accSagittalDoubleFlat19sUp	Promethean Sagittal extension (high precision) multi-shaft accidentals	DOUBLE FLAT 19S-UP	1.748	0	-0.688	1.752	1.436
E387	accSagittalDoubleFlat23CUp	Trojan Sagittal extension (12-EDO relative) accidentals	DOUBLE FLAT 23C-UP, 14° DOWN [96 EDO], 7/8-TONE DOWN	1.624	0	-0.688	1.624	1.436
E3E1	accSagittalDoubleFlat23SUp	Promethean Sagittal extension (high precision) multi-shaft accidentals	DOUBLE FLAT 23S-UP	1.5	0	-0.688	1.5	1.436
E32D	accSagittalDoubleFlat25SUp	Spartan Sagittal multi-shaft accidentals	DOUBLE FLAT 25S-UP, 8°DOWN [53 EDO]	1.62	0	-0.688	1.624	1.436
E3E3	accSagittalDoubleFlat49SUp	Promethean Sagittal extension (high precision) multi-shaft accidentals	DOUBLE FLAT 49S-UP	1.5	0	-0.688	1.5	1.436
E363	accSagittalDoubleFlat55CUp	Athenian Sagittal extension (medium precision) accidentals	DOUBLE FLAT 55C-UP, 13° DOWN [96 EDO], 13/16-TONE DOWN	1.5	0	-0.688	1.5	1.436
E331	accSagittalDoubleFlat5CUp	Spartan Sagittal multi-shaft accidentals	DOUBLE FLAT 5C-UP, 5°[22 29] 7°[34 41] 9°53 DOWN, 11/12 TONE DOWN	1.624	0	-0.688	1.624	1.436
E35F	accSagittalDoubleFlat5v11SUp	Athenian Sagittal extension (medium precision) accidentals	DOUBLE FLAT 5:11S-UP	1.624	0	-0.688	1.624	1.436
E385	accSagittalDoubleFlat5v19CUp	Trojan Sagittal extension (12-EDO relative) accidentals	DOUBLE FLAT 5:19C-UP, 19/20-TONE DOWN	1.5	0	-0.688	1.5	1.436
E383	accSagittalDoubleFlat5v23SUp	Trojan Sagittal extension (12-EDO relative) accidentals	DOUBLE FLAT 5:23S-UP, 8° DOWN [60 EDO], 4/5-TONE DOWN	1.624	0	-0.688	1.624	1.436
E333	accSagittalDoubleFlat5v7kUp	Spartan Sagittal multi-shaft accidentals	DOUBLE FLAT 5:7K-UP	1.624	0	-0.688	1.624	1.436
E32F	accSagittalDoubleFlat7CUp	Spartan Sagittal multi-shaft accidentals	DOUBLE FLAT 7C-UP, 5° DOWN [43 EDO], 10° DOWN [72 EDO], 5/6-TONE DOWN	1.5	0	-0.688	1.5	1.436
E361	accSagittalDoubleFlat7v11CUp	Athenian Sagittal extension (medium precision) accidentals	DOUBLE FLAT 7:11C-UP, 9° DOWN [60 EDO], 9/10-TONE DOWN	1.5	0	-0.688	1.5	1.436
E367	accSagittalDoubleFlat7v11kUp	Athenian Sagittal extension (medium precision) accidentals	DOUBLE FLAT 7:11K-UP	1.748	0	-0.688	1.752	1.436
E3E5	accSagittalDoubleFlat7v19CUp	Promethean Sagittal extension (high precision) multi-shaft accidentals	DOUBLE FLAT 7:19C-UP	1.5	0	-0.688	1.5	1.436
E334	accSagittalDoubleSharp	Spartan Sagittal multi-shaft accidentals	DOUBLE SHARP, (2 APOTOMES UP)[ALMOST ALL EDOS], WHOLE-TONE UP	1.876	0	-1.436	1.876	0.688
E3E8	accSagittalDoubleSharp11v49CDown	Promethean Sagittal extension (high precision) multi-shaft accidentals	DOUBLE SHARP 11:49C-DOWN	1.624	0	-1.436	1.624	0.688
E3EA	accSagittalDoubleSharp143CDown	Promethean Sagittal extension (high precision) multi-shaft accidentals	DOUBLE SHARP 143C-DOWN	1.876	0	-1.436	1.876	0.688
E364	accSagittalDoubleSharp17CDown	Athenian Sagittal extension (medium precision) accidentals	DOUBLE SHARP 17C-DOWN	1.748	0	-1.436	1.752	0.688
E3EC	accSagittalDoubleSharp17kDown	Promethean Sagittal extension (high precision) multi-shaft accidentals	DOUBLE SHARP 17K-DOWN	1.748	0	-1.436	1.752	0.688
E3E6	accSagittalDoubleSharp19CDown	Promethean Sagittal extension (high precision) multi-shaft accidentals	DOUBLE SHARP 19C-DOWN	1.624	0	-1.436	1.624	0.688
E3EE	accSagittalDoubleSharp19sDown	Promethean Sagittal extension (high precision) multi-shaft accidentals	DOUBLE SHARP 19S-DOWN	1.748	0	-1.436	1.752	0.688
E386	accSagittalDoubleSharp23CDown	Trojan Sagittal extension (12-EDO relative) accidentals	DOUBLE SHARP 23C-DOWN, 14°UP [96 EDO], 7/8-TONE UP	1.624	0	-1.436	1.624	0.688
E3E0	accSagittalDoubleSharp23SDown	Promethean Sagittal extension (high precision) multi-shaft accidentals	DOUBLE SHARP 23S-DOWN	1.5	0	-1.436	1.5	0.688
E32C	accSagittalDoubleSharp25SDown	Spartan Sagittal multi-shaft accidentals	DOUBLE SHARP 25S-DOWN, 8°UP [53 EDO]	1.624	0	-1.436	1.624	0.688
E3E2	accSagittalDoubleSharp49SDown	Promethean Sagittal extension (high precision) multi-shaft accidentals	DOUBLE SHARP 49S-DOWN	1.5	0	-1.436	1.5	0.688
E362	accSagittalDoubleSharp55CDown	Athenian Sagittal extension (medium precision) accidentals	DOUBLE SHARP 55C-DOWN, 13° UP [96 EDO], 13/16-TONE UP	1.5	0	-1.436	1.5	0.688
E330	accSagittalDoubleSharp5CDown	Spartan Sagittal multi-shaft accidentals	DOUBLE SHARP 5C-DOWN, 5°[22 29] 7°[34 41] 9°53 UP, 11/12 TONE UP	1.624	0	-1.436	1.624	0.688
E35E	accSagittalDoubleSharp5v11SDown	Athenian Sagittal extension (medium precision) accidentals	DOUBLE SHARP 5:11S-DOWN	1.624	0	-1.436	1.624	0.688
E384	accSagittalDoubleSharp5v19CDown	Trojan Sagittal extension (12-EDO relative) accidentals	DOUBLE SHARP 5:19C-DOWN, 19/20-TONE UP	1.5	0	-1.436	1.5	0.688
E382	accSagittalDoubleSharp5v23SDown	Trojan Sagittal extension (12-EDO relative) accidentals	DOUBLE SHARP 5:23S-DOWN, 8° UP [60 EDO], 4/5-TONE UP	1.624	0	-1.436	1.624	0.688
E332	accSagittalDoubleSharp5v7kDown	Spartan Sagittal multi-shaft accidentals	DOUBLE SHARP 5:7K-DOWN	1.624	0	-1.436	1.624	0.688
E32E	accSagittalDoubleSharp7CDown	Spartan Sagittal multi-shaft accidentals	DOUBLE SHARP 7C-DOWN, 5°[43] 10°[72] UP, 5/6-TONE UP	1.5	0	-1.436	1.5	0.688
E360	accSagittalDoubleSharp7v11CDown	Athenian Sagittal extension (medium precision) accidentals	DOUBLE SHARP 7:11C-DOWN, 9° UP [60 EDO], 9/10-TONE UP	1.5	0	-1.436	1.5	0.688
E366	accSagittalDoubleSharp7v11kDown	Athenian Sagittal extension (medium precision) accidentals	DOUBLE SHARP 7:11K-DOWN	1.748	0	-1.436	1.752	0.688
E3E4	accSagittalDoubleSharp7v19CDown	Promethean Sagittal extension (high precision) multi-shaft accidentals	DOUBLE SHARP 7:19C-DOWN	1.5	0	-1.436	1.5	0.688
E319	accSagittalFlat	Spartan Sagittal multi-shaft accidentals	FLAT, (APOTOME DOWN)[ALMOST ALL EDOS], 1/2-TONE DOWN	1.624	0	-0.688	1.624	1.436
E329	accSagittalFlat11LDown	Spartan Sagittal multi-shaft accidentals	FLAT 11L-DOWN, 8° UP [46 EDO]	1.876	0	-0.688	1.876	1.436
E327	accSagittalFlat11MDown	Spartan Sagittal multi-shaft accidentals	FLAT 11M-DOWN, 3° DOWN [17 31 EDOS], 7° DOWN [46 EDO], 3/4-TONE DOWN	1.876	0	-0.688	1.876	1.436
E3DB	accSagittalFlat11v19LDown	Promethean Sagittal extension (high precision) multi-shaft accidentals	FLAT 11:19L-DOWN	1.748	0	-0.688	1.752	1.436
E3D3	accSagittalFlat11v19MDown	Promethean Sagittal extension (high precision) multi-shaft accidentals	FLAT 11:19M-DOWN	1.748	0	-0.688	1.752	1.436
E3C7	accSagittalFlat11v49CDown	Promethean Sagittal extension (high precision) multi-shaft accidentals	FLAT 11:49C-DOWN	1.248	0	-0.688	1.248	1.436
E3B9	accSagittalFlat11v49CUp	Promethean Sagittal extension (high precision) multi-shaft accidentals	FLAT 11:49C-UP	1.376	0	-0.688	1.376	1.436
E3C5	accSagittalFlat143CDown	Promethean Sagittal extension (high precision) multi-shaft accidentals	FLAT 143C-DOWN	1.248	0	-0.688	1.248	1.436
E3BB	accSagittalFlat143CUp	Promethean Sagittal extension (high precision) multi-shaft accidentals	FLAT 143C-UP	1.624	0	-0.688	1.624	1.436
E357	accSagittalFlat17CDown	Athenian Sagittal extension (medium precision) accidentals	FLAT 17C-DOWN	1.624	0	-0.688	1.624	1.436
E351	accSagittalFlat17CUp	Athenian Sagittal extension (medium precision) accidentals	FLAT 17C-UP	1.5	0	-0.688	1.5	1.436
E3C3	accSagittalFlat17kDown	Promethean Sagittal extension (high precision) multi-shaft accidentals	FLAT 17K-DOWN	1.248	0	-0.688	1.248	1.436
E3BD	accSagittalFlat17kUp	Promethean Sagittal extension (high precision) multi-shaft accidentals	FLAT 17K-UP	1.248	0	-0.688	1.248	1.436
E3C9	accSagittalFlat19CDown	Promethean Sagittal extension (high precision) multi-shaft accidentals	FLAT 19C-DOWN	1.5	0	-0.688	1.5	1.436
E3B7	accSagittalFlat19CUp	Promethean Sagittal extension (high precision) multi-shaft accidentals	FLAT 19C-UP	1.124	0	-0.688	1.124	1.436
E3C1	accSagittalFlat19sDown	Promethean Sagittal extension (high precision) multi-shaft accidentals	FLAT 19S-DOWN	1.128	0	-0.688	1.124	1.436
E3BF	accSagittalFlat19sUp	Promethean Sagittal extension (high precision) multi-shaft accidentals	FLAT 19S-UP	1.624	0	-0.688	1.624	1.436
E37D	accSagittalFlat23CDown	Trojan Sagittal extension (12-EDO relative) accidentals	FLAT 23C-DOWN, 10° DOWN [96 EDO], 5/8-TONE DOWN	1.376	0	-0.688	1.376	1.436
E37B	accSagittalFlat23CUp	Trojan Sagittal extension (12-EDO relative) accidentals	FLAT 23C-UP, 6° DOWN [96 EDO], 3/8-TONE DOWN	1.5	0	-0.688	1.5	1.436
E3CF	accSagittalFlat23SDown	Promethean Sagittal extension (high precision) multi-shaft accidentals	FLAT 23S-DOWN	1.876	0	-0.688	1.876	1.436
E3B1	accSagittalFlat23SUp	Promethean Sagittal extension (high precision) multi-shaft accidentals	FLAT 23S-UP	1	0	-0.688	1	1.436
E323	accSagittalFlat25SDown	Spartan Sagittal multi-shaft accidentals	FLAT 25S-DOWN, 7° DOWN [53 EDO]	1.5	0	-0.688	1.5	1.436
E311	accSagittalFlat25SUp	Spartan Sagittal multi-shaft accidentals	FLAT 25S-UP, 3° DOWN [53 EDO]	1.38	0	-0.688	1.376	1.436
E32B	accSagittalFlat35LDown	Spartan Sagittal multi-shaft accidentals	FLAT 35L-DOWN, 5° DOWN [50 EDO]	2	0	-0.688	2	1.436
E325	accSagittalFlat35MDown	Spartan Sagittal multi-shaft accidentals	FLAT 35M-DOWN, 4° DOWN [50 EDO], 6° DOWN [27 EDO], 13/18-TONE DOWN	1.624	0	-0.688	1.624	1.436
E3D9	accSagittalFlat49LDown	Promethean Sagittal extension (high precision) multi-shaft accidentals	FLAT 49L-DOWN	1.624	0	-0.688	1.624	1.436
E3D5	accSagittalFlat49MDown	Promethean Sagittal extension (high precision) multi-shaft accidentals	FLAT 49M-DOWN	1.5	0	-0.688	1.5	1.436
E3CD	accSagittalFlat49SDown	Promethean Sagittal extension (high precision) multi-shaft accidentals	FLAT 49S-DOWN	1.624	0	-0.688	1.624	1.436
E3B3	accSagittalFlat49SUp	Promethean Sagittal extension (high precision) multi-shaft accidentals	FLAT 49S-UP	1	0	-0.688	1	1.436
E359	accSagittalFlat55CDown	Athenian Sagittal extension (medium precision) accidentals	FLAT 55C-DOWN, 11° DOWN [96 EDO], 11/16-TONE DOWN	1.376	0	-0.688	1.376	1.436
E34F	accSagittalFlat55CUp	Athenian Sagittal extension (medium precision) accidentals	FLAT 55C-UP, 5° DOWN [96 EDO], 5/16-TONE DOWN	1	0	-0.688	1	1.436
E31F	accSagittalFlat5CDown	Spartan Sagittal multi-shaft accidentals	FLAT 5C-DOWN, 4°[22 29] 5°[27 34 41] 6°[39 46 53] DOWN, 7/12-TONE DOWN	1.248	0	-0.688	1.248	1.436
E315	accSagittalFlat5CUp	Spartan Sagittal multi-shaft accidentals	FLAT 5C-UP, 2°[22 29] 3°[27 34 41] 4°[39 46 53] 5°72 7°[96] DOWN, 5/12-TONE DOWN	1.124	0	-0.688	1.124	1.436
E35D	accSagittalFlat5v11SDown	Athenian Sagittal extension (medium precision) accidentals	FLAT 5:11S-DOWN	1.748	0	-0.688	1.752	1.436
E34B	accSagittalFlat5v11SUp	Athenian Sagittal extension (medium precision) accidentals	FLAT 5:11S-UP	1.376	0	-0.688	1.376	1.436
E3DD	accSagittalFlat5v13LDown	Promethean Sagittal extension (high precision) multi-shaft accidentals	FLAT 5:13L-DOWN	2	0	-0.688	2	1.436
E3D1	accSagittalFlat5v13MDown	Promethean Sagittal extension (high precision) multi-shaft accidentals	FLAT 5:13M-DOWN	1.5	0	-0.688	1.5	1.436
E37F	accSagittalFlat5v19CDown	Trojan Sagittal extension (12-EDO relative) accidentals	FLAT 5:19C-DOWN, 11/20-TONE DOWN	1.248	0	-0.688	1.248	1.436
E379	accSagittalFlat5v19CUp	Trojan Sagittal extension (12-EDO relative) accidentals	FLAT 5:19C-UP, 9/20-TONE DOWN	1.252	0	-0.688	1.248	1.436
E381	accSagittalFlat5v23SDown	Trojan Sagittal extension (12-EDO relative) accidentals	FLAT 5:23S-DOWN, 7° DOWN [60 EDO], 7/10-TONE DOWN	1.624	0	-0.688	1.624	1.436
E377	accSagittalFlat5v23SUp	Trojan Sagittal extension (12-EDO relative) accidentals	FLAT 5:23S-UP, 3° DOWN [60 EDO], 3/10-TONE DOWN	1.124	0	-0.688	1.124	1.436
E3D7	accSagittalFlat5v49MDown	Promethean Sagittal extension (high precision) multi-shaft accidentals	FLAT 5:49M-DOWN	1.876	0	-0.688	1.876	1.436
E31D	accSagittalFlat5v7kDown	Spartan Sagittal multi-shaft accidentals	FLAT 5:7K-DOWN	1.248	0	-0.688	1.248	1.444
E317	accSagittalFlat5v7kUp	Spartan Sagittal multi-shaft accidentals	FLAT 5:7K-UP	1.376	0	-0.688	1.376	1.436
E321	accSagittalFlat7CDown	Spartan Sagittal multi-shaft accidentals	FLAT 7C-DOWN, 4° DOWN [43 EDO], 8° DOWN [72 EDO], 2/3-TONE DOWN	1.248	0	-0.688	1.248	1.436
E313	accSagittalFlat7CUp	Spartan Sagittal multi-shaft accidentals	FLAT 7C-UP, 2° DOWN [43 EDO], 4° DOWN [72 EDO], 1/3-TONE DOWN	1	0	-0.688	1	1.436
E35B	accSagittalFlat7v11CDown	Athenian Sagittal extension (medium precision) accidentals	FLAT 7:11C-DOWN, 6° DOWN [60 EDO], 3/5- TONE DOWN	1.376	0	-0.688	1.376	1.436
E34D	accSagittalFlat7v11CUp	Athenian Sagittal extension (medium precision) accidentals	FLAT 7:11C-UP, 4° DOWN [60 EDO], 2/5-TONE DOWN	1.376	0	-0.688	1.376	1.436
E355	accSagittalFlat7v11kDown	Athenian Sagittal extension (medium precision) accidentals	FLAT 7:11K-DOWN	1.62	0	-0.688	1.624	1.436
E353	accSagittalFlat7v11kUp	Athenian Sagittal extension (medium precision) accidentals	FLAT 7:11K-UP	1.248	0	-0.688	1.248	1.436
E3CB	accSagittalFlat7v19CDown	Promethean Sagittal extension (high precision) multi-shaft accidentals	FLAT 7:19C-DOWN	1.5	0	-0.688	1.5	1.436
E3B5	accSagittalFlat7v19CUp	Promethean Sagittal extension (high precision) multi-shaft accidentals	FLAT 7:19C-UP	1	0	-0.688	1	1.436
E40B	accSagittalFractionalTinaDown	Magrathean Sagittal extension (insane precision) accidental diacritics	FRACTIONAL TINA DOWN, 77/(5⋅37)-SCHISMINA DOWN, 0.08 CENTS DOWN	0.388	-0.012	0.292	0.14	0.444
E40A	accSagittalFractionalTinaUp	Magrathean Sagittal extension (insane precision) accidental diacritics	FRACTIONAL TINA UP, 77/(5⋅37)-SCHISMINA UP, 0.08 CENTS UP	0.388	-0.012	-0.444	0.14	-0.292
E3F3	accSagittalGrave	Herculean Sagittal extension (very high precision) accidental diacritics	GRAVE, 5 SCHISMA DOWN, 2 CENTS DOWN	0.748	0	-0.5	0.5	0.248
E3F1	accSagittalShaftDown	Herculean Sagittal extension (very high precision) accidental diacritics	SHAFT DOWN, (NATURAL FOR USE WITH ONLY DIACRITICS DOWN)	0.124	0	-0.688	0.124	1.436
E3F0	accSagittalShaftUp	Herculean Sagittal extension (very high precision) accidental diacritics	SHAFT UP, (NATURAL FOR USE WITH ONLY DIACRITICS UP)	0.124	0	-1.436	0.124	0.688
E318	accSagittalSharp	Spartan Sagittal multi-shaft accidentals	SHARP, (APOTOME UP)[ALMOST ALL EDOS], 1/2-TONE UP	1.624	0	-1.436	1.624	0.688
E328	accSagittalSharp11LUp	Spartan Sagittal multi-shaft accidentals	SHARP 11L-UP, 8° UP [46 EDO]	1.876	0	-1.436	1.876	0.688
E326	accSagittalSharp11MUp	Spartan Sagittal multi-shaft accidentals	SHARP 11M-UP, 3° UP [17 31 EDOS], 7° UP [46 EDO], 3/4-TONE UP	1.876	0	-1.436	1.876	0.688
E3DA	accSagittalSharp11v19LUp	Promethean Sagittal extension (high precision) multi-shaft accidentals	SHARP 11:19L-UP	1.748	0	-1.436	1.752	0.688
E3D2	accSagittalSharp11v19MUp	Promethean Sagittal extension (high precision) multi-shaft accidentals	SHARP 11:19M-UP	1.748	0	-1.436	1.752	0.688
E3B8	accSagittalSharp11v49CDown	Promethean Sagittal extension (high precision) multi-shaft accidentals	SHARP 11:49C-DOWN	1.376	0	-1.436	1.376	0.688
E3C6	accSagittalSharp11v49CUp	Promethean Sagittal extension (high precision) multi-shaft accidentals	SHARP 11:49C-UP	1.248	0	-1.436	1.248	0.688
E3BA	accSagittalSharp143CDown	Promethean Sagittal extension (high precision) multi-shaft accidentals	SHARP 143C-DOWN	1.624	0	-1.436	1.624	0.688
E3C4	accSagittalSharp143CUp	Promethean Sagittal extension (high precision) multi-shaft accidentals	SHARP 143C-UP	1.248	0	-1.436	1.248	0.688
E350	accSagittalSharp17CDown	Athenian Sagittal extension (medium precision) accidentals	SHARP 17C-DOWN	1.5	0	-1.436	1.5	0.688
E356	accSagittalSharp17CUp	Athenian Sagittal extension (medium precision) accidentals	SHARP 17C-UP	1.624	0	-1.436	1.624	0.688
E3BC	accSagittalSharp17kDown	Promethean Sagittal extension (high precision) multi-shaft accidentals	SHARP 17K-DOWN	1.248	0	-1.436	1.248	0.688
E3C2	accSagittalSharp17kUp	Promethean Sagittal extension (high precision) multi-shaft accidentals	SHARP 17K-UP	1.248	0	-1.436	1.248	0.688
E3B6	accSagittalSharp19CDown	Promethean Sagittal extension (high precision) multi-shaft accidentals	SHARP 19C-DOWN	1.128	0	-1.436	1.124	0.688
E3C8	accSagittalSharp19CUp	Promethean Sagittal extension (high precision) multi-shaft accidentals	SHARP 19C-UP	1.5	0	-1.436	1.5	0.688
E3BE	accSagittalSharp19sDown	Promethean Sagittal extension (high precision) multi-shaft accidentals	SHARP 19S-DOWN	1.624	0	-1.436	1.624	0.688
E3C0	accSagittalSharp19sUp	Promethean Sagittal extension (high precision) multi-shaft accidentals	SHARP 19S-UP	1.124	0	-1.436	1.124	0.688
E37A	accSagittalSharp23CDown	Trojan Sagittal extension (12-EDO relative) accidentals	SHARP 23C-DOWN, 6° UP [96 EDO], 3/8-TONE UP	1.5	0	-1.436	1.5	0.688
E37C	accSagittalSharp23CUp	Trojan Sagittal extension (12-EDO relative) accidentals	SHARP 23C-UP, 10° UP [96 EDO], 5/8-TONE UP	1.376	0	-1.436	1.376	0.688
E3B0	accSagittalSharp23SDown	Promethean Sagittal extension (high precision) multi-shaft accidentals	SHARP 23S-DOWN	1	0	-1.436	1	0.688
E3CE	accSagittalSharp23SUp	Promethean Sagittal extension (high precision) multi-shaft accidentals	SHARP 23S-UP	1.876	0	-1.436	1.876	0.688
E310	accSagittalSharp25SDown	Spartan Sagittal multi-shaft accidentals	SHARP 25S-DOWN, 3° UP [53 EDO]	1.376	0	-1.436	1.376	0.688
E322	accSagittalSharp25SUp	Spartan Sagittal multi-shaft accidentals	SHARP 25S-UP, 7° UP [53 EDO]	1.5	0	-1.436	1.5	0.688
E32A	accSagittalSharp35LUp	Spartan Sagittal multi-shaft accidentals	SHARP 35L-UP, 5° UP [50 EDO]	2	0	-1.436	2	0.688
E324	accSagittalSharp35MUp	Spartan Sagittal multi-shaft accidentals	SHARP 35M-UP, 4° UP [50 EDO], 6° UP [27 EDO], 13/18-TONE UP	1.624	0	-1.436	1.624	0.688
E3D8	accSagittalSharp49LUp	Promethean Sagittal extension (high precision) multi-shaft accidentals	SHARP 49L-UP	1.624	0	-1.436	1.624	0.688
E3D4	accSagittalSharp49MUp	Promethean Sagittal extension (high precision) multi-shaft accidentals	SHARP 49M-UP	1.5	0	-1.436	1.5	0.688
E3B2	accSagittalSharp49SDown	Promethean Sagittal extension (high precision) multi-shaft accidentals	SHARP 49S-DOWN	1	0	-1.436	1	0.688
E3CC	accSagittalSharp49SUp	Promethean Sagittal extension (high precision) multi-shaft accidentals	SHARP 49S-UP	1.624	0	-1.436	1.624	0.688
E34E	accSagittalSharp55CDown	Athenian Sagittal extension (medium precision) accidentals	SHARP 55C-DOWN, 5° UP [96 EDO], 5/16-TONE UP	1	0	-1.436	1	0.688
E358	accSagittalSharp55CUp	Athenian Sagittal extension (medium precision) accidentals	SHARP 55C-UP, 11° UP [96 EDO], 11/16-TONE UP	1.376	0	-1.436	1.376	0.688
E314	accSagittalSharp5CDown	Spartan Sagittal multi-shaft accidentals	SHARP 5C-DOWN, 2°[22 29] 3°[27 34 41] 4°[39 46 53] 5°[72] 7°[96] UP, 5/12-TONE UP	1.124	0	-1.436	1.124	0.688
E31E	accSagittalSharp5CUp	Spartan Sagittal multi-shaft accidentals	SHARP 5C-UP, 4°[22 29] 5°[27 34 41] 6°[39 46 53] UP, 7/12-TONE UP	1.248	0	-1.436	1.248	0.688
E34A	accSagittalSharp5v11SDown	Athenian Sagittal extension (medium precision) accidentals	SHARP 5:11S-DOWN	1.376	0	-1.436	1.376	0.688
E35C	accSagittalSharp5v11SUp	Athenian Sagittal extension (medium precision) accidentals	SHARP 5:11S-UP	1.748	0	-1.436	1.752	0.688
E3DC	accSagittalSharp5v13LUp	Promethean Sagittal extension (high precision) multi-shaft accidentals	SHARP 5:13L-UP	2	0	-1.436	2	0.688
E3D0	accSagittalSharp5v13MUp	Promethean Sagittal extension (high precision) multi-shaft accidentals	SHARP 5:13M-UP	1.5	0	-1.436	1.5	0.688
E378	accSagittalSharp5v19CDown	Trojan Sagittal extension (12-EDO relative) accidentals	SHARP 5:19C-DOWN, 9/20-TONE UP	1.248	0	-1.436	1.248	0.688
E37E	accSagittalSharp5v19CUp	Trojan Sagittal extension (12-EDO relative) accidentals	SHARP 5:19C-UP, 11/20-TONE UP	1.248	0	-1.436	1.248	0.688
E376	accSagittalSharp5v23SDown	Trojan Sagittal extension (12-EDO relative) accidentals	SHARP 5:23S-DOWN, 3° UP [60 EDO], 3/10-TONE UP	1.124	0	-1.436	1.124	0.688
E380	accSagittalSharp5v23SUp	Trojan Sagittal extension (12-EDO relative) accidentals	SHARP 5:23S-UP, 7° UP [60 EDO], 7/10-TONE UP	1.624	0	-1.436	1.624	0.688
E3D6	accSagittalSharp5v49MUp	Promethean Sagittal extension (high precision) multi-shaft accidentals	SHARP 5:49M-UP, (ONE AND A HALF APOTOMES)	1.876	0	-1.436	1.876	0.688
E316	accSagittalSharp5v7kDown	Spartan Sagittal multi-shaft accidentals	SHARP 5:7K-DOWN	1.376	0	-1.436	1.376	0.688
E31C	accSagittalSharp5v7kUp	Spartan Sagittal multi-shaft accidentals	SHARP 5:7K-UP	1.248	0	-1.444	1.248	0.688
E312	accSagittalSharp7CDown	Spartan Sagittal multi-shaft accidentals	SHARP 7C-DOWN, 2° UP [43 EDO], 4° UP [72 EDO], 1/3-TONE UP	1	0	-1.436	1	0.688
E320	accSagittalSharp7CUp	Spartan Sagittal multi-shaft accidentals	SHARP 7C-UP, 4° UP [43 EDO], 8° UP [72 EDO], 2/3-TONE UP	1.248	0	-1.436	1.248	0.688
E34C	accSagittalSharp7v11CDown	Athenian Sagittal extension (medium precision) accidentals	SHARP 7:11C-DOWN, 4° UP [60 EDO], 2/5-TONE UP	1.376	0	-1.436	1.376	0.688
E35A	accSagittalSharp7v11CUp	Athenian Sagittal extension (medium precision) accidentals	SHARP 7:11C-UP, 6° UP [60 EDO], 3/5- TONE UP	1.376	0	-1.436	1.376	0.688
E352	accSagittalSharp7v11kDown	Athenian Sagittal extension (medium precision) accidentals	SHARP 7:11K-DOWN	1.248	0	-1.436	1.248	0.688
E354	accSagittalSharp7v11kUp	Athenian Sagittal extension (medium precision) accidentals	SHARP 7:11K-UP	1.624	0	-1.436	1.624	0.688
E3B4	accSagittalSharp7v19CDown	Promethean Sagittal extension (high precision) multi-shaft accidentals	SHARP 7:19C-DOWN	1	0	-1.436	1	0.688
E3CA	accSagittalSharp7v19CUp	Promethean Sagittal extension (high precision) multi-shaft accidentals	SHARP 7:19C-UP	1.5	0	-1.436	1.5	0.688
E8CA	accdnCombDot	Accordion	COMBINING ACCORDION COUPLER DOT	0.496	0	0	0.496	0.496
E8C8	accdnCombLH2RanksEmpty	Accordion	COMBINING LEFT HAND, 2 RANKS, EMPTY	3.128	0	0	3.128	3.128
E8C9	accdnCombLH3RanksEmptySquare	Accordion	COMBINING LEFT HAND, 3 RANKS, EMPTY (SQUARE)	2.552	0	0	2.552	3.136
E8C6	accdnCombRH3RanksEmpty	Accordion	COMBINING RIGHT HAND, 3 RANKS, EMPTY	3.128	0	0	3.128	3.128
E8C7	accdnCombRH4RanksEmpty	Accordion	COMBINING RIGHT HAND, 4 RANKS, EMPTY	3.128	0	0	3.128	3.128
E079	accdnDiatonicClef	Clefs	DIATONIC ACCORDION CLEF	1.136	0	-1.852	1.136	1.864
E8BC	accdnLH2Ranks16Round	Accordion	LEFT HAND, 2 RANKS, 16' STOP (ROUND)	3.132	0	0	3.128	3.128
E8BD	accdnLH2Ranks8Plus16Round	Accordion	LEFT HAND, 2 RANKS, 8' STOP + 16' STOP (ROUND)	3.14	0	0	3.128	3.128
E8BB	accdnLH2Ranks8Round	Accordion	LEFT HAND, 2 RANKS, 8' STOP (ROUND)	3.124	0	0	3.128	3.128
E8C0	accdnLH2RanksFullMasterRound	Accordion	LEFT HAND, 2 RANKS, FULL MASTER (ROUND)	3.128	0	0	3.128	3.128
E8BF	accdnLH2RanksMasterPlus16Round	Accordion	LEFT HAND, 2 RANKS, MASTER + 16' STOP (ROUND)	3.128	0	0	3.128	3.128
E8BE	accdnLH2RanksMasterRound	Accordion	LEFT HAND, 2 RANKS, MASTER (ROUND)	3.124	0	0	3.128	3.128
E8C4	accdnLH3Ranks2Plus8Square	Accordion	LEFT HAND, 3 RANKS, 2' STOP + 8' STOP (SQUARE)	2.568	0	0	2.552	3.136
E8C2	accdnLH3Ranks2Square	Accordion	LEFT HAND, 3 RANKS, 2' STOP (SQUARE)	2.568	0	0	2.552	3.136
E8C1	accdnLH3Ranks8Square	Accordion	LEFT HAND, 3 RANKS, 8' STOP (SQUARE)	2.556	0	0	2.552	3.136
E8C3	accdnLH3RanksDouble8Square	Accordion	LEFT HAND, 3 RANKS, DOUBLE 8' STOP (SQUARE)	2.568	0	0	2.552	3.136
E8C5	accdnLH3RanksTuttiSquare	Accordion	LEFT HAND, 3 RANKS, 2' STOP + DOUBLE 8' STOP (TUTTI) (SQUARE)	2.568	0	0	2.552	3.136
E8CC	accdnPull	Accordion	PULL	0.92	0	0	0.92	2.3
E8CB	accdnPush	Accordion	PUSH	0.92	0	0	0.92	2.3
E8AC	accdnRH3RanksAccordion	Accordion	RIGHT HAND, 3 RANKS, 8' STOP + UPPER TREMOLO 8' STOP + 16' STOP (ACCORDION)	3.124	0	0	3.128	3.128
E8A8	accdnRH3RanksAuthenticMusette	Accordion	RIGHT HAND, 3 RANKS, LOWER TREMOLO 8' STOP + 8' STOP + UPPER TREMOLO 8' STOP (AUTHENTIC MUSETTE)	3.124	0	0	3.128	3.128
E8AB	accdnRH3RanksBandoneon	Accordion	RIGHT HAND, 3 RANKS, 8' STOP + 16' STOP (BANDONEÓN)	3.124	0	0	3.128	3.128
E8A4	accdnRH3RanksBassoon	Accordion	RIGHT HAND, 3 RANKS, 16' STOP (BASSOON)	3.124	0	0	3.128	3.128
E8A1	accdnRH3RanksClarinet	Accordion	RIGHT HAND, 3 RANKS, 8' STOP (CLARINET)	3.124	0	0	3.128	3.128
E8B1	accdnRH3RanksDoubleTremoloLower8ve	Accordion	RIGHT HAND, 3 RANKS, LOWER TREMOLO 8' STOP + 8' STOP + UPPER TREMOLO 8' STOP + 16' STOP	3.128	0	0	3.128	3.128
E8B2	accdnRH3RanksDoubleTremoloUpper8ve	Accordion	RIGHT HAND, 3 RANKS, 4' STOP + LOWER TREMOLO 8' STOP + 8' STOP + UPPER TREMOLO 8' STOP	3.128	0	0	3.128	3.128
E8B3	accdnRH3RanksFullFactory	Accordion	RIGHT HAND, 3 RANKS, 4' STOP + LOWER TREMOLO 8' STOP + 8' STOP + UPPER TREMOLO 8' STOP + 16' STOP	3.128	0	0	3.128	3.128
E8AA	accdnRH3RanksHarmonium	Accordion	RIGHT HAND, 3 RANKS, 4' STOP + 8' STOP + 16' STOP (HARMONIUM)	3.136	0	0	3.128	3.128
E8A7	accdnRH3RanksImitationMusette	Accordion	RIGHT HAND, 3 RANKS, 4' STOP + 8' STOP + UPPER TREMOLO 8' STOP (IMITATION MUSETTE)	3.124	0	0	3.128	3.128
E8A3	accdnRH3RanksLowerTremolo8	Accordion	RIGHT HAND, 3 RANKS, LOWER TREMOLO 8' STOP	3.136	0	0	3.128	3.128
E8AD	accdnRH3RanksMaster	Accordion	RIGHT HAND, 3 RANKS, 4' STOP + LOWER TREMOLO 8' STOP + UPPER TREMOLO 8' STOP + 16' STOP (MASTER)	3.124	0	0	3.128	3.128
E8A5	accdnRH3RanksOboe	Accordion	RIGHT HAND, 3 RANKS, 4' STOP + 8' STOP (OBOE)	3.136	0	0	3.128	3.128
E8A9	accdnRH3RanksOrgan	Accordion	RIGHT HAND, 3 RANKS, 4' STOP + 16' STOP (ORGAN)	3.136	0	0	3.128	3.128
E8A0	accdnRH3RanksPiccolo	Accordion	RIGHT HAND, 3 RANKS, 4' STOP (PICCOLO)	3.124	0	0	3.128	3.128
E8AF	accdnRH3RanksTremoloLower8ve	Accordion	RIGHT HAND, 3 RANKS, LOWER TREMOLO 8' STOP + UPPER TREMOLO 8' STOP + 16' STOP	3.128	0	0	3.128	3.128
E8B0	accdnRH3RanksTremoloUpper8ve	Accordion	RIGHT HAND, 3 RANKS, 4' STOP + LOWER TREMOLO 8' STOP + UPPER TREMOLO 8' STOP	3.128	0	0	3.128	3.128
E8AE	accdnRH3RanksTwoChoirs	Accordion	RIGHT HAND, 3 RANKS, LOWER TREMOLO 8' STOP + UPPER TREMOLO 8' STOP	3.124	0	0	3.128	3.128
E8A2	accdnRH3RanksUpperTremolo8	Accordion	RIGHT HAND, 3 RANKS, UPPER TREMOLO 8' STOP	3.136	0	0	3.128	3.128
E8A6	accdnRH3RanksViolin	Accordion	RIGHT HAND, 3 RANKS, 8' STOP + UPPER TREMOLO 8' STOP (VIOLIN)	3.136	0	0	3.128	3.128
E8B5	accdnRH4RanksAlto	Accordion	RIGHT HAND, 4 RANKS, ALTO	3.136	0	0	3.128	3.128
E8BA	accdnRH4RanksBassAlto	Accordion	RIGHT HAND, 4 RANKS, BASS/ALTO	3.164	0	0	3.128	3.128
E8B7	accdnRH4RanksMaster	Accordion	RIGHT HAND, 4 RANKS, MASTER	3.128	0	0	3.128	3.128
E8B8	accdnRH4RanksSoftBass	Accordion	RIGHT HAND, 4 RANKS, SOFT BASS	3.128	0	0	3.128	3.128
E8B9	accdnRH4RanksSoftTenor	Accordion	RIGHT HAND, 4 RANKS, SOFT TENOR	3.124	0	0	3.128	3.128
E8B4	accdnRH4RanksSoprano	Accordion	RIGHT HAND, 4 RANKS, SOPRANO	3.124	0	0	3.128	3.128
E8B6	accdnRH4RanksTenor	Accordion	RIGHT HAND, 4 RANKS, TENOR	3.124	0	0	3.128	3.128
E8CD	accdnRicochet2	Accordion	RICOCHET (2 TONES)	1.552	0	0	1.552	2.94
E8CE	accdnRicochet3	Accordion	RICOCHET (3 TONES)	1.832	0	0	1.832	2.94
E8CF	accdnRicochet4	Accordion	RICOCHET (4 TONES)	2.512	0	0	2.512	2.94
E8D0	accdnRicochet5	Accordion	RICOCHET (5 TONES)	3.072	0	0	3.072	2.94
E8D1	accdnRicochet6	Accordion	RICOCHET (6 TONES)	3.752	0	0	3.752	2.94
E8D2	accdnRicochetStem2	Accordion	COMBINING RICOCHET FOR STEM (2 TONES)	0.752	-0.76	-0.564	0.752	0.568
E8D3	accdnRicochetStem3	Accordion	COMBINING RICOCHET FOR STEM (3 TONES)	0.776	-0.768	-0.744	0.78	0.744
E8D4	accdnRicochetStem4	Accordion	COMBINING RICOCHET FOR STEM (4 TONES)	0.776	-0.772	-0.976	0.776	0.96
E8D5	accdnRicochetStem5	Accordion	COMBINING RICOCHET FOR STEM (5 TONES)	0.776	-0.772	-1.184	0.776	1.188
E8D6	accdnRicochetStem6	Accordion	COMBINING RICOCHET FOR STEM (6 TONES)	0.768	-0.776	-1.4	0.772	1.424
E454	accidental1CommaFlat	Turkish folk music accidentals	1-COMMA FLAT	1.008	0	-0.7	1.076	1.976
E450	accidental1CommaSharp	Turkish folk music accidentals	1-COMMA SHARP	1.536	0	-1.392	1.58	2.076
E455	accidental2CommaFlat	Turkish folk music accidentals	2-COMMA FLAT	1.284	0	-0.7	1.368	1.944
E451	accidental2CommaSharp	Turkish folk music accidentals	2-COMMA SHARP	1.812	0	-1.392	1.9	2.068
E456	accidental3CommaFlat	Turkish folk music accidentals	3-COMMA FLAT	1.208	0	-0.7	1.276	1.912
E452	accidental3CommaSharp	Turkish folk music accidentals	3-COMMA SHARP	1.736	0	-1.392	1.828	2.044
E457	accidental4CommaFlat	Turkish folk music accidentals	4-COMMA FLAT	1.284	0	-0.7	1.368	1.968
E453	accidental5CommaSharp	Turkish folk music accidentals	5-COMMA SHARP	1.788	0	-1.392	1.828	2.04
E27B	accidentalArrowDown	Gould arrow quartertone accidentals (24-EDO)	ARROW DOWN (LOWER BY ONE QUARTER-TONE)	0.74	0	-0.508	0.74	1.552
E27A	accidentalArrowUp	Gould arrow quartertone accidentals (24-EDO)	ARROW UP (RAISE BY ONE QUARTER-TONE)	0.74	0	-0.5	0.74	1.56
E442	accidentalBakiyeFlat	Arel-Ezgi-Uzdilek (AEU) accidentals	BAKIYE (FLAT)	1.148	-0.004	-0.7	1.144	1.756
E445	accidentalBakiyeSharp	Arel-Ezgi-Uzdilek (AEU) accidentals	BAKIYE (SHARP)	1	0	-1.392	0.996	1.4
E26C	accidentalBracketLeft	Standard accidentals (12-EDO)	ACCIDENTAL BRACKET, LEFT	0.308	0	-0.748	0.308	0.752
E26D	accidentalBracketRight	Standard accidentals (12-EDO)	ACCIDENTAL BRACKET, RIGHT	0.308	0	-0.748	0.308	0.752
E440	accidentalBuyukMucennebFlat	Arel-Ezgi-Uzdilek (AEU) accidentals	BÜYÜK MÜCENNEB (FLAT)	1.148	0.004	-0.696	1.148	1.752
E447	accidentalBuyukMucennebSharp	Arel-Ezgi-Uzdilek (AEU) accidentals	BÜYÜK MÜCENNEB (SHARP)	1.372	0	-1.4	1.364	1.392
E2EF	accidentalCombiningCloseCurlyBrace	Extended Helmholtz-Ellis accidentals (just intonation)	COMBINING CLOSE CURLY BRACE	0.552	0	-0.492	0.548	1.328
E2E6	accidentalCombiningLower17Schisma	Extended Helmholtz-Ellis accidentals (just intonation)	COMBINING LOWER BY ONE 17-LIMIT SCHISMA	0.796	0	-0.704	0.792	0.68
E2E8	accidentalCombiningLower19Schisma	Extended Helmholtz-Ellis accidentals (just intonation)	COMBINING LOWER BY ONE 19-LIMIT SCHISMA	0.796	0	-0.388	0.792	0.368
E2EA	accidentalCombiningLower23Limit29LimitComma	Extended Helmholtz-Ellis accidentals (just intonation)	COMBINING LOWER BY ONE 23-LIMIT COMMA	0.98	0	-0.5	0.989	1.179
EE50	accidentalCombiningLower29LimitComma	Extended Helmholtz-Ellis accidentals (just intonation) supplement	COMBINING LOWER BY ONE 29-LIMIT COMMA	1.424	0.001	-1.322	1.42	1.021
E2EC	accidentalCombiningLower31Schisma	Extended Helmholtz-Ellis accidentals (just intonation)	COMBINING LOWER BY ONE 31-LIMIT SCHISMA	1.168	0	-1.748	1.165	1.618
EE52	accidentalCombiningLower37Quartertone	Extended Helmholtz-Ellis accidentals (just intonation) supplement	COMBINING LOWER BY ONE 37-LIMIT QUARTERTONE	1.196	0	-1.308	1.193	2.69
EE54	accidentalCombiningLower41Comma	Extended Helmholtz-Ellis accidentals (just intonation) supplement	COMBINING LOWER BY ONE 41-LIMIT COMMA	1.188	0	0.152	1.188	0.332
EE56	accidentalCombiningLower43Comma	Extended Helmholtz-Ellis accidentals (just intonation) supplement	COMBINING LOWER BY ONE 43-LIMIT COMMA	1.416	0.004	-0.022	1.413	1.191
EE58	accidentalCombiningLower47Quartertone	Extended Helmholtz-Ellis accidentals (just intonation) supplement	COMBINING LOWER BY ONE 47-LIMIT QUARTERTONE	0.96	0	-0.74	0.958	2.497
E2F7	accidentalCombiningLower53LimitComma	Extended Helmholtz-Ellis accidentals (just intonation)	COMBINING LOWER BY ONE 53-LIMIT COMMA	0.792	0	-0.984	0.792	0.988
E2EE	accidentalCombiningOpenCurlyBrace	Extended Helmholtz-Ellis accidentals (just intonation)	COMBINING OPEN CURLY BRACE	0.552	0	-0.492	0.548	1.328
E2E7	accidentalCombiningRaise17Schisma	Extended Helmholtz-Ellis accidentals (just intonation)	COMBINING RAISE BY ONE 17-LIMIT SCHISMA	0.796	0	-0.704	0.792	0.68
E2E9	accidentalCombiningRaise19Schisma	Extended Helmholtz-Ellis accidentals (just intonation)	COMBINING RAISE BY ONE 19-LIMIT SCHISMA	0.796	0	-0.388	0.792	0.368
E2EB	accidentalCombiningRaise23Limit29LimitComma	Extended Helmholtz-Ellis accidentals (just intonation)	COMBINING RAISE BY ONE 23-LIMIT COMMA	0.98	0	-1.179	0.989	0.5
EE51	accidentalCombiningRaise29LimitComma	Extended Helmholtz-Ellis accidentals (just intonation) supplement	COMBINING RAISE BY ONE 29-LIMIT COMMA	1.424	0.002	0.155	1.421	2.498
E2ED	accidentalCombiningRaise31Schisma	Extended Helmholtz-Ellis accidentals (just intonation)	COMBINING RAISE BY ONE 31-LIMIT SCHISMA	1.18	0.003	-1.238	1.176	2.425
EE53	accidentalCombiningRaise37Quartertone	Extended Helmholtz-Ellis accidentals (just intonation) supplement	COMBINING RAISE BY ONE 37-LIMIT QUARTERTONE	1.196	0	-1.504	1.193	2.494
EE55	accidentalCombiningRaise41Comma	Extended Helmholtz-Ellis accidentals (just intonation) supplement	COMBINING RAISE BY ONE 41-LIMIT COMMA	1.188	0	-0.352	1.188	0.836
EE57	accidentalCombiningRaise43Comma	Extended Helmholtz-Ellis accidentals (just intonation) supplement	COMBINING RAISE BY ONE 43-LIMIT COMMA	1.424	0.003	-0.033	1.423	1.181
EE59	accidentalCombiningRaise47Quartertone	Extended Helmholtz-Ellis accidentals (just intonation) supplement	COMBINING RAISE BY ONE 47-LIMIT QUARTERTONE	0.96	0	-1.336	0.958	1.901
E2F8	accidentalCombiningRaise53LimitComma	Extended Helmholtz-Ellis accidentals (just intonation)	COMBINING RAISE BY ONE 53-LIMIT COMMA	0.792	0	-0.997	0.792	0.994
E47A	accidentalCommaSlashDown	Other accidentals	SYNTONIC/DIDYMUS COMMA (80:81) DOWN (BOSANQUET)	1.204	0	-0.508	1.2	0.512
E479	accidentalCommaSlashUp	Other accidentals	SYNTONIC/DIDYMUS COMMA (80:81) UP (BOSANQUET)	1.204	0	-0.508	1.2	0.512
E264	accidentalDoubleFlat	Standard accidentals (12-EDO)	DOUBLE FLAT	1.652	0	-0.7	1.644	1.748
ED30	accidentalDoubleFlatArabic	Arabic accidentals	ARABIC DOUBLE FLAT	1.652	0	-0.7	1.644	1.748
E2F0	accidentalDoubleFlatEqualTempered	Extended Helmholtz-Ellis accidentals (just intonation)	DOUBLE FLAT EQUAL TEMPERED SEMITONE	1.664	-0.396	-0.728	1.668	1.808
E2C0	accidentalDoubleFlatOneArrowDown	Extended Helmholtz-Ellis accidentals (just intonation)	DOUBLE FLAT LOWERED BY ONE SYNTONIC COMMA	1.676	0	-1.408	1.668	1.748
E2C5	accidentalDoubleFlatOneArrowUp	Extended Helmholtz-Ellis accidentals (just intonation)	DOUBLE FLAT RAISED BY ONE SYNTONIC COMMA	1.664	-0.28	-0.732	1.668	2.136
E483	accidentalDoubleFlatReversed	Other accidentals	REVERSED DOUBLE FLAT	1.652	0	-0.7	1.644	1.748
E2D4	accidentalDoubleFlatThreeArrowsDown	Extended Helmholtz-Ellis accidentals (just intonation)	DOUBLE FLAT LOWERED BY THREE SYNTONIC COMMAS	1.676	0	-2.292	1.668	1.748
E2D9	accidentalDoubleFlatThreeArrowsUp	Extended Helmholtz-Ellis accidentals (just intonation)	DOUBLE FLAT RAISED BY THREE SYNTONIC COMMAS	1.664	-0.284	-0.732	1.668	3.016
E485	accidentalDoubleFlatTurned	Other accidentals	TURNED DOUBLE FLAT	1.664	0	-1.724	1.644	0.724
E2CA	accidentalDoubleFlatTwoArrowsDown	Extended Helmholtz-Ellis accidentals (just intonation)	DOUBLE FLAT LOWERED BY TWO SYNTONIC COMMAS	1.676	0	-1.848	1.668	1.748
E2CF	accidentalDoubleFlatTwoArrowsUp	Extended Helmholtz-Ellis accidentals (just intonation)	DOUBLE FLAT RAISED BY TWO SYNTONIC COMMAS	1.664	-0.284	-0.732	1.668	2.576
E263	accidentalDoubleSharp	Standard accidentals (12-EDO)	DOUBLE SHARP	1	0	-0.5	0.988	0.508
ED38	accidentalDoubleSharpArabic	Arabic accidentals	ARABIC DOUBLE SHARP	1	0	-0.5	0.988	0.508
E2F4	accidentalDoubleSharpEqualTempered	Extended Helmholtz-Ellis accidentals (just intonation)	DOUBLE SHARP EQUAL TEMPERED SEMITONE	0.984	-0.004	-0.5	0.984	1.036
E2C4	accidentalDoubleSharpOneArrowDown	Extended Helmholtz-Ellis accidentals (just intonation)	DOUBLE SHARP LOWERED BY ONE SYNTONIC COMMA	0.988	-0.004	-1.288	0.984	0.508
E2C9	accidentalDoubleSharpOneArrowUp	Extended Helmholtz-Ellis accidentals (just intonation)	DOUBLE SHARP RAISED BY ONE SYNTONIC COMMA	0.992	-0.004	-0.496	0.984	1.324
E2D8	accidentalDoubleSharpThreeArrowsDown	Extended Helmholtz-Ellis accidentals (just intonation)	DOUBLE SHARP LOWERED BY THREE SYNTONIC COMMAS	0.988	-0.004	-2.172	0.984	0.512
E2DD	accidentalDoubleSharpThreeArrowsUp	Extended Helmholtz-Ellis accidentals (just intonation)	DOUBLE SHARP RAISED BY THREE SYNTONIC COMMAS	0.988	-0.004	-0.5	0.984	2.208
E2CE	accidentalDoubleSharpTwoArrowsDown	Extended Helmholtz-Ellis accidentals (just intonation)	DOUBLE SHARP LOWERED BY TWO SYNTONIC COMMAS	0.988	-0.004	-1.732	0.984	0.508
E2D3	accidentalDoubleSharpTwoArrowsUp	Extended Helmholtz-Ellis accidentals (just intonation)	DOUBLE SHARP RAISED BY TWO SYNTONIC COMMAS	0.992	-0.004	-0.496	0.984	1.764
E2FA	accidentalEnharmonicAlmostEqualTo	Extended Helmholtz-Ellis accidentals (just intonation)	ENHARMONICALLY REINTERPRET ACCIDENTAL ALMOST EQUAL TO	1.736	0	-0.64	1.732	0.64
E2FB	accidentalEnharmonicEquals	Extended Helmholtz-Ellis accidentals (just intonation)	ENHARMONICALLY REINTERPRET ACCIDENTAL EQUALS	1.796	0	-0.5	1.792	0.5
E2F9	accidentalEnharmonicTilde	Extended Helmholtz-Ellis accidentals (just intonation)	ENHARMONICALLY REINTERPRET ACCIDENTAL TILDE	1.736	0	-0.34	1.732	0.34
E296	accidentalFilledReversedFlatAndFlat	Extended Stein-Zimmermann accidentals	FILLED REVERSED FLAT AND FLAT	1.46	0	-0.7	1.46	1.748
E298	accidentalFilledReversedFlatAndFlatArrowDown	Extended Stein-Zimmermann accidentals	FILLED REVERSED FLAT AND FLAT WITH ARROW DOWN	1.46	0	-2.212	1.46	1.748
E297	accidentalFilledReversedFlatAndFlatArrowUp	Extended Stein-Zimmermann accidentals	FILLED REVERSED FLAT AND FLAT WITH ARROW UP	1.46	0	-0.7	1.46	2.188
E293	accidentalFilledReversedFlatArrowDown	Extended Stein-Zimmermann accidentals	FILLED REVERSED FLAT WITH ARROW DOWN	1.216	0.004	-1.932	1.216	1.748
E292	accidentalFilledReversedFlatArrowUp	Extended Stein-Zimmermann accidentals	FILLED REVERSED FLAT WITH ARROW UP	1.24	0	-0.696	1.24	2.54
E279	accidentalFiveQuarterTonesFlatArrowDown	Gould arrow quartertone accidentals (24-EDO)	FIVE-QUARTER-TONES FLAT	1.652	-0.24	-1.672	1.652	1.768
E276	accidentalFiveQuarterTonesSharpArrowUp	Gould arrow quartertone accidentals (24-EDO)	FIVE-QUARTER-TONES SHARP	0.992	0	-0.5	1.184	1.448
E260	accidentalFlat	Standard accidentals (12-EDO)	FLAT	0.904	0	-0.7	0.904	1.756
ED32	accidentalFlatArabic	Arabic accidentals	ARABIC HALF-TONE FLAT	0.904	0	-0.7	0.904	1.756
E2F1	accidentalFlatEqualTempered	Extended Helmholtz-Ellis accidentals (just intonation)	FLAT EQUAL TEMPERED SEMITONE	0.904	-0.388	-0.728	0.904	1.808
ED53	accidentalFlatLoweredStockhausen	Stockhausen accidentals (24-EDO)	LOWERED FLAT (STOCKHAUSEN)	0.912	-0.284	-1.408	0.904	1.748
E2C1	accidentalFlatOneArrowDown	Extended Helmholtz-Ellis accidentals (just intonation)	FLAT LOWERED BY ONE SYNTONIC COMMA	0.912	-0.284	-1.408	0.904	1.748
E2C6	accidentalFlatOneArrowUp	Extended Helmholtz-Ellis accidentals (just intonation)	FLAT RAISED BY ONE SYNTONIC COMMA	0.904	-0.284	-0.728	0.904	2.14
ED52	accidentalFlatRaisedStockhausen	Stockhausen accidentals (24-EDO)	RAISED FLAT (STOCKHAUSEN)	0.904	-0.284	-0.728	0.904	2.14
ED5C	accidentalFlatRepeatedLineStockhausen	Stockhausen accidentals (24-EDO)	REPEATED FLAT, NOTE ON LINE (STOCKHAUSEN)	0.904	0	-0.716	1.304	1.84
ED5B	accidentalFlatRepeatedSpaceStockhausen	Stockhausen accidentals (24-EDO)	REPEATED FLAT, NOTE IN SPACE (STOCKHAUSEN)	0.904	0	-0.716	1.304	2.376
E2D5	accidentalFlatThreeArrowsDown	Extended Helmholtz-Ellis accidentals (just intonation)	FLAT LOWERED BY THREE SYNTONIC COMMAS	0.912	-0.28	-2.292	0.904	1.748
E2DA	accidentalFlatThreeArrowsUp	Extended Helmholtz-Ellis accidentals (just intonation)	FLAT RAISED BY THREE SYNTONIC COMMAS	0.904	-0.284	-0.728	0.904	3.024
E484	accidentalFlatTurned	Other accidentals	TURNED FLAT	0.916	0.004	-1.752	0.908	0.704
E2CB	accidentalFlatTwoArrowsDown	Extended Helmholtz-Ellis accidentals (just intonation)	FLAT LOWERED BY TWO SYNTONIC COMMAS	0.912	-0.28	-1.852	0.904	1.748
E2D0	accidentalFlatTwoArrowsUp	Extended Helmholtz-Ellis accidentals (just intonation)	FLAT RAISED BY TWO SYNTONIC COMMAS	0.904	-0.284	-0.728	0.904	2.576
EE65	accidentalHabaFlatQuarterToneHigher	Other accidentals supplement	QUARTER-TONE HIGHER (ALOIS HÁBA)	0.888	-0.002	-0.683	0.889	1.696
EE69	accidentalHabaFlatThreeQuarterTonesLower	Other accidentals supplement	THREE QUARTER-TONES LOWER (ALOIS HÁBA)	0.892	-0.691	-0.686	0.895	1.858
EE64	accidentalHabaQuarterToneHigher	Other accidentals supplement	QUARTER-TONE HIGHER (ALOIS HÁBA)	0.84	0.001	-0.72	0.837	1.74
EE67	accidentalHabaQuarterToneLower	Other accidentals supplement	QUARTER-TONE LOWER (ALOIS HÁBA)	0.892	-0	-0.611	0.89	1.797
EE68	accidentalHabaSharpQuarterToneLower	Other accidentals supplement	QUARTER-TONE LOWER (ALOIS HÁBA)	0.996	-0.327	-2.092	0.996	1.4
EE66	accidentalHabaSharpThreeQuarterTonesHigher	Other accidentals supplement	THREE QUARTER-TONES HIGHER (ALOIS HÁBA)	0.996	0	-1.606	1.164	1.4
E29A	accidentalHalfSharpArrowDown	Extended Stein-Zimmermann accidentals	HALF SHARP WITH ARROW DOWN	0.924	-0.012	-2.168	0.924	1.288
E299	accidentalHalfSharpArrowUp	Extended Stein-Zimmermann accidentals	HALF SHARP WITH ARROW UP	0.928	-0.008	-1.348	0.928	2.188
E2B6	accidentalJohnston13	Johnston accidentals (just intonation)	THIRTEEN (RAISE BY 65:64)	0.8	0.08	-0.388	0.76	0.376
E2B7	accidentalJohnston31	Johnston accidentals (just intonation)	INVERTED 13 (LOWER BY 65:64)	0.8	0.04	-0.376	0.72	0.388
E2B5	accidentalJohnstonDown	Johnston accidentals (just intonation)	DOWN ARROW (LOWER BY 33:32)	0.72	0	-0.72	0.72	0.5
E2B2	accidentalJohnstonEl	Johnston accidentals (just intonation)	INVERTED SEVEN (RAISE BY 36:35)	0.64	0	-0.74	0.64	0.52
E2B1	accidentalJohnstonMinus	Johnston accidentals (just intonation)	MINUS (LOWER BY 81:80)	0.6	0	-0.06	0.6	0.06
E2B0	accidentalJohnstonPlus	Johnston accidentals (just intonation)	PLUS (RAISE BY 81:80)	0.6	0	-0.3	0.6	0.3
E2B3	accidentalJohnstonSeven	Johnston accidentals (just intonation)	SEVEN (LOWER BY 36:35)	0.64	0	-0.52	0.64	0.74
E2B4	accidentalJohnstonUp	Johnston accidentals (just intonation)	UP ARROW (RAISE BY 33:32)	0.72	0	-0.5	0.72	0.72
E443	accidentalKomaFlat	Arel-Ezgi-Uzdilek (AEU) accidentals	KOMA (FLAT)	0.916	0.004	-0.7	0.908	1.756
E444	accidentalKomaSharp	Arel-Ezgi-Uzdilek (AEU) accidentals	KOMA (SHARP)	0.924	0	-1.348	0.916	1.288
E460	accidentalKoron	Persian accidentals	KORON (QUARTER TONE FLAT)	1.208	0	-1.888	1.2	0.628
E441	accidentalKucukMucennebFlat	Arel-Ezgi-Uzdilek (AEU) accidentals	KÜÇÜK MÜCENNEB (FLAT)	0.908	0	-0.7	0.904	1.756
E446	accidentalKucukMucennebSharp	Arel-Ezgi-Uzdilek (AEU) accidentals	KÜÇÜK MÜCENNEB (SHARP)	1.356	-0.004	-1.352	1.356	1.284
E47D	accidentalLargeDoubleSharp	Other accidentals	LARGE DOUBLE SHARP	1.376	0	-0.688	1.376	0.688
E2DE	accidentalLowerOneSeptimalComma	Extended Helmholtz-Ellis accidentals (just intonation)	LOWER BY ONE SEPTIMAL COMMA	0.688	0	-0.38	0.684	1.736
E2E4	accidentalLowerOneTridecimalQuartertone	Extended Helmholtz-Ellis accidentals (just intonation)	LOWER BY ONE TRIDECIMAL QUARTERTONE	0.86	0	-0.692	0.86	1.74
E2E2	accidentalLowerOneUndecimalQuartertone	Extended Helmholtz-Ellis accidentals (just intonation)	LOWER BY ONE UNDECIMAL QUARTERTONE	0.908	0	-0.728	0.904	1.748
E2E0	accidentalLowerTwoSeptimalCommas	Extended Helmholtz-Ellis accidentals (just intonation)	LOWER BY TWO SEPTIMAL COMMAS	0.688	0	-1.172	0.684	1.604
ED51	accidentalLoweredStockhausen	Stockhausen accidentals (24-EDO)	LOWERED (STOCKHAUSEN)	0.4	-0.284	-0.5	0.4	1.1
E284	accidentalNarrowReversedFlat	Stein-Zimmermann accidentals (24-EDO)	NARROW REVERSED FLAT(QUARTER-TONE FLAT)	0.656	0	-0.776	0.656	1.684
E285	accidentalNarrowReversedFlatAndFlat	Stein-Zimmermann accidentals (24-EDO)	NARROW REVERSED FLAT AND FLAT(THREE-QUARTER-TONES FLAT)	1.656	0	-0.776	1.656	1.684
E261	accidentalNatural	Standard accidentals (12-EDO)	NATURAL	0.672	0	-1.34	0.672	1.364
ED34	accidentalNaturalArabic	Arabic accidentals	ARABIC NATURAL	0.672	0	-1.34	0.672	1.364
E2F2	accidentalNaturalEqualTempered	Extended Helmholtz-Ellis accidentals (just intonation)	NATURAL EQUAL TEMPERED SEMITONE	0.672	-0.396	-1.332	0.672	1.432
E267	accidentalNaturalFlat	Standard accidentals (12-EDO)	NATURAL FLAT	1.836	0	-1.34	1.836	1.756
ED55	accidentalNaturalLoweredStockhausen	Stockhausen accidentals (24-EDO)	LOWERED NATURAL (STOCKHAUSEN)	0.676	0	-1.68	0.952	1.372
E2C2	accidentalNaturalOneArrowDown	Extended Helmholtz-Ellis accidentals (just intonation)	NATURAL LOWERED BY ONE SYNTONIC COMMA	0.676	0	-1.68	0.952	1.372
E2C7	accidentalNaturalOneArrowUp	Extended Helmholtz-Ellis accidentals (just intonation)	NATURAL RAISED BY ONE SYNTONIC COMMA	0.676	-0.28	-1.328	0.676	1.704
ED54	accidentalNaturalRaisedStockhausen	Stockhausen accidentals (24-EDO)	RAISED NATURAL (STOCKHAUSEN)	0.676	-0.28	-1.328	0.676	1.704
E482	accidentalNaturalReversed	Other accidentals	REVERSED NATURAL	0.672	0	-1.34	0.672	1.364
E268	accidentalNaturalSharp	Standard accidentals (12-EDO)	NATURAL SHARP	1.92	0	-1.392	1.924	1.4
E2D6	accidentalNaturalThreeArrowsDown	Extended Helmholtz-Ellis accidentals (just intonation)	NATURAL LOWERED BY THREE SYNTONIC COMMAS	0.676	0	-2.568	0.956	1.372
E2DB	accidentalNaturalThreeArrowsUp	Extended Helmholtz-Ellis accidentals (just intonation)	NATURAL RAISED BY THREE SYNTONIC COMMAS	0.676	-0.284	-1.328	0.676	2.584
E2CC	accidentalNaturalTwoArrowsDown	Extended Helmholtz-Ellis accidentals (just intonation)	NATURAL LOWERED BY TWO SYNTONIC COMMAS	0.676	0	-2.128	0.956	1.372
E2D1	accidentalNaturalTwoArrowsUp	Extended Helmholtz-Ellis accidentals (just intonation)	NATURAL RAISED BY TWO SYNTONIC COMMAS	0.676	-0.284	-1.328	0.676	2.148
E29C	accidentalOneAndAHalfSharpsArrowDown	Extended Stein-Zimmermann accidentals	ONE AND A HALF SHARPS WITH ARROW DOWN	1.268	-0.204	-2.364	1.268	1.476
E29B	accidentalOneAndAHalfSharpsArrowUp	Extended Stein-Zimmermann accidentals	ONE AND A HALF SHARPS WITH ARROW UP	1.476	0.012	-1.388	1.476	2.432
E48F	accidentalOneQuarterToneFlatFerneyhough	Other accidentals	ONE-QUARTER-TONE FLAT (FERNEYHOUGH)	0.872	0	-2.148	0.872	0.492
ED59	accidentalOneQuarterToneFlatStockhausen	Stockhausen accidentals (24-EDO)	ONE-QUARTER-TONE FLAT (STOCKHAUSEN)	1.148	-0.004	-0.7	1.144	1.756
E48E	accidentalOneQuarterToneSharpFerneyhough	Other accidentals	ONE-QUARTER-TONE SHARP (FERNEYHOUGH)	0.796	0	-0.512	0.796	2.164
ED58	accidentalOneQuarterToneSharpStockhausen	Stockhausen accidentals (24-EDO)	ONE-QUARTER-TONE SHARP (STOCKHAUSEN)	0.668	0	-0.864	0.668	0.864
E48B	accidentalOneThirdToneFlatFerneyhough	Other accidentals	ONE-THIRD-TONE FLAT (FERNEYHOUGH)	0.752	0	-2.136	0.752	0.508
E48A	accidentalOneThirdToneSharpFerneyhough	Other accidentals	ONE-THIRD-TONE SHARP (FERNEYHOUGH)	0.764	0	-0.5	0.764	2.16
E26A	accidentalParensLeft	Standard accidentals (12-EDO)	ACCIDENTAL PARENTHESIS, LEFT	0.564	0	-0.992	0.564	0.988
E26B	accidentalParensRight	Standard accidentals (12-EDO)	ACCIDENTAL PARENTHESIS, RIGHT	0.564	0	-0.992	0.564	0.988
E2F5	accidentalQuarterFlatEqualTempered	Extended Helmholtz-Ellis accidentals (just intonation)	LOWER BY ONE EQUAL TEMPERED QUARTER-TONE	0.904	0	-0.728	1.292	1.808
E2F6	accidentalQuarterSharpEqualTempered	Extended Helmholtz-Ellis accidentals (just intonation)	RAISE BY ONE EQUAL TEMPERED QUARTER TONE	1.08	0	-1.308	1.08	1.368
E47F	accidentalQuarterToneFlat4	Other accidentals	QUARTER-TONE FLAT	1.672	0	-0.704	1.672	2.5
ED33	accidentalQuarterToneFlatArabic	Arabic accidentals	ARABIC QUARTER-TONE FLAT	1.148	-0.004	-0.7	1.144	1.756
E270	accidentalQuarterToneFlatArrowUp	Gould arrow quartertone accidentals (24-EDO)	QUARTER-TONE FLAT	0.992	-0.168	-0.708	0.992	2.316
E480	accidentalQuarterToneFlatFilledReversed	Other accidentals	FILLED REVERSED FLAT (QUARTER-TONE FLAT)	0.908	0.008	-0.696	0.908	1.748
E273	accidentalQuarterToneFlatNaturalArrowDown	Gould arrow quartertone accidentals (24-EDO)	QUARTER-TONE FLAT	0.684	0.012	-2.172	1	1.344
E478	accidentalQuarterToneFlatPenderecki	Other accidentals	QUARTER TONE FLAT (PENDERECKI)	0.908	0.008	-0.696	0.908	1.748
E280	accidentalQuarterToneFlatStein	Stein-Zimmermann accidentals (24-EDO)	REVERSED FLAT (QUARTER-TONE FLAT) (STEIN)	0.908	0.004	-0.7	0.908	1.756
E488	accidentalQuarterToneFlatVanBlankenburg	Other accidentals	QUARTER-TONE FLAT (VAN BLANKENBURG)	0.94	0	-0.696	0.94	1.76
E47E	accidentalQuarterToneSharp4	Other accidentals	QUARTER-TONE SHARP	1.576	0	-1.404	1.576	2.416
ED35	accidentalQuarterToneSharpArabic	Arabic accidentals	ARABIC QUARTER-TONE SHARP	0.652	0	-1.388	0.652	1.228
E275	accidentalQuarterToneSharpArrowDown	Gould arrow quartertone accidentals (24-EDO)	QUARTER-TONE SHARP	0.996	-0.112	-2.136	0.996	1.396
E472	accidentalQuarterToneSharpBusotti	Other accidentals	QUARTER TONE SHARP (BUSSOTTI)	0.668	0	-1.388	0.668	1.22
E272	accidentalQuarterToneSharpNaturalArrowUp	Gould arrow quartertone accidentals (24-EDO)	QUARTER-TONE SHARP	0.848	-0.104	-1.36	0.848	2.188
E282	accidentalQuarterToneSharpStein	Stein-Zimmermann accidentals (24-EDO)	HALF SHARP (QUARTER-TONE SHARP) (STEIN)	0.716	0	-1.412	0.716	1.228
E475	accidentalQuarterToneSharpWiggle	Other accidentals	QUARTER TONE SHARP WITH WIGGLY TAIL	2.2	0.004	-1.392	2.2	1.4
E2DF	accidentalRaiseOneSeptimalComma	Extended Helmholtz-Ellis accidentals (just intonation)	RAISE BY ONE SEPTIMAL COMMA	0.688	0.004	-1.683	0.688	0.433
E2E5	accidentalRaiseOneTridecimalQuartertone	Extended Helmholtz-Ellis accidentals (just intonation)	RAISE BY ONE TRIDECIMAL QUARTERTONE	1.08	-0.004	-1.3	1.076	1.524
E2E3	accidentalRaiseOneUndecimalQuartertone	Extended Helmholtz-Ellis accidentals (just intonation)	RAISE BY ONE UNDECIMAL QUARTERTONE	1.084	0	-1.308	1.08	1.368
E2E1	accidentalRaiseTwoSeptimalCommas	Extended Helmholtz-Ellis accidentals (just intonation)	RAISE BY TWO SEPTIMAL COMMAS	0.688	0	-1.584	0.684	1.192
ED50	accidentalRaisedStockhausen	Stockhausen accidentals (24-EDO)	RAISED (STOCKHAUSEN)	0.4	-0.284	-0.5	0.4	1.1
E295	accidentalReversedFlatAndFlatArrowDown	Extended Stein-Zimmermann accidentals	REVERSED FLAT AND FLAT WITH ARROW DOWN	1.54	0	-2.212	1.54	1.748
E294	accidentalReversedFlatAndFlatArrowUp	Extended Stein-Zimmermann accidentals	REVERSED FLAT AND FLAT WITH ARROW UP	1.54	0	-0.7	1.54	2.188
E291	accidentalReversedFlatArrowDown	Extended Stein-Zimmermann accidentals	REVERSED FLAT WITH ARROW DOWN	1.22	0.008	-1.932	1.22	1.748
E290	accidentalReversedFlatArrowUp	Extended Stein-Zimmermann accidentals	REVERSED FLAT WITH ARROW UP	1.248	0.008	-0.696	1.248	2.54
E262	accidentalSharp	Standard accidentals (12-EDO)	SHARP	0.996	0	-1.392	0.996	1.4
ED36	accidentalSharpArabic	Arabic accidentals	ARABIC HALF-TONE SHARP	0.996	0	-1.392	0.996	1.4
E2F3	accidentalSharpEqualTempered	Extended Helmholtz-Ellis accidentals (just intonation)	SHARP EQUAL TEMPERED SEMITONE	1	-0.192	-1.392	0.996	1.776
ED57	accidentalSharpLoweredStockhausen	Stockhausen accidentals (24-EDO)	LOWERED SHARP (STOCKHAUSEN)	1	0	-2.056	1.072	1.4
E2C3	accidentalSharpOneArrowDown	Extended Helmholtz-Ellis accidentals (just intonation)	SHARP LOWERED BY ONE SYNTONIC COMMA	1	0	-2.056	1.072	1.4
E2C8	accidentalSharpOneArrowUp	Extended Helmholtz-Ellis accidentals (just intonation)	SHARP RAISED BY ONE SYNTONIC COMMA	1	-0.08	-1.392	0.996	2.036
E473	accidentalSharpOneHorizontalStroke	Other accidentals	ONE OR THREE QUARTER TONES SHARP	0.996	0	-1.388	0.996	1.428
ED56	accidentalSharpRaisedStockhausen	Stockhausen accidentals (24-EDO)	RAISED SHARP (STOCKHAUSEN)	1	-0.08	-1.392	0.996	2.036
ED5E	accidentalSharpRepeatedLineStockhausen	Stockhausen accidentals (24-EDO)	REPEATED SHARP, NOTE ON LINE (STOCKHAUSEN)	0.996	0	-1.388	1.5	1.816
ED5D	accidentalSharpRepeatedSpaceStockhausen	Stockhausen accidentals (24-EDO)	REPEATED SHARP, NOTE IN SPACE (STOCKHAUSEN)	1	0	-1.392	1.5	2.348
E481	accidentalSharpReversed	Other accidentals	REVERSED SHARP	0.996	0	-1.392	0.996	1.4
E269	accidentalSharpSharp	Standard accidentals (12-EDO)	SHARP SHARP	2.076	0	-1.392	2.076	1.4
E2D7	accidentalSharpThreeArrowsDown	Extended Helmholtz-Ellis accidentals (just intonation)	SHARP LOWERED BY THREE SYNTONIC COMMAS	1	0	-2.944	1.076	1.4
E2DC	accidentalSharpThreeArrowsUp	Extended Helmholtz-Ellis accidentals (just intonation)	SHARP RAISED BY THREE SYNTONIC COMMAS	1	-0.084	-1.392	0.996	2.916
E2CD	accidentalSharpTwoArrowsDown	Extended Helmholtz-Ellis accidentals (just intonation)	SHARP LOWERED BY TWO SYNTONIC COMMAS	1	0	-2.5	1.076	1.4
E2D2	accidentalSharpTwoArrowsUp	Extended Helmholtz-Ellis accidentals (just intonation)	SHARP RAISED BY TWO SYNTONIC COMMAS	1	-0.084	-1.392	0.996	2.476
E2A0	accidentalSims12Down	Sims accidentals (72-EDO)	1/12 TONE LOW	1.212	0	-0.412	1.212	2.3
E2A3	accidentalSims12Up	Sims accidentals (72-EDO)	1/12 TONE HIGH	1.212	0	-2.184	1.212	0.528
E2A2	accidentalSims4Down	Sims accidentals (72-EDO)	1/4 TONE LOW	1.284	0	-0.528	1.952	2.516
E2A5	accidentalSims4Up	Sims accidentals (72-EDO)	1/4 TONE HIGH	1.088	-0.484	-2.756	1.088	0.532
E2A1	accidentalSims6Down	Sims accidentals (72-EDO)	1/6 TONE LOW	1.088	0	-0.528	1.088	2.184
E2A4	accidentalSims6Up	Sims accidentals (72-EDO)	1/6 TONE HIGH	1.088	0	-2.18	1.088	0.532
E461	accidentalSori	Persian accidentals	SORI (QUARTER TONE SHARP)	1.684	0	-1.272	1.684	1.312
E477	accidentalTavenerFlat	Other accidentals	BYZANTINE-STYLE BAKIYE FLAT (TAVENER)	1.9	0	-0.704	2.452	1.752
E476	accidentalTavenerSharp	Other accidentals	BYZANTINE-STYLE BÜYÜK MÜCENNEB SHARP (TAVENER)	1.604	0	-1.392	2.22	1.396
ED31	accidentalThreeQuarterTonesFlatArabic	Arabic accidentals	ARABIC THREE-QUARTER-TONES FLAT	1.128	0	-0.704	1.128	1.752
E271	accidentalThreeQuarterTonesFlatArrowDown	Gould arrow quartertone accidentals (24-EDO)	THREE-QUARTER-TONES FLAT	1.004	-0.156	-1.672	1.004	1.768
E278	accidentalThreeQuarterTonesFlatArrowUp	Gould arrow quartertone accidentals (24-EDO)	THREE-QUARTER-TONES FLAT	1.644	0	-0.7	1.644	2.492
E489	accidentalThreeQuarterTonesFlatCouper	Other accidentals	THREE-QUARTER-TONES FLAT (COUPER)	1.64	0	-0.712	1.64	1.764
E486	accidentalThreeQuarterTonesFlatGrisey	Other accidentals	THREE-QUARTER-TONES FLAT (GRISEY)	0.9	0	-0.696	0.9	1.748
E487	accidentalThreeQuarterTonesFlatTartini	Other accidentals	THREE-QUARTER-TONES FLAT (TARTINI)	1.376	0	-0.7	1.376	1.756
E281	accidentalThreeQuarterTonesFlatZimmermann	Stein-Zimmermann accidentals (24-EDO)	REVERSED FLAT AND FLAT (THREE-QUARTER-TONES FLAT) (ZIMMERMANN)	1.864	0.004	-0.7	1.864	1.756
ED37	accidentalThreeQuarterTonesSharpArabic	Arabic accidentals	ARABIC THREE-QUARTER-TONES SHARP	1.268	0.012	-1.388	1.268	1.476
E277	accidentalThreeQuarterTonesSharpArrowDown	Gould arrow quartertone accidentals (24-EDO)	THREE-QUARTER-TONES SHARP	0.992	-0.192	-1.46	0.992	0.488
E274	accidentalThreeQuarterTonesSharpArrowUp	Gould arrow quartertone accidentals (24-EDO)	THREE-QUARTER-TONES SHARP	0.996	0	-1.388	1.1	2.12
E474	accidentalThreeQuarterTonesSharpBusotti	Other accidentals	THREE QUARTER TONES SHARP (BUSSOTTI)	1.472	0	-1.396	1.472	1.66
E283	accidentalThreeQuarterTonesSharpStein	Stein-Zimmermann accidentals (24-EDO)	ONE AND A HALF SHARPS (THREE-QUARTER-TONES SHARP) (STEIN)	1.268	0.012	-1.388	1.268	1.476
ED5A	accidentalThreeQuarterTonesSharpStockhausen	Stockhausen accidentals (24-EDO)	THREE-QUARTER-TONES SHARP (STOCKHAUSEN)	0.996	0	-1.868	0.996	1.868
E266	accidentalTripleFlat	Standard accidentals (12-EDO)	TRIPLE FLAT	2.4	0	-0.7	2.384	1.756
E265	accidentalTripleSharp	Standard accidentals (12-EDO)	TRIPLE SHARP	2.052	0	-1.392	2.052	1.4
E48D	accidentalTwoThirdTonesFlatFerneyhough	Other accidentals	TWO-THIRD-TONES FLAT (FERNEYHOUGH)	0.796	0	-2.148	0.796	0.504
E48C	accidentalTwoThirdTonesSharpFerneyhough	Other accidentals	TWO-THIRD-TONES SHARP (FERNEYHOUGH)	0.772	0	-0.496	0.784	2.16
EE61	accidentalUpsAndDownsDown	Other accidentals supplement	ACCIDENTAL DOWN	0.964	0.014	-0.409	0.959	0.414
EE63	accidentalUpsAndDownsLess	Other accidentals supplement	ACCIDENTAL LESS	0.836	0.01	-0.47	0.833	0.475
EE62	accidentalUpsAndDownsMore	Other accidentals supplement	ACCIDENTAL MORE	0.82	-0.001	-0.47	0.822	0.475
EE60	accidentalUpsAndDownsUp	Other accidentals supplement	ACCIDENTAL UP	0.972	0.014	-0.409	0.959	0.414
E47C	accidentalWilsonMinus	Other accidentals	WILSON MINUS (5 COMMA DOWN)	1.124	0	-0.744	1.124	0.744
E47B	accidentalWilsonPlus	Other accidentals	WILSON PLUS (5 COMMA UP)	1.124	0	-0.812	1.124	0.812
E434	accidentalWyschnegradsky10TwelfthsFlat	Wyschnegradsky accidentals (72-EDO)	5/6 TONE FLAT	1.656	0	-0.7	1.656	1.972
E429	accidentalWyschnegradsky10TwelfthsSharp	Wyschnegradsky accidentals (72-EDO)	5/6 TONE SHARP	1.58	0	-1.388	1.576	1.988
E435	accidentalWyschnegradsky11TwelfthsFlat	Wyschnegradsky accidentals (72-EDO)	11/12 TONE FLAT	1.656	0	-0.7	1.656	1.972
E42A	accidentalWyschnegradsky11TwelfthsSharp	Wyschnegradsky accidentals (72-EDO)	11/12 TONE SHARP	1.572	0	-1.388	1.576	2.572
E42B	accidentalWyschnegradsky1TwelfthsFlat	Wyschnegradsky accidentals (72-EDO)	1/12 TONE FLAT	0.852	0	-1.264	0.852	1.832
E420	accidentalWyschnegradsky1TwelfthsSharp	Wyschnegradsky accidentals (72-EDO)	1/12 TONE SHARP	0.648	0	-1.452	0.652	1.404
E42C	accidentalWyschnegradsky2TwelfthsFlat	Wyschnegradsky accidentals (72-EDO)	1/6 TONE FLAT	0.852	0	-1.264	0.852	1.832
E421	accidentalWyschnegradsky2TwelfthsSharp	Wyschnegradsky accidentals (72-EDO)	1/6 TONE SHARP	0.648	0	-1.452	0.652	1.404
E42D	accidentalWyschnegradsky3TwelfthsFlat	Wyschnegradsky accidentals (72-EDO)	1/4 TONE FLAT	0.852	0	-1.264	0.852	1.592
E422	accidentalWyschnegradsky3TwelfthsSharp	Wyschnegradsky accidentals (72-EDO)	1/4 TONE SHARP	0.652	0	-1.388	0.652	1.228
E42E	accidentalWyschnegradsky4TwelfthsFlat	Wyschnegradsky accidentals (72-EDO)	1/3 TONE FLAT	0.904	0	-0.7	0.904	1.972
E423	accidentalWyschnegradsky4TwelfthsSharp	Wyschnegradsky accidentals (72-EDO)	1/3 TONE SHARP	0.904	0	-1.388	0.904	1.464
E42F	accidentalWyschnegradsky5TwelfthsFlat	Wyschnegradsky accidentals (72-EDO)	5/12 TONE FLAT	0.904	0	-0.7	0.904	1.972
E424	accidentalWyschnegradsky5TwelfthsSharp	Wyschnegradsky accidentals (72-EDO)	5/12 TONE SHARP	0.9	0	-1.388	0.9	2.044
E430	accidentalWyschnegradsky6TwelfthsFlat	Wyschnegradsky accidentals (72-EDO)	1/2 TONE FLAT	0.908	0	-0.7	0.904	1.756
E425	accidentalWyschnegradsky6TwelfthsSharp	Wyschnegradsky accidentals (72-EDO)	1/2 TONE SHARP	1	0	-1.392	0.996	1.4
E431	accidentalWyschnegradsky7TwelfthsFlat	Wyschnegradsky accidentals (72-EDO)	7/12 TONE FLAT	1.664	0	-1.188	1.664	1.908
E426	accidentalWyschnegradsky7TwelfthsSharp	Wyschnegradsky accidentals (72-EDO)	7/12 TONE SHARP	1.324	0	-1.392	1.324	2.008
E432	accidentalWyschnegradsky8TwelfthsFlat	Wyschnegradsky accidentals (72-EDO)	2/3 TONE FLAT	1.664	0	-1.188	1.664	1.908
E427	accidentalWyschnegradsky8TwelfthsSharp	Wyschnegradsky accidentals (72-EDO)	2/3 TONE SHARP	1.324	0	-1.392	1.324	2.588
E433	accidentalWyschnegradsky9TwelfthsFlat	Wyschnegradsky accidentals (72-EDO)	3/4 TONE FLAT	1.664	0	-1.188	1.664	1.756
E428	accidentalWyschnegradsky9TwelfthsSharp	Wyschnegradsky accidentals (72-EDO)	3/4 TONE SHARP	1.256	0	-1.388	1.256	1.476
E470	accidentalXenakisOneThirdToneSharp	Other accidentals	ONE-THIRD-TONE SHARP (XENAKIS)	0.984	0	-1.336	0.984	1.384
E471	accidentalXenakisTwoThirdTonesSharp	Other accidentals	TWO-THIRD-TONES SHARP (XENAKIS)	1.224	0	-1.336	1.224	1.384
E86A	analyticsChoralmelodie	Analytics	CHORALMELODIE (BERG)	5.008	0	0	5.008	3
E863	analyticsEndStimme	Analytics	END OF STIMME	1.188	0	2	1.192	3
E86B	analyticsHauptrhythmus	Analytics	HAUPTRHYTHMUS (BERG)	5.056	0	0	5.056	3
E860	analyticsHauptstimme	Analytics	HAUPTSTIMME	2.824	0	0	2.828	3
E869	analyticsInversion1	Analytics	INVERSION 1	1.7	0	0	1.7	2.008
E861	analyticsNebenstimme	Analytics	NEBENSTIMME	2.836	0	-0.004	2.828	3.004
E862	analyticsStartStimme	Analytics	START OF STIMME	1.188	0	2	1.192	3
E864	analyticsTheme	Analytics	THEME	2.972	0	0	2.972	2.048
E868	analyticsTheme1	Analytics	THEME 1	1.7	0	0	1.7	2.008
E867	analyticsThemeInversion	Analytics	INVERSION OF THEME	2.972	0	0	2.972	2.048
E865	analyticsThemeRetrograde	Analytics	RETROGRADE OF THEME	2.972	0	0	2.972	2.048
E866	analyticsThemeRetrogradeInversion	Analytics	RETROGRADE INVERSION OF THEME	2.972	0	0	2.972	2.048
E63C	arpeggiato	Plucked techniques	ARPEGGIATO	0.488	0	0.036	0.485	5.47
E635	arpeggiatoDown	Plucked techniques	ARPEGGIATO DOWN	0.912	0.004	-0.016	0.916	6
E634	arpeggiatoUp	Plucked techniques	ARPEGGIATO UP	0.912	0.004	0.028	0.916	6.044
EB64	arrowBlackDown	Arrows and arrowheads	BLACK ARROW DOWN (S)	0.912	0	0	0.912	2.108
EB65	arrowBlackDownLeft	Arrows and arrowheads	BLACK ARROW DOWN-LEFT (SW)	1.536	0	0.264	1.536	1.796
EB63	arrowBlackDownRight	Arrows and arrowheads	BLACK ARROW DOWN-RIGHT (SE)	1.536	0	0.264	1.536	1.796
EB66	arrowBlackLeft	Arrows and arrowheads	BLACK ARROW LEFT (W)	2.108	0	0.54	2.108	1.452
EB62	arrowBlackRight	Arrows and arrowheads	BLACK ARROW RIGHT (E)	2.108	0	0.54	2.108	1.452
EB60	arrowBlackUp	Arrows and arrowheads	BLACK ARROW UP (N)	0.912	0	0	0.912	2.108
EB67	arrowBlackUpLeft	Arrows and arrowheads	BLACK ARROW UP-LEFT (NW)	1.536	0	0.264	1.536	1.796
EB61	arrowBlackUpRight	Arrows and arrowheads	BLACK ARROW UP-RIGHT (NE)	1.536	0	0.264	1.536	1.796
EB74	arrowOpenDown	Arrows and arrowheads	OPEN ARROW DOWN (S)	0.836	0	0	0.836	2.112
EB75	arrowOpenDownLeft	Arrows and arrowheads	OPEN ARROW DOWN-LEFT (SW)	1.544	0	0.264	1.544	1.804
EB73	arrowOpenDownRight	Arrows and arrowheads	OPEN ARROW DOWN-RIGHT (SE)	1.544	0	0.264	1.544	1.804
EB76	arrowOpenLeft	Arrows and arrowheads	OPEN ARROW LEFT (W)	2.112	0	0.576	2.112	1.412
EB72	arrowOpenRight	Arrows and arrowheads	OPEN ARROW RIGHT (E)	2.112	0	0.576	2.112	1.412
EB70	arrowOpenUp	Arrows and arrowheads	OPEN ARROW UP (N)	0.836	0	0	0.836	2.112
EB77	arrowOpenUpLeft	Arrows and arrowheads	OPEN ARROW UP-LEFT (NW)	1.544	0	0.264	1.544	1.804
EB71	arrowOpenUpRight	Arrows and arrowheads	OPEN ARROW UP-RIGHT (NE)	1.544	0	0.264	1.544	1.804
EB6C	arrowWhiteDown	Arrows and arrowheads	WHITE ARROW DOWN (S)	0.912	0	0	0.912	2.108
EB6D	arrowWhiteDownLeft	Arrows and arrowheads	WHITE ARROW DOWN-LEFT (SW)	1.536	0	0.264	1.536	1.796
EB6B	arrowWhiteDownRight	Arrows and arrowheads	WHITE ARROW DOWN-RIGHT (SE)	1.536	0	0.264	1.536	1.796
EB6E	arrowWhiteLeft	Arrows and arrowheads	WHITE ARROW LEFT (W)	2.104	0	0.596	2.108	1.508
EB6A	arrowWhiteRight	Arrows and arrowheads	WHITE ARROW RIGHT (E)	2.104	0	0.596	2.108	1.508
EB68	arrowWhiteUp	Arrows and arrowheads	WHITE ARROW UP (N)	0.912	0	0	0.912	2.108
EB6F	arrowWhiteUpLeft	Arrows and arrowheads	WHITE ARROW UP-LEFT (NW)	1.536	0	0.264	1.536	1.796
EB69	arrowWhiteUpRight	Arrows and arrowheads	WHITE ARROW UP-RIGHT (NE)	1.536	0	0.264	1.536	1.796
EB7C	arrowheadBlackDown	Arrows and arrowheads	BLACK ARROWHEAD DOWN (S)	0.912	0	0	0.912	1.196
EB7D	arrowheadBlackDownLeft	Arrows and arrowheads	BLACK ARROWHEAD DOWN-LEFT (SW)	1.156	0.004	0.004	1.152	1.148
EB7B	arrowheadBlackDownRight	Arrows and arrowheads	BLACK ARROWHEAD DOWN-RIGHT (SE)	1.156	0.004	0.004	1.152	1.148
EB7E	arrowheadBlackLeft	Arrows and arrowheads	BLACK ARROWHEAD LEFT (W)	1.196	0	0	1.196	0.912
EB7A	arrowheadBlackRight	Arrows and arrowheads	BLACK ARROWHEAD RIGHT (E)	1.196	0	0	1.196	0.912
EB78	arrowheadBlackUp	Arrows and arrowheads	BLACK ARROWHEAD UP (N)	0.912	0	0	0.912	1.196
EB7F	arrowheadBlackUpLeft	Arrows and arrowheads	BLACK ARROWHEAD UP-LEFT (NW)	1.156	0.004	0.004	1.152	1.148
EB79	arrowheadBlackUpRight	Arrows and arrowheads	BLACK ARROWHEAD UP-RIGHT (NE)	1.156	0.004	0.004	1.152	1.148
EB8C	arrowheadOpenDown	Arrows and arrowheads	OPEN ARROWHEAD DOWN (S)	0.836	0	0	0.836	1.116
EB8D	arrowheadOpenDownLeft	Arrows and arrowheads	OPEN ARROWHEAD DOWN-LEFT (SW)	1.044	0	0	1.044	1.048
EB8B	arrowheadOpenDownRight	Arrows and arrowheads	OPEN ARROWHEAD DOWN-RIGHT (SE)	1.044	0	0	1.044	1.048
EB8E	arrowheadOpenLeft	Arrows and arrowheads	OPEN ARROWHEAD LEFT (W)	1.116	0	0	1.116	0.836
EB8A	arrowheadOpenRight	Arrows and arrowheads	OPEN ARROWHEAD RIGHT (E)	1.116	0	0	1.116	0.836
EB88	arrowheadOpenUp	Arrows and arrowheads	OPEN ARROWHEAD UP (N)	0.836	0	0	0.836	1.116
EB8F	arrowheadOpenUpLeft	Arrows and arrowheads	OPEN ARROWHEAD UP-LEFT (NW)	1.044	0	0	1.044	1.048
EB89	arrowheadOpenUpRight	Arrows and arrowheads	OPEN ARROWHEAD UP-RIGHT (NE)	1.044	0	0	1.044	1.048
EB84	arrowheadWhiteDown	Arrows and arrowheads	WHITE ARROWHEAD DOWN (S)	0.912	0	0	0.912	1.196
EB85	arrowheadWhiteDownLeft	Arrows and arrowheads	WHITE ARROWHEAD DOWN-LEFT (SW)	1.152	0.004	0.004	1.152	1.148
EB83	arrowheadWhiteDownRight	Arrows and arrowheads	WHITE ARROWHEAD DOWN-RIGHT (SE)	1.152	0.004	0.004	1.152	1.148
EB86	arrowheadWhiteLeft	Arrows and arrowheads	WHITE ARROWHEAD LEFT (W)	1.196	0	0	1.196	0.912
EB82	arrowheadWhiteRight	Arrows and arrowheads	WHITE ARROWHEAD RIGHT (E)	1.196	0	0	1.196	0.912
EB80	arrowheadWhiteUp	Arrows and arrowheads	WHITE ARROWHEAD UP (N)	0.912	0	0	0.912	1.196
EB87	arrowheadWhiteUpLeft	Arrows and arrowheads	WHITE ARROWHEAD UP-LEFT (NW)	1.152	0.004	0.004	1.152	1.148
EB81	arrowheadWhiteUpRight	Arrows and arrowheads	WHITE ARROWHEAD UP-RIGHT (NE)	1.152	0.004	0.004	1.152	1.148
E4A0	articAccentAbove	Articulation	ACCENT ABOVE	1.356	0	0.004	1.356	0.98
E4A1	articAccentBelow	Articulation	ACCENT BELOW	1.356	0	-0.976	1.356	0
E4B0	articAccentStaccatoAbove	Articulation	ACCENT-STACCATO ABOVE	1.36	0	0	1.356	1.68
E4B1	articAccentStaccatoBelow	Articulation	ACCENT-STACCATO BELOW	1.356	-0.004	-1.644	1.352	0
E4BA	articLaissezVibrerAbove	Articulation	LAISSEZ VIBRER (L.V.) ABOVE	1.468	0.004	0.004	1.468	0.576
E4BB	articLaissezVibrerBelow	Articulation	LAISSEZ VIBRER (L.V.) BELOW	1.46	0	-0.572	1.46	0
E4AC	articMarcatoAbove	Articulation	MARCATO ABOVE	0.944	-0.004	-0.004	0.94	1.012
E4AD	articMarcatoBelow	Articulation	MARCATO BELOW	0.944	-0.004	-1.016	0.94	0
E4AE	articMarcatoStaccatoAbove	Articulation	MARCATO-STACCATO ABOVE	0.944	-0.004	0	0.94	1.772
E4AF	articMarcatoStaccatoBelow	Articulation	MARCATO-STACCATO BELOW	0.944	-0.004	-1.812	0.94	0
E4BC	articMarcatoTenutoAbove	Articulation	MARCATO-TENUTO ABOVE	1.352	-0.004	0	1.352	1.708
E4BD	articMarcatoTenutoBelow	Articulation	MARCATO-TENUTO BELOW	1.352	-0.004	-1.716	1.352	0
ED40	articSoftAccentAbove	Articulation supplement	SOFT ACCENT ABOVE	2.832	0	0.004	2.832	0.98
ED41	articSoftAccentBelow	Articulation supplement	SOFT ACCENT BELOW	2.832	0	-0.98	2.832	-0.004
ED42	articSoftAccentStaccatoAbove	Articulation supplement	SOFT ACCENT-STACCATO ABOVE	3.512	0	0.004	3.512	0.98
ED43	articSoftAccentStaccatoBelow	Articulation supplement	SOFT ACCENT-STACCATO BELOW	3.512	0	-0.976	3.512	0
ED44	articSoftAccentTenutoAbove	Articulation supplement	SOFT ACCENT-TENUTO ABOVE	3.832	0	0.004	3.832	0.98
ED45	articSoftAccentTenutoBelow	Articulation supplement	SOFT ACCENT-TENUTO BELOW	3.832	0	-0.98	3.832	-0.004
ED46	articSoftAccentTenutoStaccatoAbove	Articulation supplement	SOFT ACCENT-TENUTO-STACCATO ABOVE	3.832	0	0.004	3.832	0.98
ED47	articSoftAccentTenutoStaccatoBelow	Articulation supplement	SOFT ACCENT-TENUTO-STACCATO BELOW	3.832	0	-0.98	3.832	-0.004
E4A6	articStaccatissimoAbove	Articulation	STACCATISSIMO ABOVE	0.408	0.004	-0.008	0.4	1.172
E4A7	articStaccatissimoBelow	Articulation	STACCATISSIMO BELOW	0.408	0.004	-1.18	0.4	0
E4AA	articStaccatissimoStrokeAbove	Articulation	STACCATISSIMO STROKE ABOVE	0.192	0	0	0.192	1.16
E4AB	articStaccatissimoStrokeBelow	Articulation	STACCATISSIMO STROKE BELOW	0.192	0	-1.16	0.192	0
E4A8	articStaccatissimoWedgeAbove	Articulation	STACCATISSIMO WEDGE ABOVE	0.356	0.004	0	0.356	1.16
E4A9	articStaccatissimoWedgeBelow	Articulation	STACCATISSIMO WEDGE BELOW	0.356	0.004	-1.16	0.356	0
E4A2	articStaccatoAbove	Articulation	STACCATO ABOVE	0.336	0	0	0.336	0.336
E4A3	articStaccatoBelow	Articulation	STACCATO BELOW	0.336	0	-0.336	0.336	0
E4B6	articStressAbove	Articulation	STRESS ABOVE	0.94	0	0.02	0.932	0.948
E4B7	articStressBelow	Articulation	STRESS BELOW	0.952	0.016	-0.936	0.944	0
E4A4	articTenutoAbove	Articulation	TENUTO ABOVE	1.352	-0.004	0	1.352	0.192
E4B4	articTenutoAccentAbove	Articulation	TENUTO-ACCENT ABOVE	1.356	-0.004	0	1.356	1.38
E4B5	articTenutoAccentBelow	Articulation	TENUTO-ACCENT BELOW	1.356	-0.004	-1.38	1.356	0
E4A5	articTenutoBelow	Articulation	TENUTO BELOW	1.352	-0.004	-0.192	1.352	0
E4B2	articTenutoStaccatoAbove	Articulation	LOURÉ (TENUTO-STACCATO) ABOVE	1.356	-0.004	0	1.352	0.96
E4B3	articTenutoStaccatoBelow	Articulation	LOURÉ (TENUTO-STACCATO) BELOW	1.352	-0.004	-0.968	1.352	0
E4B8	articUnstressAbove	Articulation	UNSTRESS ABOVE	1.528	0	0	1.528	0.828
E4B9	articUnstressBelow	Articulation	UNSTRESS BELOW	1.532	0.004	-0.828	1.532	0
E1E7	augmentationDot	Individual notes	AUGMENTATION DOT	0.4	0	-0.2	0.4	0.2
E036	barlineDashed	Barlines	DASHED BARLINE	0.144	0	0	0.144	4
E037	barlineDotted	Barlines	DOTTED BARLINE	0.196	0	0	0.196	3.988
E031	barlineDouble	Barlines	DOUBLE BARLINE	0.576	0	0	0.576	4
E032	barlineFinal	Barlines	FINAL BARLINE	0.916	0	0	0.912	4
E034	barlineHeavy	Barlines	HEAVY BARLINE	0.5	0	0	0.5	4
E035	barlineHeavyHeavy	Barlines	HEAVY DOUBLE BARLINE	1.372	0	0	1.372	4
E033	barlineReverseFinal	Barlines	REVERSE FINAL BARLINE	0.912	0	0	0.912	4
E038	barlineShort	Barlines	SHORT BARLINE	0.148	0.004	2	0.148	4
E030	barlineSingle	Barlines	SINGLE BARLINE	0.144	0	0	0.144	4
E039	barlineTick	Barlines	TICK BARLINE	0.144	0	3.472	0.144	4.48
EAF4	beamAccelRit1	Multi-segment lines	ACCEL./RIT. BEAM 1 (WIDEST)	4.736	0	0	4.864	3.064
EAFD	beamAccelRit10	Multi-segment lines	ACCEL./RIT. BEAM 10	2.116	0	0	2.244	3.064
EAFE	beamAccelRit11	Multi-segment lines	ACCEL./RIT. BEAM 11	1.816	0	0	1.944	3.064
EAFF	beamAccelRit12	Multi-segment lines	ACCEL./RIT. BEAM 12	1.516	0	0	1.644	3.064
EB00	beamAccelRit13	Multi-segment lines	ACCEL./RIT. BEAM 13	1.216	0	0	1.344	3.064
EB01	beamAccelRit14	Multi-segment lines	ACCEL./RIT. BEAM 14	0.916	0	0	1.044	3.064
EB02	beamAccelRit15	Multi-segment lines	ACCEL./RIT. BEAM 15 (NARROWEST)	0.616	0	0	0.744	3.064
EAF5	beamAccelRit2	Multi-segment lines	ACCEL./RIT. BEAM 2	4.436	0	0	4.564	3.064
EAF6	beamAccelRit3	Multi-segment lines	ACCEL./RIT. BEAM 3	4.136	0	0	4.264	3.064
EAF7	beamAccelRit4	Multi-segment lines	ACCEL./RIT. BEAM 4	3.916	0	0	4.044	3.064
EAF8	beamAccelRit5	Multi-segment lines	ACCEL./RIT. BEAM 5	3.616	0	0	3.744	3.064
EAF9	beamAccelRit6	Multi-segment lines	ACCEL./RIT. BEAM 6	3.316	0	0	3.444	3.064
EAFA	beamAccelRit7	Multi-segment lines	ACCEL./RIT. BEAM 7	3.016	0	0	3.144	3.064
EAFB	beamAccelRit8	Multi-segment lines	ACCEL./RIT. BEAM 8	2.716	0	0	2.844	3.064
EAFC	beamAccelRit9	Multi-segment lines	ACCEL./RIT. BEAM 9	2.416	0	0	2.544	3.064
EB03	beamAccelRitFinal	Multi-segment lines	ACCEL./RIT. BEAM TERMINATING LINE	0.128	-0.136	0	0.128	3.064
E000	brace	Staff brackets and dividers	BRACE	0.336	0.008	0	0.328	3.988
E002	bracket	Staff brackets and dividers	BRACKET	2.232	0	-1.272	1.876	5.284
E004	bracketBottom	Staff brackets and dividers	BRACKET BOTTOM	1.876	0	-1.18	1.876	0
E003	bracketTop	Staff brackets and dividers	BRACKET TOP	1.876	0	0	1.876	1.18
E5E3	brassBend	Brass techniques	BEND	1.572	0	0	1.568	1.128
E5D6	brassDoitLong	Brass techniques	DOIT, LONG	4.6	0	-0.16	4.596	1.392
E5D5	brassDoitMedium	Brass techniques	DOIT, MEDIUM	1.96	0	-0.16	1.956	1.384
E5D4	brassDoitShort	Brass techniques	DOIT, SHORT	1.272	0.004	-0.132	1.28	1.412
E5D9	brassFallLipLong	Brass techniques	LIP FALL, LONG	4.6	0	-1.4	4.596	0.152
E5D8	brassFallLipMedium	Brass techniques	LIP FALL, MEDIUM	1.96	0	-1.4	1.956	0.144
E5D7	brassFallLipShort	Brass techniques	LIP FALL, SHORT	1.172	0.004	-1.38	1.172	0.168
E5DF	brassFallRoughLong	Brass techniques	ROUGH FALL, LONG	4.788	0	0	4.78	4.944
E5DE	brassFallRoughMedium	Brass techniques	ROUGH FALL, MEDIUM	3.248	0	0	3.244	3.408
E5DD	brassFallRoughShort	Brass techniques	ROUGH FALL, SHORT	1.7	0	0	1.692	1.86
E5DC	brassFallSmoothLong	Brass techniques	SMOOTH FALL, LONG	5.48	0.004	0	5.456	5.448
E5DB	brassFallSmoothMedium	Brass techniques	SMOOTH FALL, MEDIUM	3.644	0	0	3.588	3.588
E5DA	brassFallSmoothShort	Brass techniques	SMOOTH FALL, SHORT	1.632	0.004	0	1.628	1.624
E5E1	brassFlip	Brass techniques	FLIP	1.516	0	0	1.516	1.128
E5E8	brassHarmonMuteClosed	Brass techniques	HARMON MUTE, STEM IN	1.16	-0.296	-0.28	1.468	1.408
E5E9	brassHarmonMuteStemHalfLeft	Brass techniques	HARMON MUTE, STEM EXTENDED, LEFT	1.212	-0.216	-0.256	1.428	1.436
E5EA	brassHarmonMuteStemHalfRight	Brass techniques	HARMON MUTE, STEM EXTENDED, RIGHT	1.212	-0.2	-0.256	1.432	1.436
E5EB	brassHarmonMuteStemOpen	Brass techniques	HARMON MUTE, STEM OUT	1.2	-0.232	-0.232	1.432	1.432
E5E4	brassJazzTurn	Brass techniques	JAZZ TURN	2.48	0	0	2.48	0.98
E5D3	brassLiftLong	Brass techniques	LIFT, LONG	4.788	0	0	4.78	4.944
E5D2	brassLiftMedium	Brass techniques	LIFT, MEDIUM	3.248	0	0	3.244	3.408
E5D1	brassLiftShort	Brass techniques	LIFT, SHORT	1.7	0	0	1.692	1.86
E5EE	brassLiftSmoothLong	Brass techniques	SMOOTH LIFT, LONG	5.48	0.004	0	5.456	5.448
E5ED	brassLiftSmoothMedium	Brass techniques	SMOOTH LIFT, MEDIUM	3.644	0	0	3.588	3.588
E5EC	brassLiftSmoothShort	Brass techniques	SMOOTH LIFT, SHORT	1.632	0.004	0	1.628	1.624
E5E5	brassMuteClosed	Brass techniques	MUTED (CLOSED)	1.088	0	0	1.088	1.088
E5E6	brassMuteHalfClosed	Brass techniques	HALF-MUTED (HALF-CLOSED)	1.22	0.004	0	1.22	1.216
E5E7	brassMuteOpen	Brass techniques	OPEN	1.22	0	0	1.216	1.216
E5E0	brassPlop	Brass techniques	PLOP	1.172	0.004	-0.06	1.172	1.488
E5D0	brassScoop	Brass techniques	SCOOP	1.272	0.004	-1.492	1.28	0.052
E5E2	brassSmear	Brass techniques	SMEAR	1.228	0.004	0	1.224	0.68
E5EF	brassValveTrill	Brass techniques	VALVE TRILL	1.22	0	0	1.216	1.212
E4CE	breathMarkComma	Holds and pauses	BREATH MARK (COMMA)	0.612	0.004	0.008	0.608	1.004
E4D5	breathMarkSalzedo	Holds and pauses	BREATH MARK (SALZEDO)	2.1	0	0.008	2.112	1.732
E4CF	breathMarkTick	Holds and pauses	BREATH MARK (TICK-LIKE)	2	0	0	2	2.008
E4D0	breathMarkUpbow	Holds and pauses	BREATH MARK (UPBOW-LIKE)	1	0.004	0.004	0.996	1.98
E078	bridgeClef	Clefs	BRIDGE CLEF	3.448	0	-3.264	3.448	3.26
E22A	buzzRoll	Tremolos	BUZZ ROLL	0.624	-0.62	-0.464	0.624	0.464
E05C	cClef	Clefs	C CLEF	2.796	0	-2.024	2.796	2.024
E05D	cClef8vb	Clefs	C CLEF OTTAVA BASSA	2.796	0	-2.964	2.796	2.024
E05F	cClefArrowDown	Clefs	C CLEF, ARROW DOWN	2.8	-0.132	-3.644	2.796	2.024
E05E	cClefArrowUp	Clefs	C CLEF, ARROW UP	2.796	-0.116	-2.024	2.796	3.644
E07B	cClefChange	Clefs	C CLEF CHANGE	2.024	0	-1.328	2.024	1.328
E061	cClefCombining	Clefs	COMBINING C CLEF	0.932	0	-2.148	0.908	2.148
E075	cClefReversed	Clefs	REVERSED C CLEF	2.796	0	-2.024	2.796	2.024
E060	cClefSquare	Clefs	C CLEF (19TH CENTURY)	2.336	0	-1.996	2.336	1.996
E4D1	caesura	Holds and pauses	CAESURA	1.54	0	-0.004	1.536	2.128
E4D4	caesuraCurved	Holds and pauses	CURVED CAESURA	1.492	0	0	1.492	2.12
E4D3	caesuraShort	Holds and pauses	SHORT CAESURA	0.74	0	0	0.744	2.132
E4D7	caesuraSingleStroke	Holds and pauses	SINGLE STROKE CAESURA	0.204	0	0	0.204	2.132
E4D2	caesuraThick	Holds and pauses	THICK CAESURA	2.652	0	0	2.652	2.128
E9D6	chantAccentusAbove	Medieval and Renaissance plainchant articulations	ACCENTUS ABOVE	0.292	0	0.388	0.296	0.812
E9D7	chantAccentusBelow	Medieval and Renaissance plainchant articulations	ACCENTUS BELOW	0.296	0	-0.812	0.296	-0.388
E994	chantAuctumAsc	Medieval and Renaissance plainchant single-note forms	PUNCTUM AUCTUM, ASCENDING	0.616	0	-0.468	0.616	0.468
E995	chantAuctumDesc	Medieval and Renaissance plainchant single-note forms	PUNCTUM AUCTUM, DESCENDING	0.616	0	-0.464	0.616	0.464
E9D9	chantAugmentum	Medieval and Renaissance plainchant articulations	AUGMENTUM (MORA)	0.264	0	0.2	0.264	0.456
E8F8	chantCaesura	Medieval and Renaissance staves	CAESURA	0.572	0	1.04	0.572	2
E906	chantCclef	Medieval and Renaissance clefs	PLAINCHANT C CLEF	0.536	0	-0.884	0.536	0.884
E9D2	chantCirculusAbove	Medieval and Renaissance plainchant articulations	CIRCULUS ABOVE	0.376	0	0.312	0.376	0.688
E9D3	chantCirculusBelow	Medieval and Renaissance plainchant articulations	CIRCULUS BELOW	0.376	0	-0.684	0.376	-0.308
E9BD	chantConnectingLineAsc2nd	Medieval and Renaissance plainchant multiple-note forms	CONNECTING LINE, ASCENDING 2ND	0.056	0	-0.6	0.056	0.6
E9BE	chantConnectingLineAsc3rd	Medieval and Renaissance plainchant multiple-note forms	CONNECTING LINE, ASCENDING 3RD	0.056	0	-0.6	0.056	1.2
E9BF	chantConnectingLineAsc4th	Medieval and Renaissance plainchant multiple-note forms	CONNECTING LINE, ASCENDING 4TH	0.056	0	-0.6	0.056	1.8
E9C0	chantConnectingLineAsc5th	Medieval and Renaissance plainchant multiple-note forms	CONNECTING LINE, ASCENDING 5TH	0.056	0	-0.6	0.056	2.4
E9C1	chantConnectingLineAsc6th	Medieval and Renaissance plainchant multiple-note forms	CONNECTING LINE, ASCENDING 6TH	0.056	0	-0.6	0.056	3
EA08	chantCustosStemDownPosHigh	Medieval and Renaissance miscellany	PLAINCHANT CUSTOS, STEM DOWN, HIGH POSITION	0.24	0	-1.76	0.24	0.404
EA09	chantCustosStemDownPosHighest	Medieval and Renaissance miscellany	PLAINCHANT CUSTOS, STEM DOWN, HIGHEST POSITION	0.24	0	-2.26	0.24	0.404
EA07	chantCustosStemDownPosMiddle	Medieval and Renaissance miscellany	PLAINCHANT CUSTOS, STEM DOWN, MIDDLE POSITION	0.24	0	-1.26	0.24	0.404
EA05	chantCustosStemUpPosLow	Medieval and Renaissance miscellany	PLAINCHANT CUSTOS, STEM UP, LOW POSITION	0.24	0	-0.404	0.24	1.76
EA04	chantCustosStemUpPosLowest	Medieval and Renaissance miscellany	PLAINCHANT CUSTOS, STEM UP, LOWEST POSITION	0.24	0	-0.404	0.24	2.26
EA06	chantCustosStemUpPosMiddle	Medieval and Renaissance miscellany	PLAINCHANT CUSTOS, STEM UP, MIDDLE POSITION	0.24	0	-0.404	0.24	1.26
E9B3	chantDeminutumLower	Medieval and Renaissance plainchant multiple-note forms	PUNCTUM DEMINUTUM, LOWER	0.056	-0.248	-0.256	0.056	0.5
E9B2	chantDeminutumUpper	Medieval and Renaissance plainchant multiple-note forms	PUNCTUM DEMINUTUM, UPPER	0.056	-0.248	-0.484	0.056	0.268
E8F6	chantDivisioFinalis	Medieval and Renaissance staves	DIVISIO FINALIS	0.476	0	-1.5	0.48	1.5
E8F4	chantDivisioMaior	Medieval and Renaissance staves	DIVISIO MAIOR	0.064	0	-1	0.064	1
E8F5	chantDivisioMaxima	Medieval and Renaissance staves	DIVISIO MAXIMA	0.064	0	-1.5	0.064	1.5
E8F3	chantDivisioMinima	Medieval and Renaissance staves	DIVISIO MINIMA	0.064	0	1	0.064	2
E9B4	chantEntryLineAsc2nd	Medieval and Renaissance plainchant multiple-note forms	ENTRY LINE, ASCENDING 2ND	0.056	0	-0.6	0.056	0.6
E9B5	chantEntryLineAsc3rd	Medieval and Renaissance plainchant multiple-note forms	ENTRY LINE, ASCENDING 3RD	0.056	0	-0.6	0.056	1.2
E9B6	chantEntryLineAsc4th	Medieval and Renaissance plainchant multiple-note forms	ENTRY LINE, ASCENDING 4TH	0.056	0	-0.6	0.056	1.8
E9B7	chantEntryLineAsc5th	Medieval and Renaissance plainchant multiple-note forms	ENTRY LINE, ASCENDING 5TH	0.056	0	-0.6	0.056	2.4
E9B8	chantEntryLineAsc6th	Medieval and Renaissance plainchant multiple-note forms	ENTRY LINE, ASCENDING 6TH	0.056	0	-0.6	0.056	3
E9D8	chantEpisema	Medieval and Renaissance plainchant articulations	EPISEMA	0.656	-0.024	0.5	0.68	0.58
E902	chantFclef	Medieval and Renaissance clefs	PLAINCHANT F CLEF	1.056	0	-0.924	1.056	0.884
E9D0	chantIctusAbove	Medieval and Renaissance plainchant articulations	ICTUS ABOVE	0.128	0	0.112	0.128	0.536
E9D1	chantIctusBelow	Medieval and Renaissance plainchant articulations	ICTUS BELOW	0.128	0	-0.536	0.128	-0.112
E9B9	chantLigaturaDesc2nd	Medieval and Renaissance plainchant multiple-note forms	LIGATED STROKE, DESCENDING 2ND	1.86	0	-0.912	1.86	0.416
E9BA	chantLigaturaDesc3rd	Medieval and Renaissance plainchant multiple-note forms	LIGATED STROKE, DESCENDING 3RD	2.316	0	-1.6	2.316	0.416
E9BB	chantLigaturaDesc4th	Medieval and Renaissance plainchant multiple-note forms	LIGATED STROKE, DESCENDING 4TH	2.316	0	-2.212	2.316	0.416
E9BC	chantLigaturaDesc5th	Medieval and Renaissance plainchant multiple-note forms	LIGATED STROKE, DESCENDING 5TH	2.316	0	-2.812	2.316	0.416
E99C	chantOriscusAscending	Medieval and Renaissance plainchant single-note forms	ORISCUS ASCENDING	0.616	0	-0.46	0.616	0.456
E99D	chantOriscusDescending	Medieval and Renaissance plainchant single-note forms	ORISCUS DESCENDING	0.616	0	-0.46	0.616	0.456
E99E	chantOriscusLiquescens	Medieval and Renaissance plainchant single-note forms	ORISCUS LIQUESCENS	0.612	0	-0.984	0.612	0.456
E9B0	chantPodatusLower	Medieval and Renaissance plainchant multiple-note forms	PODATUS, LOWER	0.556	0	0	0.616	0.656
E9B1	chantPodatusUpper	Medieval and Renaissance plainchant multiple-note forms	PODATUS, UPPER	0	-0.508	-0.012	0.056	0.78
E990	chantPunctum	Medieval and Renaissance plainchant single-note forms	PUNCTUM	0.64	0	-0.404	0.64	0.408
E998	chantPunctumCavum	Medieval and Renaissance plainchant single-note forms	PUNCTUM CAVUM	0.64	0	-0.392	0.64	0.388
E9A1	chantPunctumDeminutum	Medieval and Renaissance plainchant single-note forms	PUNCTUM DEMINUTUM	0.364	0	-0.229	0.364	0.231
E991	chantPunctumInclinatum	Medieval and Renaissance plainchant single-note forms	PUNCTUM INCLINATUM	0.6	0	-0.452	0.6	0.452
E992	chantPunctumInclinatumAuctum	Medieval and Renaissance plainchant single-note forms	PUNCTUM INCLINATUM AUCTUM	0.648	0	-0.456	0.648	0.376
E993	chantPunctumInclinatumDeminutum	Medieval and Renaissance plainchant single-note forms	PUNCTUM INCLINATUM DEMINUTUM	0.36	0	-0.272	0.36	0.272
E999	chantPunctumLinea	Medieval and Renaissance plainchant single-note forms	PUNCTUM LINEA	1.064	0	-0.456	1.064	0.456
E99A	chantPunctumLineaCavum	Medieval and Renaissance plainchant single-note forms	PUNCTUM LINEA CAVUM	1.064	0	-0.456	1.064	0.456
E996	chantPunctumVirga	Medieval and Renaissance plainchant single-note forms	PUNCTUM VIRGA	0.64	0	-1.604	0.64	0.408
E997	chantPunctumVirgaReversed	Medieval and Renaissance plainchant single-note forms	PUNCTUM VIRGA, REVERSED	0.64	0	-1.604	0.64	0.408
E99B	chantQuilisma	Medieval and Renaissance plainchant single-note forms	QUILISMA	0.616	0	-0.46	0.616	0.46
E9D4	chantSemicirculusAbove	Medieval and Renaissance plainchant articulations	SEMICIRCULUS ABOVE	0.376	0	0.292	0.376	0.48
E9D5	chantSemicirculusBelow	Medieval and Renaissance plainchant articulations	SEMICIRCULUS BELOW	0.376	0	-0.476	0.376	-0.288
E8F0	chantStaff	Medieval and Renaissance staves	PLAINCHANT STAFF	2	0	-1.532	2	1.532
E8F2	chantStaffNarrow	Medieval and Renaissance staves	PLAINCHANT STAFF (NARROW)	1	0	-1.532	1	1.532
E8F1	chantStaffWide	Medieval and Renaissance staves	PLAINCHANT STAFF (WIDE)	3	0	-1.532	3	1.532
E99F	chantStrophicus	Medieval and Renaissance plainchant single-note forms	STROPHICUS	0.496	0	-0.368	0.496	0.372
E9A0	chantStrophicusAuctus	Medieval and Renaissance plainchant single-note forms	STROPHICUS AUCTUS	0.608	0	-0.468	0.608	0.376
E9C2	chantStrophicusLiquescens2nd	Medieval and Renaissance plainchant multiple-note forms	STROPHICUS LIQUESCENS, 2ND	0.644	0	-0.148	0.644	0.84
E9C3	chantStrophicusLiquescens3rd	Medieval and Renaissance plainchant multiple-note forms	STROPHICUS LIQUESCENS, 3RD	0.652	0	-0.156	0.652	1.332
E9C4	chantStrophicusLiquescens4th	Medieval and Renaissance plainchant multiple-note forms	STROPHICUS LIQUESCENS, 4TH	0.676	0	-0.148	0.676	1.772
E9C5	chantStrophicusLiquescens5th	Medieval and Renaissance plainchant multiple-note forms	STROPHICUS LIQUESCENS, 5TH	0.712	0.004	-0.16	0.712	2.34
E8F7	chantVirgula	Medieval and Renaissance staves	VIRGULA	0.364	0	1.02	0.364	2
E07E	clef15	Clefs	15 FOR CLEFS	1.436	0	-0.012	1.436	1.02
E07D	clef8	Clefs	8 FOR CLEFS	0.82	0	0	0.82	0.988
E07F	clefChangeCombining	Clefs	COMBINING CLEF CHANGE	1	0	-0.5	1	0.5
E048	coda	Repeats	CODA	3.816	-0.016	-0.632	3.82	3.592
E049	codaSquare	Repeats	SQUARE CODA	3.276	0	-0.616	3.288	3.612
E897	conductorBeat2Compound	Conductor symbols	BEAT 2, COMPOUND TIME	2.876	0	0	2.876	2.012
E894	conductorBeat2Simple	Conductor symbols	BEAT 2, SIMPLE TIME	2.868	-0.004	0	2.868	2.012
E898	conductorBeat3Compound	Conductor symbols	BEAT 3, COMPOUND TIME	2.448	0	0	2.44	2.008
E895	conductorBeat3Simple	Conductor symbols	BEAT 3, SIMPLE TIME	2.456	0	0	2.44	2.008
E899	conductorBeat4Compound	Conductor symbols	BEAT 4, COMPOUND TIME	2.02	0	0	2.02	2.02
E896	conductorBeat4Simple	Conductor symbols	BEAT 4, SIMPLE TIME	2.024	0	0	2.024	2.02
E891	conductorLeftBeat	Conductor symbols	LEFT-HAND BEAT OR CUE	0.796	0	0	0.796	4.096
E892	conductorRightBeat	Conductor symbols	RIGHT-HAND BEAT OR CUE	0.796	0	0	0.796	4.096
E890	conductorStrongBeat	Conductor symbols	STRONG BEAT OR CUE	1.596	0	0	1.596	4.096
E89A	conductorUnconducted	Conductor symbols	UNCONDUCTED/FREE PASSAGES	1.6	0	0	1.6	4.08
E893	conductorWeakBeat	Conductor symbols	WEAK BEAT OR CUE	1.6	0	0	1.6	4.1
E8E0	controlBeginBeam	Beams and slurs	BEGIN BEAM	1	0	-0.5	1	0.5
E8E6	controlBeginPhrase	Beams and slurs	BEGIN PHRASE	1	0	-0.5	1	0.5
E8E4	controlBeginSlur	Beams and slurs	BEGIN SLUR	1	0	-0.5	1	0.5
E8E2	controlBeginTie	Beams and slurs	BEGIN TIE	1	0	-0.5	1	0.5
E8E1	controlEndBeam	Beams and slurs	END BEAM	1	0	-0.5	1	0.5
E8E7	controlEndPhrase	Beams and slurs	END PHRASE	1	0	-0.5	1	0.5
E8E5	controlEndSlur	Beams and slurs	END SLUR	1	0	-0.5	1	0.5
E8E3	controlEndTie	Beams and slurs	END TIE	1	0	-0.5	1	0.5
ED64	csymAccidentalDoubleFlat	Standard accidentals for chord symbols	DOUBLE FLAT	2.096	0.004	-0.004	2.096	3
ED63	csymAccidentalDoubleSharp	Standard accidentals for chord symbols	DOUBLE SHARP	1.776	0	0	1.776	1.796
ED60	csymAccidentalFlat	Standard accidentals for chord symbols	FLAT	1.136	0.004	-0.004	1.136	3
ED61	csymAccidentalNatural	Standard accidentals for chord symbols	NATURAL	0.736	0	0	0.736	3.004
ED62	csymAccidentalSharp	Standard accidentals for chord symbols	SHARP	1.24	0	-0.052	1.24	3.048
ED66	csymAccidentalTripleFlat	Standard accidentals for chord symbols	TRIPLE FLAT	3.056	0.004	-0.004	3.056	3
ED65	csymAccidentalTripleSharp	Standard accidentals for chord symbols	TRIPLE SHARP	2.348	0	-0.052	2.348	3.048
E87B	csymAlteredBassSlash	Chord symbols	SLASH FOR ALTERED BASS NOTE	1.256	-0.172	-0.584	1.256	3.4
E872	csymAugmented	Chord symbols	AUGMENTED	1.58	0	0.004	1.58	1.584
E877	csymBracketLeftTall	Chord symbols	DOUBLE-HEIGHT LEFT BRACKET	0.62	0	0	0.62	4
E878	csymBracketRightTall	Chord symbols	DOUBLE-HEIGHT RIGHT BRACKET	0.62	0.004	0	0.624	4
E87C	csymDiagonalArrangementSlash	Chord symbols	SLASH FOR CHORD SYMBOLS ARRANGED DIAGONALLY	3.996	0	0	3.996	4
E870	csymDiminished	Chord symbols	DIMINISHED	1.892	0	0	1.892	1.892
E871	csymHalfDiminished	Chord symbols	HALF-DIMINISHED	1.896	-0.064	-0.06	1.952	1.956
E873	csymMajorSeventh	Chord symbols	MAJOR SEVENTH	2.236	0	0.004	2.232	1.908
E874	csymMinor	Chord symbols	MINOR	1.3	0	0.864	1.3	1.04
E875	csymParensLeftTall	Chord symbols	DOUBLE-HEIGHT LEFT PARENTHESIS	0.66	0.004	0	0.74	3.988
E879	csymParensLeftVeryTall	Chord symbols	TRIPLE-HEIGHT LEFT PARENTHESIS	0.428	0	0	0.488	3.972
E876	csymParensRightTall	Chord symbols	DOUBLE-HEIGHT RIGHT PARENTHESIS	0.656	-0.08	0	0.656	3.988
E87A	csymParensRightVeryTall	Chord symbols	TRIPLE-HEIGHT RIGHT PARENTHESIS	0.428	-0.06	0	0.428	3.972
E4D6	curlewSign	Holds and pauses	CURLEW (BRITTEN)	2.808	0	0	2.808	0.792
E046	daCapo	Repeats	DA CAPO	4.332	0.044	-0.036	4.328	1.768
E045	dalSegno	Repeats	DAL SEGNO	4.328	0.044	-0.036	4.328	1.768
EA3C	daseianExcellentes1	Daseian notation	DASEIAN EXCELLENTES 1	2.616	0	0	2.616	3.02
EA3D	daseianExcellentes2	Daseian notation	DASEIAN EXCELLENTES 2	2.412	0	0	2.412	2.292
EA3E	daseianExcellentes3	Daseian notation	DASEIAN EXCELLENTES 3	2.272	0	0	2.272	1.432
EA3F	daseianExcellentes4	Daseian notation	DASEIAN EXCELLENTES 4	2.436	0	0.004	2.436	2.408
EA34	daseianFinales1	Daseian notation	DASEIAN FINALES 1	2.616	0	0	2.616	3.02
EA35	daseianFinales2	Daseian notation	DASEIAN FINALES 2	2.412	0	0	2.412	2.292
EA36	daseianFinales3	Daseian notation	DASEIAN FINALES 3	1.26	0	0	1.26	1.432
EA37	daseianFinales4	Daseian notation	DASEIAN FINALES 4	2.436	0	0.004	2.436	2.408
EA30	daseianGraves1	Daseian notation	DASEIAN GRAVES 1	2.616	0	0	2.616	3.02
EA31	daseianGraves2	Daseian notation	DASEIAN GRAVES 2	2.412	0	0	2.412	2.292
EA32	daseianGraves3	Daseian notation	DASEIAN GRAVES 3	2.66	0	0	2.66	1.432
EA33	daseianGraves4	Daseian notation	DASEIAN GRAVES 4	2.436	0	0.004	2.436	2.408
EA40	daseianResidua1	Daseian notation	DASEIAN RESIDUA 1	3.02	0	0	3.02	2.616
EA41	daseianResidua2	Daseian notation	DASEIAN RESIDUA 2	2.292	0	0	2.292	2.412
EA38	daseianSuperiores1	Daseian notation	DASEIAN SUPERIORES 1	2.616	0	0	2.616	3.02
EA39	daseianSuperiores2	Daseian notation	DASEIAN SUPERIORES 2	2.412	0	0	2.412	2.292
EA3A	daseianSuperiores3	Daseian notation	DASEIAN SUPERIORES 3	1.072	0	0	1.072	2.144
EA3B	daseianSuperiores4	Daseian notation	DASEIAN SUPERIORES 4	2.436	0	0.004	2.436	2.408
E234	doubleLateralRollStevens	Tremolos	DOUBLE LATERAL ROLL (STEVENS)	0.516	-0.516	0	0.516	1.584
E5F0	doubleTongueAbove	Wind techniques	DOUBLE-TONGUE ABOVE	1.78	-0.008	0	1.78	0.956
E5F1	doubleTongueBelow	Wind techniques	DOUBLE-TONGUE BELOW	1.78	-0.008	0	1.78	0.956
E546	dynamicCombinedSeparatorColon	Dynamics	COLON SEPARATOR FOR COMBINED DYNAMICS	0.684	0.12	0.076	0.564	0.916
E547	dynamicCombinedSeparatorHyphen	Dynamics	HYPHEN SEPARATOR FOR COMBINED DYNAMICS	1.112	0.12	0.428	0.992	0.572
E549	dynamicCombinedSeparatorSlash	Dynamics	SLASH SEPARATOR FOR COMBINED DYNAMICS	0.892	-0.152	-0.592	1.044	2.148
E548	dynamicCombinedSeparatorSpace	Dynamics	SPACE SEPARATOR FOR COMBINED DYNAMICS	1	0	-0.5	1	0.5
E53E	dynamicCrescendoHairpin	Dynamics	CRESCENDO	3	0.016	0.372	2.944	1.424
E53F	dynamicDiminuendoHairpin	Dynamics	DIMINUENDO	3	0.016	0.372	2.944	1.424
E52F	dynamicFF	Dynamics	FF	2.436	-0.54	-0.608	2.44	1.776
E530	dynamicFFF	Dynamics	FFF	3.324	-0.62	-0.608	3.32	1.776
E531	dynamicFFFF	Dynamics	FFFF	4.28	-0.62	-0.608	4.28	1.776
E532	dynamicFFFFF	Dynamics	FFFFF	5.24	-0.62	-0.608	5.24	1.776
E533	dynamicFFFFFF	Dynamics	FFFFFF	6.2	-0.62	-0.608	6.2	1.776
E522	dynamicForte	Dynamics	FORTE	1.456	-0.564	-0.608	1.456	1.776
E534	dynamicFortePiano	Dynamics	FORTE-PIANO	2.476	-0.564	-0.608	2.476	1.776
E535	dynamicForzando	Dynamics	FORZANDO	1.988	-0.564	-0.608	1.988	1.776
E544	dynamicHairpinBracketLeft	Dynamics	LEFT BRACKET (FOR HAIRPINS)	0.308	0	-1	0.308	1
E545	dynamicHairpinBracketRight	Dynamics	RIGHT BRACKET (FOR HAIRPINS)	0.308	0	-1	0.308	1
E542	dynamicHairpinParenthesisLeft	Dynamics	LEFT PARENTHESIS (FOR HAIRPINS)	0.44	0	-1.004	0.44	0.996
E543	dynamicHairpinParenthesisRight	Dynamics	RIGHT PARENTHESIS (FOR HAIRPINS)	0.44	0	-1.004	0.44	0.996
E52D	dynamicMF	Dynamics	MF	3.188	-0.08	-0.66	3.272	1.724
E52C	dynamicMP	Dynamics	MP	3.304	-0.08	-0.568	3.3	1.096
E540	dynamicMessaDiVoce	Dynamics	MESSA DI VOCE	6.22	0.016	0.372	6.22	1.424
E521	dynamicMezzo	Dynamics	MEZZO	1.748	-0.08	-0.04	1.784	1.096
E526	dynamicNiente	Dynamics	NIENTE	1.232	-0.092	-0.04	1.232	1.096
E541	dynamicNienteForHairpin	Dynamics	NIENTE (FOR HAIRPINS)	0.536	0	-0.268	0.536	0.268
E52E	dynamicPF	Dynamics	PF	3.08	-0.288	-0.608	3.08	1.776
E52B	dynamicPP	Dynamics	PP	2.908	-0.328	-0.568	2.912	1.096
E52A	dynamicPPP	Dynamics	PPP	4.288	-0.368	-0.568	4.292	1.096
E529	dynamicPPPP	Dynamics	PPPP	5.668	-0.408	-0.568	5.672	1.096
E528	dynamicPPPPP	Dynamics	PPPPP	7.104	-0.408	-0.568	7.092	1.096
E527	dynamicPPPPPP	Dynamics	PPPPPP	8.496	-0.408	-0.568	8.512	1.096
E520	dynamicPiano	Dynamics	PIANO	1.46	-0.356	-0.568	1.464	1.096
E523	dynamicRinforzando	Dynamics	RINFORZANDO	1.108	-0.08	0	1.108	1.096
E53C	dynamicRinforzando1	Dynamics	RINFORZANDO 1	2.5	-0.08	-0.608	2.5	1.776
E53D	dynamicRinforzando2	Dynamics	RINFORZANDO 2	2.976	-0.08	-0.608	2.976	1.776
E524	dynamicSforzando	Dynamics	SFORZANDO	0.916	0	-0.04	0.916	1.092
E536	dynamicSforzando1	Dynamics	SFORZANDO 1	2.416	0	-0.608	2.416	1.776
E538	dynamicSforzandoPianissimo	Dynamics	SFORZANDO-PIANISSIMO	4.792	0	-0.608	4.796	1.776
E537	dynamicSforzandoPiano	Dynamics	SFORZANDO-PIANO	3.384	0	-0.608	3.38	1.776
E539	dynamicSforzato	Dynamics	SFORZATO	2.928	0	-0.608	2.932	1.776
E53B	dynamicSforzatoFF	Dynamics	SFORZATISSIMO	3.856	0	-0.608	3.856	1.776
E53A	dynamicSforzatoPiano	Dynamics	SFORZATO-PIANO	4.3	0	-0.608	4.304	1.776
E525	dynamicZ	Dynamics	Z	0.976	-0.12	-0.04	0.976	1.072
EB46	elecAudioChannelsEight	Electronic music pictograms	EIGHT CHANNELS (7.1 SURROUND)	4.004	0	0	4.004	4.012
EB43	elecAudioChannelsFive	Electronic music pictograms	FIVE CHANNELS	4.004	0	0	4.004	4.012
EB42	elecAudioChannelsFour	Electronic music pictograms	FOUR CHANNELS	4.004	0	0	4.004	4.012
EB3E	elecAudioChannelsOne	Electronic music pictograms	ONE CHANNEL (MONO)	4.004	0.268	0.304	3.712	4.012
EB45	elecAudioChannelsSeven	Electronic music pictograms	SEVEN CHANNELS	4.004	0	-0.012	4.004	4
EB44	elecAudioChannelsSix	Electronic music pictograms	SIX CHANNELS (5.1 SURROUND)	4.004	0	-0.012	4.004	4
EB40	elecAudioChannelsThreeFrontal	Electronic music pictograms	THREE CHANNELS (FRONTAL)	4.004	0	0.304	4.004	4.012
EB41	elecAudioChannelsThreeSurround	Electronic music pictograms	THREE CHANNELS (SURROUND)	4.004	0	0	4.004	4.012
EB3F	elecAudioChannelsTwo	Electronic music pictograms	TWO CHANNELS (STEREO)	4.004	0	0.304	4.004	4.012
EB49	elecAudioIn	Electronic music pictograms	AUDIO IN	4.008	0	0	4.008	3.116
EB3C	elecAudioMono	Electronic music pictograms	MONO AUDIO SETUP	2.692	0	0	2.692	2.692
EB4A	elecAudioOut	Electronic music pictograms	AUDIO OUT	4.008	0	0	4.008	3.116
EB3D	elecAudioStereo	Electronic music pictograms	STEREO AUDIO SETUP	3.996	0	0	3.996	2.692
EB1B	elecCamera	Electronic music pictograms	CAMERA	4	0	0	4	3.636
EB4D	elecDataIn	Electronic music pictograms	DATA IN	4.252	0	0	4.252	3.984
EB4E	elecDataOut	Electronic music pictograms	DATA OUT	4.252	0	0	4.252	3.984
EB13	elecDisc	Electronic music pictograms	DISC	4	0	0	4	4
EB4F	elecDownload	Electronic music pictograms	DOWNLOAD	2.172	0	0	2.172	3.46
EB2B	elecEject	Electronic music pictograms	EJECT	2.148	0.004	0	2.148	2.568
EB1F	elecFastForward	Electronic music pictograms	FAST-FORWARD	3.604	0	0	3.6	2.144
EB11	elecHeadphones	Electronic music pictograms	HEADPHONES	3.528	0	0	3.528	3.244
EB12	elecHeadset	Electronic music pictograms	HEADSET	3.528	0	0	3.528	3.996
EB47	elecLineIn	Electronic music pictograms	LINE IN	3.284	0	-1.016	3.284	3.996
EB48	elecLineOut	Electronic music pictograms	LINE OUT	3.284	0	-1.404	3.284	3.996
EB23	elecLoop	Electronic music pictograms	LOOP	3	0	0	3	2.188
EB1A	elecLoudspeaker	Electronic music pictograms	LOUDSPEAKER	2.656	0	0	2.64	4.144
EB36	elecMIDIController0	Electronic music pictograms	MIDI CONTROLLER 0%	2.192	0	0	2.192	2.192
EB3B	elecMIDIController100	Electronic music pictograms	MIDI CONTROLLER 100%	2.192	0	0	2.192	2.192
EB37	elecMIDIController20	Electronic music pictograms	MIDI CONTROLLER 20%	2.192	0	0	2.192	2.192
EB38	elecMIDIController40	Electronic music pictograms	MIDI CONTROLLER 40%	2.192	0	0	2.196	2.192
EB39	elecMIDIController60	Electronic music pictograms	MIDI CONTROLLER 60%	2.192	0	0	2.196	2.192
EB3A	elecMIDIController80	Electronic music pictograms	MIDI CONTROLLER 80%	2.192	0	0	2.192	2.192
EB34	elecMIDIIn	Electronic music pictograms	MIDI IN	2.148	0	0	2.16	3.62
EB35	elecMIDIOut	Electronic music pictograms	MIDI OUT	2.148	0	0	2.16	3.62
EB10	elecMicrophone	Electronic music pictograms	MICROPHONE	2.192	0	0	2.192	3.964
EB28	elecMicrophoneMute	Electronic music pictograms	MUTE MICROPHONE	2.192	0	0	2.192	5.4
EB29	elecMicrophoneUnmute	Electronic music pictograms	UNMUTE MICROPHONE	2.288	0	0	2.288	4.98
EB15	elecMixingConsole	Electronic music pictograms	MIXING CONSOLE	3.448	0	0	3.448	4
EB18	elecMonitor	Electronic music pictograms	MONITOR	4.012	0	0	4.012	3.036
EB26	elecMute	Electronic music pictograms	MUTE	4.388	0	0	4.388	4.144
EB1E	elecPause	Electronic music pictograms	PAUSE	1.984	0	0	1.98	2.144
EB1C	elecPlay	Electronic music pictograms	PLAY	1.872	0	0	1.872	2.144
EB2A	elecPowerOnOff	Electronic music pictograms	POWER ON/OFF	2.7	0	0	2.696	2.992
EB19	elecProjector	Electronic music pictograms	PROJECTOR	3.996	0	0	3.996	1.984
EB24	elecReplay	Electronic music pictograms	REPLAY	2.644	0	0	2.644	3.024
EB20	elecRewind	Electronic music pictograms	REWIND	3.604	0	0	3.6	2.144
EB25	elecShuffle	Electronic music pictograms	SHUFFLE	4.572	0	-0.476	4.572	2.42
EB22	elecSkipBackwards	Electronic music pictograms	SKIP BACKWARDS	3.928	0	0	3.928	2.144
EB21	elecSkipForwards	Electronic music pictograms	SKIP FORWARDS	3.928	0	0	3.928	2.144
EB1D	elecStop	Electronic music pictograms	STOP	2.136	0	0	2.136	2.144
EB14	elecTape	Electronic music pictograms	TAPE	4.004	0	0	4.004	1.792
EB16	elecUSB	Electronic music pictograms	USB CONNECTION	1.776	0	0	1.776	4.004
EB27	elecUnmute	Electronic music pictograms	UNMUTE	3.836	0	0	3.836	4.144
EB50	elecUpload	Electronic music pictograms	UPLOAD	2.172	0	0	2.172	3.46
EB17	elecVideoCamera	Electronic music pictograms	VIDEO CAMERA	3.788	0.004	0	3.788	2.144
EB4B	elecVideoIn	Electronic music pictograms	VIDEO IN	3.268	0	0	3.268	4.004
EB4C	elecVideoOut	Electronic music pictograms	VIDEO OUT	3.268	0	0	3.268	4.004
EB2C	elecVolumeFader	Electronic music pictograms	COMBINING VOLUME FADER	0.1	0	0	0.948	4.08
EB2D	elecVolumeFaderThumb	Electronic music pictograms	COMBINING VOLUME FADER THUMB	0.844	0.1	-0.032	0.844	1.112
EB2E	elecVolumeLevel0	Electronic music pictograms	VOLUME LEVEL 0%	0.944	0	-0.032	0.944	4.08
EB33	elecVolumeLevel100	Electronic music pictograms	VOLUME LEVEL 100%	0.944	0	0	0.944	4.112
EB2F	elecVolumeLevel20	Electronic music pictograms	VOLUME LEVEL 20%	0.944	0	0	0.944	4.08
EB30	elecVolumeLevel40	Electronic music pictograms	VOLUME LEVEL 40%	0.944	0	0	0.944	4.08
EB31	elecVolumeLevel60	Electronic music pictograms	VOLUME LEVEL 60%	0.944	0	0	0.944	4.08
EB32	elecVolumeLevel80	Electronic music pictograms	VOLUME LEVEL 80%	0.944	0	0	0.944	4.08
E062	fClef	Clefs	F CLEF	2.736	-0.02	-2.54	2.736	1.048
E066	fClef15ma	Clefs	F CLEF QUINDICESIMA ALTA	2.736	-0.02	-2.54	2.736	1.984
E063	fClef15mb	Clefs	F CLEF QUINDICESIMA BASSA	2.736	-0.02	-2.968	2.736	1.048
E065	fClef8va	Clefs	F CLEF OTTAVA ALTA	2.736	-0.02	-2.54	2.736	1.98
E064	fClef8vb	Clefs	F CLEF OTTAVA BASSA	2.736	-0.02	-2.976	2.736	1.048
E068	fClefArrowDown	Clefs	F CLEF, ARROW DOWN	2.72	-0.02	-3.996	2.736	1.048
E067	fClefArrowUp	Clefs	F CLEF, ARROW UP	2.736	-0.02	-2.54	2.736	2.644
E07C	fClefChange	Clefs	F CLEF CHANGE	1.848	-0.06	-1.656	1.852	0.68
E076	fClefReversed	Clefs	REVERSED F CLEF	2.756	0	-2.54	2.756	1.048
E077	fClefTurned	Clefs	TURNED F CLEF	2.736	0	-1.056	2.756	2.532
E4C0	fermataAbove	Holds and pauses	FERMATA ABOVE	2.42	0.012	-0.012	2.42	1.316
E4C1	fermataBelow	Holds and pauses	FERMATA BELOW	2.42	0.012	-1.328	2.42	0
E4C6	fermataLongAbove	Holds and pauses	LONG FERMATA ABOVE	2.42	0	-0.004	2.412	1.332
E4C7	fermataLongBelow	Holds and pauses	LONG FERMATA BELOW	2.42	0	-1.332	2.412	0.004
E4CA	fermataLongHenzeAbove	Holds and pauses	LONG FERMATA (HENZE) ABOVE	2.944	0.004	0	2.944	1.62
E4CB	fermataLongHenzeBelow	Holds and pauses	LONG FERMATA (HENZE) BELOW	2.944	0.004	-1.62	2.944	0
E4C4	fermataShortAbove	Holds and pauses	SHORT FERMATA ABOVE	2.412	0	0	2.416	1.364
E4C5	fermataShortBelow	Holds and pauses	SHORT FERMATA BELOW	2.412	0	-1.364	2.416	0
E4CC	fermataShortHenzeAbove	Holds and pauses	SHORT FERMATA (HENZE) ABOVE	1.736	0	0	1.736	1.62
E4CD	fermataShortHenzeBelow	Holds and pauses	SHORT FERMATA (HENZE) BELOW	1.736	0	-1.62	1.736	0
E4C8	fermataVeryLongAbove	Holds and pauses	VERY LONG FERMATA ABOVE	2.864	0	0	2.86	1.632
E4C9	fermataVeryLongBelow	Holds and pauses	VERY LONG FERMATA BELOW	2.864	0	-1.632	2.86	0
E4C2	fermataVeryShortAbove	Holds and pauses	VERY SHORT FERMATA ABOVE	2.94	0	0	2.904	1.796
E4C3	fermataVeryShortBelow	Holds and pauses	VERY SHORT FERMATA BELOW	2.94	0	-1.796	2.904	0
EA50	figbass0	Figured bass	FIGURED BASS 0	1.02	0.08	-0.004	0.94	1.004
EA51	figbass1	Figured bass	FIGURED BASS 1	0.628	0.08	0	0.548	1.016
EA52	figbass2	Figured bass	FIGURED BASS 2	0.968	0.08	-0.012	0.888	1.012
EA53	figbass2Raised	Figured bass	FIGURED BASS 2 RAISED BY HALF-STEP	1.032	0.08	-0.135	0.964	1.024
EA54	figbass3	Figured bass	FIGURED BASS 3	0.9	0.08	0	0.82	1.008
EA55	figbass4	Figured bass	FIGURED BASS 4	0.944	0.08	0.004	0.864	1.012
EA56	figbass4Raised	Figured bass	FIGURED BASS 4 RAISED BY HALF-STEP	1.28	0.08	0	1.24	1.004
EA57	figbass5	Figured bass	FIGURED BASS 5	0.9	0.08	0	0.82	1.032
EA58	figbass5Raised1	Figured bass	FIGURED BASS 5 RAISED BY HALF-STEP	0.912	0.08	0.004	0.832	1.224
EA59	figbass5Raised2	Figured bass	FIGURED BASS 5 RAISED BY HALF-STEP 2	0.912	0.08	0	0.832	1.22
EA5A	figbass5Raised3	Figured bass	FIGURED BASS DIMINISHED 5	0.912	0.08	-0.172	0.82	1.224
EA5B	figbass6	Figured bass	FIGURED BASS 6	0.944	0.08	0	0.864	1
EA5C	figbass6Raised	Figured bass	FIGURED BASS 6 RAISED BY HALF-STEP	0.944	-0.064	0	1.008	0.996
EA6F	figbass6Raised2	Figured bass	FIGURED BASS 6 RAISED BY HALF-STEP 2	0.784	-0.056	0	0.784	1.052
EA5D	figbass7	Figured bass	FIGURED BASS 7	0.948	0.08	0	0.868	0.98
ECC0	figbass7Diminished	Figured bass supplement	FIGURED BASS 7 DIMINISHED	0.948	0.08	0	1.032	0.98
EA5E	figbass7Raised1	Figured bass	FIGURED BASS 7 RAISED BY HALF-STEP	0.948	0.08	-0.004	0.868	1.16
EA5F	figbass7Raised2	Figured bass	FIGURED BASS 7 LOWERED BY A HALF-STEP	0.948	0.08	-0.004	0.988	0.976
EA60	figbass8	Figured bass	FIGURED BASS 8	0.928	0.08	0	0.848	1.004
EA61	figbass9	Figured bass	FIGURED BASS 9	0.944	0.08	0	0.864	1
EA62	figbass9Raised	Figured bass	FIGURED BASS 9 RAISED BY HALF-STEP	0.948	-0.048	0	1.024	1
EA68	figbassBracketLeft	Figured bass	FIGURED BASS [	0.272	0	-0.08	0.316	1.076
EA69	figbassBracketRight	Figured bass	FIGURED BASS ]	0.276	-0.044	-0.08	0.272	1.076
EA6E	figbassCombiningLowering	Figured bass	COMBINING LOWER	1.648	0	0.148	1.648	0.78
EA6D	figbassCombiningRaising	Figured bass	COMBINING RAISE	1.648	0	0.148	1.648	0.78
EA63	figbassDoubleFlat	Figured bass	FIGURED BASS DOUBLE FLAT	1.092	0.088	-0	0.988	1.238
EA67	figbassDoubleSharp	Figured bass	FIGURED BASS DOUBLE SHARP	0.952	0.08	-0.02	0.869	0.788
EA64	figbassFlat	Figured bass	FIGURED BASS FLAT	0.708	0.084	-0	0.631	1.238
EA65	figbassNatural	Figured bass	FIGURED BASS NATURAL	0.536	0.08	-0.2	0.451	1.051
EA6A	figbassParensLeft	Figured bass	FIGURED BASS (	0.34	0.004	-0.084	0.392	1.096
EA6B	figbassParensRight	Figured bass	FIGURED BASS )	0.352	-0.036	-0.096	0.352	1.084
EA6C	figbassPlus	Figured bass	FIGURED BASS +	0.54	0	0.24	0.536	0.776
EA66	figbassSharp	Figured bass	FIGURED BASS SHARP	0.764	0.076	-0.219	0.675	1.219
ECC1	figbassTripleFlat	Figured bass supplement	FIGURED BASS TRIPLE FLAT	1.496	0.088	-0	1.432	1.238
ECC2	figbassTripleSharp	Figured bass supplement	FIGURED BASS TRIPLE SHARP	1.416	0.076	-0.219	1.353	1.219
ED10	fingering0	Fingering	FINGERING 0 (OPEN STRING)	1.02	0.08	-0.004	0.94	1.004
ED80	fingering0Italic	Fingering supplement	FINGERING 0 ITALIC (OPEN STRING)	0.924	0.039	-0.021	0.868	0.975
ED11	fingering1	Fingering	FINGERING 1 (THUMB)	0.628	0.08	0	0.548	1.016
ED81	fingering1Italic	Fingering supplement	FINGERING 1 ITALIC (THUMB)	0.772	0.066	0	0.706	0.967
ED12	fingering2	Fingering	FINGERING 2 (INDEX FINGER)	0.968	0.08	-0.012	0.888	1.012
ED82	fingering2Italic	Fingering supplement	FINGERING 2 ITALIC (INDEX FINGER)	0.968	0.066	-0.016	0.895	0.975
ED13	fingering3	Fingering	FINGERING 3 (MIDDLE FINGER)	0.9	0.08	0	0.82	1.008
ED83	fingering3Italic	Fingering supplement	FINGERING 3 ITALIC (MIDDLE FINGER)	0.908	0.066	-0.021	0.836	0.975
ED14	fingering4	Fingering	FINGERING 4 (RING FINGER)	0.944	0.08	0.004	0.864	1.012
ED84	fingering4Italic	Fingering supplement	FINGERING 4 ITALIC (RING FINGER)	0.948	0.066	0	0.854	0.967
ED15	fingering5	Fingering	FINGERING 5 (LITTLE FINGER)	0.9	0.08	0	0.82	1.032
ED85	fingering5Italic	Fingering supplement	FINGERING 5 ITALIC (LITTLE FINGER)	0.984	0.066	-0.021	0.89	0.97
ED24	fingering6	Fingering	FINGERING 6	0.948	0.08	0	0.864	1
ED86	fingering6Italic	Fingering supplement	FINGERING 6 ITALIC	0.94	0.067	-0.021	0.856	0.975
ED25	fingering7	Fingering	FINGERING 7	0.968	0.08	0	0.868	0.98
ED87	fingering7Italic	Fingering supplement	FINGERING 7 ITALIC	0.96	0.078	-0.01	0.866	0.967
ED26	fingering8	Fingering	FINGERING 8	0.924	0.08	0	0.848	1.004
ED88	fingering8Italic	Fingering supplement	FINGERING 8 ITALIC	0.968	0.066	-0.021	0.88	0.975
ED27	fingering9	Fingering	FINGERING 9	0.94	0.08	0	0.864	1
ED89	fingering9Italic	Fingering supplement	FINGERING 9 ITALIC	0.94	0.066	-0.021	0.856	0.975
ED1B	fingeringALower	Fingering	FINGERING A (ANULAR; RIGHT-HAND RING FINGER FOR GUITAR)	1.068	0	-0.02	1.068	1.032
ED1C	fingeringCLower	Fingering	FINGERING C (RIGHT-HAND LITTLE FINGER FOR GUITAR)	0.888	0	-0.028	0.888	1.044
ED1E	fingeringELower	Fingering	FINGERING E (RIGHT-HAND LITTLE FINGER FOR GUITAR)	0.8	0	-0.028	0.8	1.044
ED19	fingeringILower	Fingering	FINGERING I (INDICIO; RIGHT-HAND INDEX FINGER FOR GUITAR)	0.656	-0.052	-0.028	0.656	1.54
ED2A	fingeringLeftBracket	Fingering	FINGERING LEFT BRACKET	0.268	0	-0.08	0.316	1.076
ED8C	fingeringLeftBracketItalic	Fingering supplement	FINGERING LEFT BRACKET ITALIC	0.436	0	-0.08	0.508	1.076
ED28	fingeringLeftParenthesis	Fingering	FINGERING LEFT PARENTHESIS	0.356	0.004	-0.084	0.392	1.096
ED8A	fingeringLeftParenthesisItalic	Fingering supplement	FINGERING LEFT PARENTHESIS ITALIC	0.412	0	-0.084	0.512	1.096
ED1A	fingeringMLower	Fingering	FINGERING M (MEDIO; RIGHT-HAND MIDDLE FINGER FOR GUITAR)	1.66	-0.032	-0.016	1.66	1.028
ED23	fingeringMultipleNotes	Fingering	MULTIPLE NOTES PLAYED BY THUMB OR SINGLE FINGER	0.628	0	0	0.632	1.096
ED1F	fingeringOLower	Fingering	FINGERING O (RIGHT-HAND LITTLE FINGER FOR GUITAR)	0.924	0	-0.028	0.924	1.044
ED17	fingeringPLower	Fingering	FINGERING P (PULGAR; RIGHT-HAND THUMB FOR GUITAR)	1.088	-0.216	-0.612	1.088	1.028
ED8E	fingeringQLower	Fingering supplement	FINGERING Q (RIGHT-HAND LITTLE FINGER FOR GUITAR)	0.996	0.001	-0.552	0.996	1.029
ED2B	fingeringRightBracket	Fingering	FINGERING RIGHT BRACKET	0.268	-0.044	-0.08	0.272	1.076
ED8D	fingeringRightBracketItalic	Fingering supplement	FINGERING RIGHT BRACKET ITALIC	0.428	-0.084	-0.08	0.432	1.076
ED29	fingeringRightParenthesis	Fingering	FINGERING RIGHT PARENTHESIS	0.36	-0.036	-0.096	0.352	1.084
ED8B	fingeringRightParenthesisItalic	Fingering supplement	FINGERING RIGHT PARENTHESIS ITALIC	0.404	-0.116	-0.096	0.392	1.084
ED8F	fingeringSLower	Fingering supplement	FINGERING S (RIGHT-HAND LITTLE FINGER FOR GUITAR)	0.84	-0	-0.028	0.839	1.05
ED2C	fingeringSeparatorMiddleDot	Fingering	FINGERING MIDDLE DOT SEPARATOR	0.588	0.092	0.276	0.516	0.7
ED2D	fingeringSeparatorMiddleDotWhite	Fingering	FINGERING WHITE MIDDLE DOT SEPARATOR	0.588	0.092	0.276	0.516	0.7
ED2E	fingeringSeparatorSlash	Fingering	FINGERING FORWARD SLASH SEPARATOR	0.656	0	-0.264	0.648	1.224
ED20	fingeringSubstitutionAbove	Fingering	FINGER SUBSTITUTION ABOVE	1.12	0	1.1	1.12	1.46
ED21	fingeringSubstitutionBelow	Fingering	FINGER SUBSTITUTION BELOW	1.12	0	-0.46	1.12	-0.1
ED22	fingeringSubstitutionDash	Fingering	FINGER SUBSTITUTION DASH	0.792	0	0.44	0.792	0.568
ED18	fingeringTLower	Fingering	FINGERING T (RIGHT-HAND THUMB FOR GUITAR)	0.604	0	-0.028	0.604	1.484
ED16	fingeringTUpper	Fingering	FINGERING T (LEFT-HAND THUMB FOR GUITAR)	0.984	0.08	0	0.904	1
ED1D	fingeringXLower	Fingering	FINGERING X (RIGHT-HAND LITTLE FINGER FOR GUITAR)	1.14	0	-0.032	1.14	1.048
E24F	flag1024thDown	Flags	COMBINING FLAG 8 (1024TH) BELOW	1.24	0	-4.808	1.204	2.972
E24E	flag1024thUp	Flags	COMBINING FLAG 8 (1024TH) ABOVE	1.088	0	-3.248	1.06	4.316
E249	flag128thDown	Flags	COMBINING FLAG 5 (128TH) BELOW	1.1	0	-2.32	1.092	3.248
E248	flag128thUp	Flags	COMBINING FLAG 5 (128TH) ABOVE	1.036	0	-3.248	1.044	2.132
E243	flag16thDown	Flags	COMBINING FLAG 2 (16TH) BELOW	1.168	-0	-0.036	1.164	3.248
E242	flag16thUp	Flags	COMBINING FLAG 2 (16TH) ABOVE	1.116	0	-3.252	1.116	0.008
E24B	flag256thDown	Flags	COMBINING FLAG 6 (256TH) BELOW	1.204	-0	-3.004	1.196	3.252
E24A	flag256thUp	Flags	COMBINING FLAG 6 (256TH) ABOVE	1.072	0	-3.248	1.056	2.816
E245	flag32ndDown	Flags	COMBINING FLAG 3 (32ND) BELOW	1.096	0	-0.687	1.092	3.248
E244	flag32ndUp	Flags	COMBINING FLAG 3 (32ND) ABOVE	1.048	0	-3.248	1.044	0.596
E24D	flag512thDown	Flags	COMBINING FLAG 7 (512TH) BELOW	1.204	0	-3.756	1.2	3.248
E24C	flag512thUp	Flags	COMBINING FLAG 7 (512TH) ABOVE	1.072	0	-3.248	1.06	3.564
E247	flag64thDown	Flags	COMBINING FLAG 4 (64TH) BELOW	1.1	0	-1.504	1.092	3.248
E246	flag64thUp	Flags	COMBINING FLAG 4 (64TH) ABOVE	1.048	0	-3.248	1.044	1.387
E241	flag8thDown	Flags	COMBINING FLAG 1 (8TH) BELOW	1.224	0	-0.058	1.224	3.233
E240	flag8thUp	Flags	COMBINING FLAG 1 (8TH) ABOVE	1.056	0	-3.241	1.056	0.035
E251	flagInternalDown	Flags	INTERNAL COMBINING FLAG BELOW	1.2	-0	-0.084	1.2	2.284
E250	flagInternalUp	Flags	INTERNAL COMBINING FLAG ABOVE	1.064	0	-2.08	1.056	0.044
E850	fretboard3String	Chord diagrams	3-STRING FRETBOARD	1.44	0	0	1.44	4.096
E851	fretboard3StringNut	Chord diagrams	3-STRING FRETBOARD AT NUT	1.452	0	0	1.44	4.096
E852	fretboard4String	Chord diagrams	4-STRING FRETBOARD	2.124	0	0	2.104	4.096
E853	fretboard4StringNut	Chord diagrams	4-STRING FRETBOARD AT NUT	2.12	0	0	2.104	4.096
E854	fretboard5String	Chord diagrams	5-STRING FRETBOARD	2.796	0	0	2.776	4.096
E855	fretboard5StringNut	Chord diagrams	5-STRING FRETBOARD AT NUT	2.792	0.004	0	2.78	4.096
E856	fretboard6String	Chord diagrams	6-STRING FRETBOARD	3.46	0	0	3.444	4.096
E857	fretboard6StringNut	Chord diagrams	6-STRING FRETBOARD AT NUT	3.448	0	0	3.444	4.096
E858	fretboardFilledCircle	Chord diagrams	FINGERED FRET (FILLED CIRCLE)	0.284	-0.28	-0.28	0.284	0.284
E85A	fretboardO	Chord diagrams	OPEN STRING (O)	0.284	-0.28	-0.284	0.284	0.28
E859	fretboardX	Chord diagrams	STRING NOT PLAYED (X)	0.3	-0.296	-0.296	0.3	0.3
EA93	functionAngleLeft	Function theory symbols	FUNCTION THEORY ANGLE BRACKET LEFT	1.76	0	-1.084	1.76	3.12
EA94	functionAngleRight	Function theory symbols	FUNCTION THEORY ANGLE BRACKET RIGHT	1.76	0	-1.084	1.76	3.12
EA8F	functionBracketLeft	Function theory symbols	FUNCTION THEORY BRACKET LEFT	0.744	0	-0.848	0.744	2.916
EA90	functionBracketRight	Function theory symbols	FUNCTION THEORY BRACKET RIGHT	0.744	0	-0.848	0.744	2.916
EA81	functionDD	Function theory symbols	FUNCTION THEORY DOMINANT OF DOMINANT	3.328	0.08	-1.024	3.248	2.916
EA80	functionDLower	Function theory symbols	FUNCTION THEORY MINOR DOMINANT	2.036	0.08	-0.06	1.956	2.916
EA7F	functionDUpper	Function theory symbols	FUNCTION THEORY MAJOR DOMINANT	2.472	0.08	0	2.392	2.916
EA78	functionEight	Function theory symbols	FUNCTION THEORY 8	2.064	0.08	-0.06	1.984	2.836
EA99	functionFUpper	Function theory symbols	FUNCTION THEORY F	2.084	0.068	0	2.024	2.916
EA75	functionFive	Function theory symbols	FUNCTION THEORY 5	2.072	0.08	-0.06	1.992	2.776
EA74	functionFour	Function theory symbols	FUNCTION THEORY 4	2.128	0.08	0	2.048	2.836
EA84	functionGLower	Function theory symbols	FUNCTION THEORY G	2	0.08	-0.872	1.92	2.156
EA83	functionGUpper	Function theory symbols	FUNCTION THEORY G	2.82	0.08	-0.072	2.74	2.988
EA7C	functionGreaterThan	Function theory symbols	FUNCTION THEORY GREATER THAN	2.152	0.08	-0.276	2.072	2.276
EA9B	functionILower	Function theory symbols	FUNCTION THEORY I	0.892	0.24	0	0.656	2.828
EA9A	functionIUpper	Function theory symbols	FUNCTION THEORY I	0.728	0.176	0	0.548	2.916
EA9D	functionKLower	Function theory symbols	FUNCTION THEORY K	1.916	0.072	0	1.848	2.916
EA9C	functionKUpper	Function theory symbols	FUNCTION THEORY K	2.472	0.076	0	2.392	2.916
EA9F	functionLLower	Function theory symbols	FUNCTION THEORY L	0.876	0.272	0	0.604	2.916
EA9E	functionLUpper	Function theory symbols	FUNCTION THEORY L	1.972	0.08	0	1.892	2.916
EA7A	functionLessThan	Function theory symbols	FUNCTION THEORY LESS THAN	2.148	0.08	-0.276	2.068	2.276
ED01	functionMLower	Function theory symbols supplement	FUNCTION THEORY M	2.928	0.084	0	2.84	2.156
ED00	functionMUpper	Function theory symbols supplement	FUNCTION THEORY M	2.944	0.1	0	2.844	2.916
EA7B	functionMinus	Function theory symbols	FUNCTION THEORY MINUS	1.112	0.08	0.96	1.032	1.248
EA86	functionNLower	Function theory symbols	FUNCTION THEORY N	1.828	0.08	0	1.748	2.156
EA85	functionNUpper	Function theory symbols	FUNCTION THEORY N	2.44	0.08	0	2.36	2.916
ED02	functionNUpperSuperscript	Function theory symbols supplement	FUNCTION THEORY SUPERSCRIPT N	1.488	0.08	1.372	1.408	2.912
EA79	functionNine	Function theory symbols	FUNCTION THEORY 9	2.044	0.08	-0.06	1.964	2.836
EA71	functionOne	Function theory symbols	FUNCTION THEORY 1	1.14	0.08	0	1.06	2.836
EA88	functionPLower	Function theory symbols	FUNCTION THEORY P	2.032	0.08	-0.872	1.952	2.156
EA87	functionPUpper	Function theory symbols	FUNCTION THEORY P	2.264	0.08	0	2.184	2.916
EA91	functionParensLeft	Function theory symbols	FUNCTION THEORY PARENTHESIS LEFT	0.904	0.004	-0.848	0.876	2.916
EA92	functionParensRight	Function theory symbols	FUNCTION THEORY PARENTHESIS RIGHT	0.892	0.012	-0.848	0.884	2.916
EA98	functionPlus	Function theory symbols	FUNCTION THEORY PREFIX PLUS	1.54	0.08	1.628	1.46	3.004
ED03	functionRLower	Function theory symbols supplement	FUNCTION THEORY R	1.244	0.12	0	1.124	2.148
EA95	functionRepetition1	Function theory symbols	FUNCTION THEORY REPETITION 1	1.864	0.08	0	1.784	0.464
EA96	functionRepetition2	Function theory symbols	FUNCTION THEORY REPETITION 2	2.16	0.08	0	2.084	3.132
EA97	functionRing	Function theory symbols	FUNCTION THEORY PREFIX RING	1.536	0.08	1.636	1.456	3.012
EA8A	functionSLower	Function theory symbols	FUNCTION THEORY MINOR SUBDOMINANT	1.86	0.08	-0.06	1.78	2.156
EA7E	functionSSLower	Function theory symbols	FUNCTION THEORY MINOR SUBDOMINANT OF SUBDOMINANT	2.472	0.08	-0.892	2.392	2.216
EA7D	functionSSUpper	Function theory symbols	FUNCTION THEORY MAJOR SUBDOMINANT OF SUBDOMINANT	3.248	0.08	-1.096	3.168	3.06
EA89	functionSUpper	Function theory symbols	FUNCTION THEORY MAJOR SUBDOMINANT	2.452	0.08	-0.072	2.372	2.988
EA77	functionSeven	Function theory symbols	FUNCTION THEORY 7	2.056	0.08	0	1.976	2.776
EA76	functionSix	Function theory symbols	FUNCTION THEORY 6	2.04	0.08	-0.06	1.96	2.836
EA82	functionSlashedDD	Function theory symbols	FUNCTION THEORY DOUBLE DOMINANT SEVENTH	3.328	-0.128	-1.024	3.248	3.2
EA8C	functionTLower	Function theory symbols	FUNCTION THEORY MINOR TONIC	1.12	0.08	-0.028	1.04	2.672
EA8B	functionTUpper	Function theory symbols	FUNCTION THEORY TONIC	2.448	0.08	0	2.368	2.916
EA73	functionThree	Function theory symbols	FUNCTION THEORY 3	2.056	0.08	-0.06	1.976	2.836
EA72	functionTwo	Function theory symbols	FUNCTION THEORY 2	2.068	0.08	0	1.988	2.836
EA8E	functionVLower	Function theory symbols	FUNCTION THEORY V	2.064	0.08	0	1.984	2.096
EA8D	functionVUpper	Function theory symbols	FUNCTION THEORY V	2.62	0.08	0	2.54	2.916
EA70	functionZero	Function theory symbols	FUNCTION THEORY 0	2.016	0.08	-0.06	1.936	2.836
E050	gClef	Clefs	G CLEF	2.684	0	-2.632	2.684	4.392
E054	gClef15ma	Clefs	G CLEF QUINDICESIMA ALTA	2.684	0	-2.632	2.684	5.276
E051	gClef15mb	Clefs	G CLEF QUINDICESIMA BASSA	2.684	0	-3.524	2.684	4.392
E053	gClef8va	Clefs	G CLEF OTTAVA ALTA	2.684	0	-2.632	2.684	5.28
E052	gClef8vb	Clefs	G CLEF OTTAVA BASSA	2.656	0	-3.512	2.684	4.392
E056	gClef8vbCClef	Clefs	G CLEF OTTAVA BASSA WITH C CLEF	3.368	0	-2.632	3.368	4.392
E055	gClef8vbOld	Clefs	G CLEF OTTAVA BASSA (OLD STYLE)	4.176	0	-2.632	4.176	4.392
E057	gClef8vbParens	Clefs	G CLEF, OPTIONALLY OTTAVA BASSA	2.656	0.004	-3.6	2.664	4.404
E05B	gClefArrowDown	Clefs	G CLEF, ARROW DOWN	2.692	0	-2.865	2.684	4.38
E05A	gClefArrowUp	Clefs	G CLEF, ARROW UP	2.676	0	-2.632	2.684	4.805
E07A	gClefChange	Clefs	G CLEF CHANGE	1.76	0	-1.82	1.76	2.828
E059	gClefLigatedNumberAbove	Clefs	COMBINING G CLEF, NUMBER ABOVE	2.684	0	-2.632	2.684	4.4
E058	gClefLigatedNumberBelow	Clefs	COMBINING G CLEF, NUMBER BELOW	2.768	0.024	-2.644	2.728	4.432
E073	gClefReversed	Clefs	REVERSED G CLEF	2.696	0.024	-2.632	2.708	4.392
E074	gClefTurned	Clefs	TURNED G CLEF	2.696	0.024	-2.408	2.708	4.616
E586	glissandoDown	Other baroque ornaments	GLISSANDO DOWN	4.352	0.056	0.012	4.304	4.428
E585	glissandoUp	Other baroque ornaments	GLISSANDO UP	4.352	0.112	0.008	4.36	4.424
E561	graceNoteAcciaccaturaStemDown	Common ornaments	SLASHED GRACE NOTE STEM DOWN	0.78	-0.336	-2.1	0.78	0.332
E560	graceNoteAcciaccaturaStemUp	Common ornaments	SLASHED GRACE NOTE STEM UP	1.428	0	-0.332	1.428	2.096
E563	graceNoteAppoggiaturaStemDown	Common ornaments	GRACE NOTE STEM DOWN	0.78	0	-2.112	0.78	0.32
E562	graceNoteAppoggiaturaStemUp	Common ornaments	GRACE NOTE STEM UP	1.292	0	-0.324	1.292	2.104
E565	graceNoteSlashStemDown	Common ornaments	SLASH FOR STEM DOWN GRACE NOTE	2.02	0	-1.604	2.02	0
E564	graceNoteSlashStemUp	Common ornaments	SLASH FOR STEM UP GRACE NOTE	2.02	0	0	2.02	1.604
E848	guitarBarreFull	Guitar	FULL BARRÉ	1.572	0	-0.06	1.572	1.908
E849	guitarBarreHalf	Guitar	HALF BARRÉ	3.336	0	-0.06	3.336	1.9
E83F	guitarClosePedal	Guitar	CLOSED WAH/VOLUME PEDAL	1.144	0	-0.004	1.144	1.14
E843	guitarFadeIn	Guitar	FADE IN	1.448	0	0	1.448	1.46
E844	guitarFadeOut	Guitar	FADE OUT	1.448	0	0	1.448	1.46
E842	guitarGolpe	Guitar	GOLPE (TAPPING THE PICK GUARD)	1.08	0.004	0	1.08	1.128
E83E	guitarHalfOpenPedal	Guitar	HALF-OPEN WAH/VOLUME PEDAL	1.144	0	0	1.144	1.144
E840	guitarLeftHandTapping	Guitar	LEFT-HAND TAPPING	1.588	0	-0.224	1.588	1.364
E83D	guitarOpenPedal	Guitar	OPEN WAH/VOLUME PEDAL	1.144	0	0	1.144	1.144
E841	guitarRightHandTapping	Guitar	RIGHT-HAND TAPPING	0.788	0	0	0.788	1.008
E832	guitarShake	Guitar	GUITAR SHAKE	4.576	-0.004	0	4.572	1.428
E833	guitarString0	Guitar	STRING NUMBER 0	2.168	0.004	0	2.164	2.156
E834	guitarString1	Guitar	STRING NUMBER 1	2.16	0	0	2.16	2.156
E84A	guitarString10	Guitar	STRING NUMBER 10	2.16	0	0	2.16	2.156
E84B	guitarString11	Guitar	STRING NUMBER 11	2.16	0	0	2.16	2.156
E84C	guitarString12	Guitar	STRING NUMBER 12	2.16	0	0	2.16	2.156
E84D	guitarString13	Guitar	STRING NUMBER 13	2.188	0.028	0	2.188	2.156
E835	guitarString2	Guitar	STRING NUMBER 2	2.16	0	0	2.16	2.156
E836	guitarString3	Guitar	STRING NUMBER 3	2.16	0	0	2.16	2.156
E837	guitarString4	Guitar	STRING NUMBER 4	2.172	0.004	0	2.164	2.156
E838	guitarString5	Guitar	STRING NUMBER 5	2.164	0	0	2.16	2.156
E839	guitarString6	Guitar	STRING NUMBER 6	2.16	0	0	2.16	2.156
E83A	guitarString7	Guitar	STRING NUMBER 7	2.16	0	0	2.16	2.156
E83B	guitarString8	Guitar	STRING NUMBER 8	2.16	0	0	2.16	2.156
E83C	guitarString9	Guitar	STRING NUMBER 9	2.16	0	0	2.16	2.156
E847	guitarStrumDown	Guitar	STRUM DIRECTION DOWN	0.912	0	0	0.912	2.108
E846	guitarStrumUp	Guitar	STRUM DIRECTION UP	0.912	0	0	0.912	2.108
E831	guitarVibratoBarDip	Guitar	GUITAR VIBRATO BAR DIP	2.136	0	0	2.128	2.1
E830	guitarVibratoBarScoop	Guitar	GUITAR VIBRATO BAR SCOOP	2.036	0	0.004	2.016	2.104
EAB2	guitarVibratoStroke	Multi-segment lines	VIBRATO WIGGLE SEGMENT	0.608	-0.056	0	0.668	0.476
E845	guitarVolumeSwell	Guitar	VOLUME SWELL	2.896	0	0	2.896	1.46
EAB3	guitarWideVibratoStroke	Multi-segment lines	WIDE VIBRATO WIGGLE SEGMENT	0.82	-0.096	0	0.908	0.896
E81F	handbellsBelltree	Handbells	BELLTREE	2.132	0	-0.004	2.128	3.668
E81E	handbellsDamp3	Handbells	DAMP 3	2.568	0	0	2.568	2.568
E81B	handbellsEcho1	Handbells	ECHO	1.316	0	0	1.316	2.508
E81C	handbellsEcho2	Handbells	ECHO 2	0.516	0	0.176	0.512	2.16
E81D	handbellsGyro	Handbells	GYRO	3.124	0.004	0	3.132	3.128
E812	handbellsHandMartellato	Handbells	HAND MARTELLATO	1.036	-0.064	0.388	1.064	2.004
E815	handbellsMalletBellOnTable	Handbells	MALLET, BELL ON TABLE	1.132	0	0	1.128	1.692
E814	handbellsMalletBellSuspended	Handbells	MALLET, BELL SUSPENDED	1.128	0	0.564	1.128	1.692
E816	handbellsMalletLft	Handbells	MALLET LIFT	1.744	0	0	1.736	2.224
E810	handbellsMartellato	Handbells	MARTELLATO	1.032	0	0.388	1.028	1.516
E811	handbellsMartellatoLift	Handbells	MARTELLATO LIFT	1.656	0	0	1.656	2.048
E813	handbellsMutedMartellato	Handbells	MUTED MARTELLATO	1.916	0	0.092	1.916	2.008
E817	handbellsPluckLift	Handbells	PLUCK LIFT	0.924	0	0.176	0.924	2.224
E81A	handbellsSwing	Handbells	SWING	1.228	-0.004	0.172	1.228	2.284
E819	handbellsSwingDown	Handbells	SWING DOWN	0.512	0	0.176	0.512	2.224
E818	handbellsSwingUp	Handbells	SWING UP	0.512	0	0.176	0.512	2.224
E821	handbellsTablePairBells	Handbells	TABLE PAIR OF HANDBELLS	3.12	0	0	3.12	4.256
E820	handbellsTableSingleBell	Handbells	TABLE SINGLE HANDBELL	2.928	0	0	2.928	4.096
E68F	harpMetalRod	Harp techniques	METAL ROD PICTOGRAM	2.808	0	0	2.808	2.264
E681	harpPedalCentered	Harp techniques	HARP PEDAL CENTERED (NATURAL)	1	0.004	1	1.004	2
E683	harpPedalDivider	Harp techniques	HARP PEDAL DIVIDER	1	0	0	1	3
E682	harpPedalLowered	Harp techniques	HARP PEDAL LOWERED (SHARP)	1	0	0.368	1	1.56
E680	harpPedalRaised	Harp techniques	HARP PEDAL RAISED (FLAT)	1	0.004	1.44	1.004	2.624
E695	harpSalzedoAeolianAscending	Harp techniques	ASCENDING AEOLIAN CHORDS (SALZEDO)	1.924	0	0	1.924	4.948
E696	harpSalzedoAeolianDescending	Harp techniques	DESCENDING AEOLIAN CHORDS (SALZEDO)	1.924	0	-1.288	1.924	3.66
E69A	harpSalzedoDampAbove	Harp techniques	DAMP ABOVE (SALZEDO)	1.136	-0.244	-0.244	1.38	2.16
E699	harpSalzedoDampBelow	Harp techniques	DAMP BELOW (SALZEDO)	1.136	-0.244	-1.024	1.38	1.38
E698	harpSalzedoDampBothHands	Harp techniques	DAMP WITH BOTH HANDS (SALZEDO)	2.544	-0.244	-0.248	2.788	1.376
E697	harpSalzedoDampLowStrings	Harp techniques	DAMP ONLY LOW STRINGS (SALZEDO)	1.136	-0.244	-0.248	1.38	2.816
E68D	harpSalzedoFluidicSoundsLeft	Harp techniques	FLUIDIC SOUNDS, LEFT HAND (SALZEDO)	0.896	0	0	0.9	0.984
E68E	harpSalzedoFluidicSoundsRight	Harp techniques	FLUIDIC SOUNDS, RIGHT HAND (SALZEDO)	1.384	-0.004	0	1.384	1
E69C	harpSalzedoIsolatedSounds	Harp techniques	ISOLATED SOUNDS (SALZEDO)	2.156	0	0	2.144	2.144
E688	harpSalzedoMetallicSounds	Harp techniques	METALLIC SOUNDS (SALZEDO)	1.644	0	-0.372	1.644	2.068
E69B	harpSalzedoMetallicSoundsOneString	Harp techniques	METALLIC SOUNDS, ONE STRING (SALZEDO)	1.644	0	-0.384	1.644	2.08
E68C	harpSalzedoMuffleTotally	Harp techniques	MUFFLE TOTALLY (SALZEDO)	2.132	0	0	2.128	2.128
E685	harpSalzedoOboicFlux	Harp techniques	OBOIC FLUX (SALZEDO)	5.528	-0.08	0	5.604	1
E68A	harpSalzedoPlayUpperEnd	Harp techniques	PLAY AT UPPER END OF STRINGS (SALZEDO)	3.432	-0.056	0.004	3.508	2.14
E684	harpSalzedoSlideWithSuppleness	Harp techniques	SLIDE WITH SUPPLENESS (SALZEDO)	2.284	-0.008	0	2.288	3.124
E69D	harpSalzedoSnareDrum	Harp techniques	SNARE DRUM EFFECT (SALZEDO)	2	0	0	2	2
E689	harpSalzedoTamTamSounds	Harp techniques	TAM-TAM SOUNDS (SALZEDO)	2.256	0	0	2.256	2.256
E686	harpSalzedoThunderEffect	Harp techniques	THUNDER EFFECT (SALZEDO)	3.204	0	-0.004	3.2	3.14
E68B	harpSalzedoTimpanicSounds	Harp techniques	TIMPANIC SOUNDS (SALZEDO)	2.252	0	0	2.256	2.256
E687	harpSalzedoWhistlingSounds	Harp techniques	WHISTLING SOUNDS (SALZEDO)	2.14	0	-0.004	2.136	3.128
E694	harpStringNoiseStem	Harp techniques	COMBINING STRING NOISE FOR STEM	0.724	-0.728	-1.424	0.724	1.424
E690	harpTuningKey	Harp techniques	TUNING KEY PICTOGRAM	3.004	0.004	0	3.004	2.984
E693	harpTuningKeyGlissando	Harp techniques	RETUNE STRINGS FOR GLISSANDO	3.276	0	0	3.276	4.004
E691	harpTuningKeyHandle	Harp techniques	USE HANDLE OF TUNING KEY PICTOGRAM	3.86	0	0.148	3.86	1.972
E692	harpTuningKeyShank	Harp techniques	USE SHANK OF TUNING KEY PICTOGRAM	2.9	0	0	2.9	1.972
ED70	indianDrumClef	Clefs supplement	INDIAN DRUM CLEF	2.588	0.008	-2.064	2.588	1.752
EDE2	kahnBackChug	Kahnotation	BACK-CHUG	2.36	0	0	2.36	2.792
EDD8	kahnBackFlap	Kahnotation	BACK-FLAP	0.78	0.004	0.004	0.784	2.748
EDE1	kahnBackRiff	Kahnotation	BACK-RIFF	2.312	0.004	0	2.308	2.808
EDDA	kahnBackRip	Kahnotation	BACK-RIP	1.832	0	0	1.832	2.692
EDC6	kahnBallChange	Kahnotation	BALL-CHANGE	1.632	0.004	0.004	1.628	2.792
EDCD	kahnBallDig	Kahnotation	BALL-DIG	1.78	0	0.004	1.784	2.804
EDA7	kahnBrushBackward	Kahnotation	BRUSH-BACKWARD	1.128	0	0.084	1.128	2.336
EDA6	kahnBrushForward	Kahnotation	BRUSH-FORWARD	1.128	0	0.084	1.128	2.336
EDDD	kahnChug	Kahnotation	CHUG	2.36	0	0	2.36	2.792
EDB8	kahnClap	Kahnotation	CLAP	1.144	0	0.004	1.14	2.632
EDBA	kahnDoubleSnap	Kahnotation	DOUBLE-SNAP	1.152	0	0.164	1.152	2.668
EDEB	kahnDoubleWing	Kahnotation	DOUBLE-WING	2.428	0	0.004	2.432	2.628
EDB2	kahnDrawStep	Kahnotation	DRAW-STEP	2.624	0.006	0.004	2.626	2.668
EDB3	kahnDrawTap	Kahnotation	DRAW-TAP	3.456	0	0	3.454	2.548
EDCF	kahnFlam	Kahnotation	FLAM	1.748	0	0	1.752	2.78
EDD5	kahnFlap	Kahnotation	FLAP	1.328	0	0.004	1.324	2.716
EDD7	kahnFlapStep	Kahnotation	FLAP-STEP	1.372	0	0	1.368	2.812
EDA9	kahnFlat	Kahnotation	FLAT	0.848	0	2.296	0.848	2.612
EDB0	kahnFleaHop	Kahnotation	FLEA-HOP	3.604	0	0.116	3.608	2.508
EDB1	kahnFleaTap	Kahnotation	FLEA-TAP	2.22	0	0.004	2.211	2.54
EDA8	kahnGraceTap	Kahnotation	GRACE-TAP	1.084	0	0.776	1.074	1.48
EDD1	kahnGraceTapChange	Kahnotation	GRACE-TAP-CHANGE	1.612	0	0.004	1.616	2.812
EDD0	kahnGraceTapHop	Kahnotation	GRACE-TAP-HOP	1.612	0	0.004	1.609	2.812
EDD3	kahnGraceTapStamp	Kahnotation	GRACE-TAP-STAMP	1.696	0	0.004	1.696	2.792
EDAA	kahnHeel	Kahnotation	HEEL	0.772	0	1.992	0.772	2.764
EDC9	kahnHeelChange	Kahnotation	HEEL-CHANGE	1.444	0	0.004	1.444	2.536
EDBB	kahnHeelClick	Kahnotation	HEEL-CLICK	1.94	0	0.204	1.94	2.168
EDB6	kahnHeelDrop	Kahnotation	HEEL-DROP	1.228	0.011	0.168	1.224	1.381
EDC4	kahnHeelStep	Kahnotation	HEEL-STEP	1.2	0	0.004	1.204	2.8
EDCB	kahnHeelTap	Kahnotation	HEEL-TAP	2.08	0	0	2.08	2.788
EDA2	kahnHop	Kahnotation	HOP	1.112	0	0.004	1.112	2.656
EDA5	kahnJumpApart	Kahnotation	JUMP-APART	2.076	0	0	2.072	2.604
EDA4	kahnJumpTogether	Kahnotation	JUMP-TOGETHER	0.976	0	0.004	0.976	2.628
EDAD	kahnKneeInward	Kahnotation	KNEE-INWARD	0.548	0	1.908	0.544	2.784
EDAC	kahnKneeOutward	Kahnotation	KNEE-OUTWARD	0.548	0	1.908	0.544	2.784
EDA3	kahnLeap	Kahnotation	LEAP	1.612	0	0.004	1.616	2.812
EDD2	kahnLeapFlatFoot	Kahnotation	LEAP-FLAT-FOOT	1.724	0	0.004	1.72	2.776
EDD4	kahnLeapHeelClick	Kahnotation	LEAP-HEEL-CLICK	1.612	0	0.004	1.616	2.812
EDBF	kahnLeftCatch	Kahnotation	LEFT-CATCH	1.716	0	0.124	1.716	1.864
EDBD	kahnLeftCross	Kahnotation	LEFT-CROSS	1.716	0	0.124	1.716	1.864
EDEE	kahnLeftFoot	Kahnotation	LEFT-FOOT	0.688	0.004	1.876	0.688	2.676
EDC1	kahnLeftToeStrike	Kahnotation	LEFT-TOE-STRIKE	1.94	0	0.204	1.94	2.168
EDF0	kahnLeftTurn	Kahnotation	LEFT-TURN	2.296	0	0.004	2.3	2.788
EDEC	kahnOverTheTop	Kahnotation	OVER-THE-TOP	1.696	0	0.004	1.696	2.8
EDED	kahnOverTheTopTap	Kahnotation	OVER-THE-TOP-TAP	1.624	0	0.004	1.624	2.68
EDE3	kahnPull	Kahnotation	PULL	2.372	0	0	2.368	2.8
EDDE	kahnPush	Kahnotation	PUSH	2.372	0	0	2.368	2.8
EDE0	kahnRiff	Kahnotation	RIFF	3.32	0	0.084	3.324	2.764
EDE7	kahnRiffle	Kahnotation	RIFFLE	1.168	0.005	0.072	1.168	2.739
EDC0	kahnRightCatch	Kahnotation	RIGHT-CATCH	1.716	0	0.124	1.716	1.864
EDBE	kahnRightCross	Kahnotation	RIGHT-CROSS	1.716	0	0.124	1.716	1.864
EDEF	kahnRightFoot	Kahnotation	RIGHT-FOOT	0.756	0	1.872	0.756	2.692
EDC2	kahnRightToeStrike	Kahnotation	RIGHT-TOE-STRIKE	1.94	0	0.204	1.94	2.168
EDF1	kahnRightTurn	Kahnotation	RIGHT-TURN	2.296	0	0.004	2.3	2.788
EDD6	kahnRip	Kahnotation	RIP	1.22	0	0	1.22	2.792
EDE8	kahnRipple	Kahnotation	RIPPLE	1.184	0.005	0.075	1.184	2.7
EDAE	kahnScrape	Kahnotation	SCRAPE	0.908	0	1.904	0.904	2.448
EDDC	kahnScuff	Kahnotation	SCUFF	2.124	0	0.084	2.124	2.764
EDE6	kahnScuffle	Kahnotation	SCUFFLE	1.268	0.004	0.035	1.277	2.595
EDE5	kahnShuffle	Kahnotation	SHUFFLE	1.144	0.005	0.072	1.14	2.686
EDCE	kahnSlam	Kahnotation	SLAM	2.604	0	0	2.608	2.216
EDD9	kahnSlap	Kahnotation	SLAP	0.78	0.004	0.004	0.784	2.748
EDB4	kahnSlideStep	Kahnotation	SLIDE-STEP	3.456	0.002	0	3.456	2.548
EDB5	kahnSlideTap	Kahnotation	SLIDE-TAP	2.624	0.002	0.004	2.622	2.668
EDB9	kahnSnap	Kahnotation	SNAP	1.336	0	0.572	1.336	1.908
EDC3	kahnStamp	Kahnotation	STAMP	1.276	0	0.004	1.276	2.812
EDC8	kahnStampStamp	Kahnotation	STAMP-STAMP	1.528	0	0.004	1.528	2.536
EDA0	kahnStep	Kahnotation	STEP	1.112	0	0.004	1.112	2.656
EDC7	kahnStepStamp	Kahnotation	STEP-STAMP	1.572	0	0.004	1.568	2.536
EDCA	kahnStomp	Kahnotation	STOMP	1.78	0	0.004	1.784	2.66
EDDB	kahnStompBrush	Kahnotation	STOMP-BRUSH	1.976	0	0.004	1.972	2.68
EDA1	kahnTap	Kahnotation	TAP	1.112	0	0.004	1.112	2.656
EDAB	kahnToe	Kahnotation	TOE	0.772	0	2.012	0.772	2.784
EDBC	kahnToeClick	Kahnotation	TOE-CLICK	1.832	0	0.096	1.836	1.956
EDB7	kahnToeDrop	Kahnotation	TOE-DROP	0.992	0.008	0.216	0.988	1.196
EDC5	kahnToeStep	Kahnotation	TOE-STEP	1.284	0	0.004	1.288	2.792
EDCC	kahnToeTap	Kahnotation	TOE-TAP	2.164	0	0.004	2.156	2.8
EDAF	kahnTrench	Kahnotation	TRENCH	2.236	0	-0.004	2.236	2.684
EDE9	kahnWing	Kahnotation	WING	2.296	0	0.004	2.292	2.784
EDEA	kahnWingChange	Kahnotation	WING-CHANGE	1.832	0	0.004	1.832	2.796
EDE4	kahnZank	Kahnotation	ZANK	2.472	0	0.004	2.468	2.812
EDDF	kahnZink	Kahnotation	ZINK	2.792	0	0.004	2.788	2.64
E668	keyboardBebung2DotsAbove	Keyboard techniques	CLAVICHORD BEBUNG, 2 FINGER MOVEMENTS (ABOVE)	1.78	-0.008	0	1.78	0.956
E669	keyboardBebung2DotsBelow	Keyboard techniques	CLAVICHORD BEBUNG, 2 FINGER MOVEMENTS (BELOW)	1.78	-0.008	0	1.78	0.956
E66A	keyboardBebung3DotsAbove	Keyboard techniques	CLAVICHORD BEBUNG, 3 FINGER MOVEMENTS (ABOVE)	2.3	-0.004	0	2.3	0.956
E66B	keyboardBebung3DotsBelow	Keyboard techniques	CLAVICHORD BEBUNG, 3 FINGER MOVEMENTS (BELOW)	2.3	-0.004	0	2.3	0.956
E66C	keyboardBebung4DotsAbove	Keyboard techniques	CLAVICHORD BEBUNG, 4 FINGER MOVEMENTS (ABOVE)	2.852	0	0	2.844	0.956
E66D	keyboardBebung4DotsBelow	Keyboard techniques	CLAVICHORD BEBUNG, 4 FINGER MOVEMENTS (BELOW)	2.852	0	0	2.844	0.956
E65E	keyboardLeftPedalPictogram	Keyboard techniques	LEFT PEDAL PICTOGRAM	1.688	-0.064	-0.084	1.768	2.064
E65F	keyboardMiddlePedalPictogram	Keyboard techniques	MIDDLE PEDAL PICTOGRAM	1.704	-0.064	-0.084	1.768	2.064
E653	keyboardPedalD	Keyboard techniques	PEDAL D	0.988	-0.632	-0.012	0.984	2
E654	keyboardPedalDot	Keyboard techniques	PEDAL DOT	0.344	0	0	0.344	0.344
E652	keyboardPedalE	Keyboard techniques	PEDAL E	0.848	0	-0.024	1.02	1.26
E656	keyboardPedalHalf	Keyboard techniques	HALF-PEDAL MARK	3	0	0	3	2.128
E65B	keyboardPedalHalf2	Keyboard techniques	HALF PEDAL MARK 1	1.8	0	0	1.8	0.944
E65C	keyboardPedalHalf3	Keyboard techniques	HALF PEDAL MARK 2	1.804	0	1.024	1.8	1.968
E661	keyboardPedalHeel1	Keyboard techniques	PEDAL HEEL 1	1.704	0	0	1.704	2.124
E662	keyboardPedalHeel2	Keyboard techniques	PEDAL HEEL 2	1.704	0	0	1.704	2.124
E663	keyboardPedalHeel3	Keyboard techniques	PEDAL HEEL 3 (DAVIS)	2	0	0	2	2
E674	keyboardPedalHeelToToe	Keyboard techniques	PEDAL HEEL TO TOE	3.552	0	0	3.552	2.92
E666	keyboardPedalHeelToe	Keyboard techniques	PEDAL HEEL OR TOE	1.704	0	0	1.704	3.252
E673	keyboardPedalHookEnd	Keyboard techniques	PEDAL HOOK END	0.816	0	0	0.816	2.128
E672	keyboardPedalHookStart	Keyboard techniques	PEDAL HOOK START	0.816	0	0	0.816	2.128
E658	keyboardPedalHyphen	Keyboard techniques	PEDAL HYPHEN	1.184	0	0.76	1.184	1.228
E651	keyboardPedalP	Keyboard techniques	PEDAL P	1.972	0	-0.032	2	2.22
E676	keyboardPedalParensLeft	Keyboard techniques	LEFT PARENTHESIS FOR PEDAL MARKING	0.66	-0.008	-0.136	0.66	2.172
E677	keyboardPedalParensRight	Keyboard techniques	RIGHT PARENTHESIS FOR PEDAL MARKING	0.668	0	-0.136	0.668	2.172
E650	keyboardPedalPed	Keyboard techniques	PEDAL MARK	4.076	0	-0.032	4.076	2.22
E65A	keyboardPedalS	Keyboard techniques	PEDAL S	1.676	0	-0.06	1.676	2.364
E659	keyboardPedalSost	Keyboard techniques	SOSTENUTO PEDAL MARK	4.428	0	-0.06	4.428	2.364
E664	keyboardPedalToe1	Keyboard techniques	PEDAL TOE 1	1.752	0	0	1.752	2.128
E665	keyboardPedalToe2	Keyboard techniques	PEDAL TOE 2	1.752	0	0	1.752	2.128
E675	keyboardPedalToeToHeel	Keyboard techniques	PEDAL TOE TO HEEL	3.552	0	0	3.548	2.92
E655	keyboardPedalUp	Keyboard techniques	PEDAL UP MARK	1.8	0	0	1.8	1.8
E657	keyboardPedalUpNotch	Keyboard techniques	PEDAL UP NOTCH	1.16	0	0	1.16	2.128
E65D	keyboardPedalUpSpecial	Keyboard techniques	PEDAL UP SPECIAL	1.668	0	0.116	1.668	1.836
E670	keyboardPlayWithLH	Keyboard techniques	PLAY WITH LEFT HAND	1.564	0	0	1.564	4.064
E671	keyboardPlayWithLHEnd	Keyboard techniques	PLAY WITH LEFT HAND (END)	1.564	0	0	1.564	4.064
E66E	keyboardPlayWithRH	Keyboard techniques	PLAY WITH RIGHT HAND	1.564	0	0	1.564	4.064
E66F	keyboardPlayWithRHEnd	Keyboard techniques	PLAY WITH RIGHT HAND (END)	1.564	0	0	1.564	4.064
E667	keyboardPluckInside	Keyboard techniques	PLUCK STRINGS INSIDE PIANO (MADERNA)	1.98	0	-1.136	1.98	1.98
E660	keyboardRightPedalPictogram	Keyboard techniques	RIGHT PEDAL PICTOGRAM	1.688	-0.064	-0.084	1.768	2.064
EC3E	kievanAccidentalFlat	Kievan square notation	KIEVAN FLAT	0.808	0	-0.852	0.808	1.748
EC3D	kievanAccidentalSharp	Kievan square notation	KIEVAN SHARP	1.504	0	-1.556	1.504	1.56
EC3C	kievanAugmentationDot	Kievan square notation	KIEVAN AUGMENTATION DOT	0.8	0	-0.388	0.8	0.416
EC30	kievanCClef	Kievan square notation	KIEVAN C CLEF (TSE-FA-UT)	1.348	0	-2.108	1.348	0.468
EC31	kievanEndingSymbol	Kievan square notation	KIEVAN ENDING SYMBOL	1.412	0.004	0	1.412	4.492
EC3A	kievanNote8thStemDown	Kievan square notation	KIEVAN EIGHTH NOTE, STEM DOWN	1.136	0	-2.744	1.136	0.38
EC39	kievanNote8thStemUp	Kievan square notation	KIEVAN EIGHTH NOTE, STEM UP	0.92	0	-0.388	0.92	2.536
EC3B	kievanNoteBeam	Kievan square notation	KIEVAN BEAM	2	-0.128	-0.36	2.1	0.36
EC35	kievanNoteHalfStaffLine	Kievan square notation	KIEVAN HALF NOTE (ON STAFF LINE)	0.964	0	-1.444	0.964	0.848
EC36	kievanNoteHalfStaffSpace	Kievan square notation	KIEVAN HALF NOTE (IN STAFF SPACE)	1.064	0.004	-1.16	1.064	1.412
EC38	kievanNoteQuarterStemDown	Kievan square notation	KIEVAN QUARTER NOTE, STEM DOWN	0.932	0	-2.28	0.932	0.328
EC37	kievanNoteQuarterStemUp	Kievan square notation	KIEVAN QUARTER NOTE, STEM UP	0.932	0	-0.328	0.932	2.28
EC32	kievanNoteReciting	Kievan square notation	KIEVAN RECITING NOTE	4.644	0	-0.828	4.644	0.832
EC33	kievanNoteWhole	Kievan square notation	KIEVAN WHOLE NOTE	0.888	0	-0.888	0.888	0.912
EC34	kievanNoteWholeFinal	Kievan square notation	KIEVAN FINAL WHOLE NOTE	1.196	0	-1.384	1.196	1.38
EC40	kodalyHandDo	Kodály hand signs	DO HAND SIGN	3.944	0	0	3.944	2.452
EC43	kodalyHandFa	Kodály hand signs	FA HAND SIGN	4.144	0.004	0	4.144	2.828
EC45	kodalyHandLa	Kodály hand signs	LA HAND SIGN	4.428	0	0	4.428	2.256
EC42	kodalyHandMi	Kodály hand signs	MI HAND SIGN	4.996	0	0	4.996	1.68
EC41	kodalyHandRe	Kodály hand signs	RE HAND SIGN	4.4	0.004	0	4.444	3.184
EC44	kodalyHandSo	Kodály hand signs	SO HAND SIGN	4.648	0.004	0	4.648	2.108
EC46	kodalyHandTi	Kodály hand signs	TI HAND SIGN	4.204	0.004	0	4.204	2.548
E04C	leftRepeatSmall	Repeats	LEFT REPEAT SIGN WITHIN BAR	1.484	0	0.5	1.464	3.48
E022	legerLine	Staves	LEGER LINE	1.328	-0.32	-0.08	1.648	0.08
E024	legerLineNarrow	Staves	LEGER LINE (NARROW)	0.528	-0.32	-0.08	0.848	0.08
E023	legerLineWide	Staves	LEGER LINE (WIDE)	2.128	-0.32	-0.08	2.448	0.08
EBA4	luteBarlineEndRepeat	Renaissance lute tablature	LUTE TABLATURE END REPEAT BARLINE	1.5	0	0	1.5	7.5
EBA5	luteBarlineFinal	Renaissance lute tablature	LUTE TABLATURE FINAL BARLINE	0.912	0	0	0.912	7.5
EBA3	luteBarlineStartRepeat	Renaissance lute tablature	LUTE TABLATURE START REPEAT BARLINE	1.5	0	0	1.5	7.5
EBAB	luteDuration16th	Renaissance lute tablature	16TH NOTE (SEMIQUAVER) DURATION SIGN	0.912	0	0	0.912	3.144
EBAC	luteDuration32nd	Renaissance lute tablature	32ND NOTE (DEMISEMIQUAVER) DURATION SIGN	0.912	0	-0.036	0.912	3.144
EBAA	luteDuration8th	Renaissance lute tablature	EIGHTH NOTE (QUAVER) DURATION SIGN	0.912	0	0	0.912	3.144
EBA6	luteDurationDoubleWhole	Renaissance lute tablature	DOUBLE WHOLE NOTE (BREVE) DURATION SIGN	0.596	0	0	0.592	3.144
EBA8	luteDurationHalf	Renaissance lute tablature	HALF NOTE (MINIM) DURATION SIGN	0.912	0	0	0.912	3.144
EBA9	luteDurationQuarter	Renaissance lute tablature	QUARTER NOTE (CROTCHET) DURATION SIGN	0.912	0	0	0.912	3.144
EBA7	luteDurationWhole	Renaissance lute tablature	WHOLE NOTE (SEMIBREVE) DURATION SIGN	0.144	0	0	0.144	3.16
EBAE	luteFingeringRHFirst	Renaissance lute tablature	RIGHT-HAND FINGERING, FIRST FINGER	0.288	0	0.42	0.288	0.708
EBAF	luteFingeringRHSecond	Renaissance lute tablature	RIGHT-HAND FINGERING, SECOND FINGER	0.824	0	0.42	0.824	0.708
EBB0	luteFingeringRHThird	Renaissance lute tablature	RIGHT-HAND FINGERING, THIRD FINGER	1.364	0	0.42	1.364	0.708
EBAD	luteFingeringRHThumb	Renaissance lute tablature	RIGHT-HAND FINGERING, THUMB	0.128	0	0	0.128	1.128
EBD0	luteFrench10thCourse	French and English Renaissance lute tablature	10TH COURSE (DIAPASON)	2.716	0	-0.136	2.716	1.24
EBCD	luteFrench7thCourse	French and English Renaissance lute tablature	SEVENTH COURSE (DIAPASON)	1.104	0	0	1.104	0.968
EBCE	luteFrench8thCourse	French and English Renaissance lute tablature	EIGHTH COURSE (DIAPASON)	1.836	0	-0.136	1.836	1.24
EBCF	luteFrench9thCourse	French and English Renaissance lute tablature	NINTH COURSE (DIAPASON)	2.276	0	-0.136	2.276	1.24
EBD5	luteFrenchAppoggiaturaAbove	French and English Renaissance lute tablature	APPOGGIATURA FROM ABOVE	0.512	0	0	0.512	1.436
EBD4	luteFrenchAppoggiaturaBelow	French and English Renaissance lute tablature	APPOGGIATURA FROM BELOW	0.58	0	0	0.58	1.2
EBC0	luteFrenchFretA	French and English Renaissance lute tablature	OPEN STRING (A)	1.104	0	0	1.104	0.968
EBC1	luteFrenchFretB	French and English Renaissance lute tablature	FIRST FRET (B)	0.876	0	0	0.876	1.2
EBC2	luteFrenchFretC	French and English Renaissance lute tablature	SECOND FRET (C)	1.168	0.004	0.004	1.168	1.064
EBC3	luteFrenchFretD	French and English Renaissance lute tablature	THIRD FRET (D)	1.716	0	0	1.716	0.98
EBC4	luteFrenchFretE	French and English Renaissance lute tablature	FOURTH FRET (E)	1.252	0	0	1.252	0.952
EBC5	luteFrenchFretF	French and English Renaissance lute tablature	FIFTH FRET (F)	1.004	0	0	1.004	1.056
EBC6	luteFrenchFretG	French and English Renaissance lute tablature	SIXTH FRET (G)	1.616	0	0	1.616	1.132
EBC7	luteFrenchFretH	French and English Renaissance lute tablature	SEVENTH FRET (H)	0.936	0	0	0.936	1.16
EBC8	luteFrenchFretI	French and English Renaissance lute tablature	EIGHTH FRET (I)	0.496	0	0.004	0.496	1.224
EBC9	luteFrenchFretK	French and English Renaissance lute tablature	NINTH FRET (K)	0.856	0.004	0.004	0.856	1.2
EBCA	luteFrenchFretL	French and English Renaissance lute tablature	10TH FRET (L)	0.524	0	0	0.524	1.184
EBCB	luteFrenchFretM	French and English Renaissance lute tablature	11TH FRET (M)	1.644	0	0	1.644	1.1
EBCC	luteFrenchFretN	French and English Renaissance lute tablature	12TH FRET (N)	1.284	0	0	1.284	1.208
EBD3	luteFrenchMordentInverted	French and English Renaissance lute tablature	INVERTED MORDENT	0.748	0	0	0.748	1.2
EBD2	luteFrenchMordentLower	French and English Renaissance lute tablature	MORDENT WITH LOWER AUXILIARY	1.588	0	0	1.588	1.2
EBD1	luteFrenchMordentUpper	French and English Renaissance lute tablature	MORDENT WITH UPPER AUXILIARY	1.088	0	0	1.088	1.2
EC00	luteGermanALower	German Renaissance lute tablature	5TH COURSE, 1ST FRET (A)	1.112	0	-0.048	1.112	1.388
EC17	luteGermanAUpper	German Renaissance lute tablature	6TH COURSE, 1ST FRET (A)	1.916	0	-0.036	1.916	2.056
EC01	luteGermanBLower	German Renaissance lute tablature	4TH COURSE, 1ST FRET (B)	1.192	0	-0.044	1.192	2.036
EC18	luteGermanBUpper	German Renaissance lute tablature	6TH COURSE, 2ND FRET (B)	2.244	0	-0.036	2.244	2.068
EC02	luteGermanCLower	German Renaissance lute tablature	3RD COURSE, 1ST FRET (C)	0.804	0	-0.048	0.804	1.372
EC19	luteGermanCUpper	German Renaissance lute tablature	6TH COURSE, 3RD FRET (C)	1.652	0	-0.052	1.652	2.048
EC03	luteGermanDLower	German Renaissance lute tablature	2ND COURSE, 1ST FRET (D)	1.152	0	-0.048	1.152	1.888
EC1A	luteGermanDUpper	German Renaissance lute tablature	6TH COURSE, 4TH FRET (D)	2.24	0	-0.036	2.24	2.064
EC04	luteGermanELower	German Renaissance lute tablature	1ST COURSE, 1ST FRET (E)	0.852	0	-0.048	0.852	1.372
EC1B	luteGermanEUpper	German Renaissance lute tablature	6TH COURSE, 5TH FRET (E)	2.012	0	-0.044	2.012	2.056
EC05	luteGermanFLower	German Renaissance lute tablature	5TH COURSE, 2ND FRET (F)	0.984	0	-0.496	0.984	1.956
EC1C	luteGermanFUpper	German Renaissance lute tablature	6TH COURSE, 6TH FRET (F)	1.608	0	-0.492	1.608	2.076
EC06	luteGermanGLower	German Renaissance lute tablature	4TH COURSE, 2ND FRET (G)	1.38	0	-0.56	1.38	1.436
EC1D	luteGermanGUpper	German Renaissance lute tablature	6TH COURSE, 7TH FRET (G)	2.18	0	-0.04	2.18	2.056
EC07	luteGermanHLower	German Renaissance lute tablature	3RD COURSE, 2ND FRET (H)	1.216	0	-0.524	1.216	2.064
EC1E	luteGermanHUpper	German Renaissance lute tablature	6TH COURSE, 8TH FRET (H)	1.892	0	-0.436	1.892	2.076
EC08	luteGermanILower	German Renaissance lute tablature	2ND COURSE, 2ND FRET (I)	0.536	0	-0.452	0.536	1.924
EC1F	luteGermanIUpper	German Renaissance lute tablature	6TH COURSE, 9TH FRET (I)	2.1	0	-0.5	2.1	2.084
EC09	luteGermanKLower	German Renaissance lute tablature	1ST COURSE, 2ND FRET (K)	0.992	0	-0.036	0.992	2.04
EC20	luteGermanKUpper	German Renaissance lute tablature	6TH COURSE, 10TH FRET (K)	2.096	-0.008	-0.048	2.096	2.028
EC0A	luteGermanLLower	German Renaissance lute tablature	5TH COURSE, 3RD FRET (L)	0.672	0	-0.04	0.672	2.036
EC21	luteGermanLUpper	German Renaissance lute tablature	6TH COURSE, 11TH FRET (L)	1.688	0	-0.044	1.688	2.032
EC0B	luteGermanMLower	German Renaissance lute tablature	4TH COURSE, 3RD FRET (M)	1.932	0	-0.036	1.932	1.396
EC22	luteGermanMUpper	German Renaissance lute tablature	6TH COURSE, 12TH FRET (M)	2.884	0	-0.04	2.884	2.04
EC0C	luteGermanNLower	German Renaissance lute tablature	3RD COURSE, 3RD FRET (N)	1.256	0	-0.036	1.256	1.404
EC23	luteGermanNUpper	German Renaissance lute tablature	6TH COURSE, 13TH FRET (N)	2.428	0	-0.052	2.428	2.048
EC0D	luteGermanOLower	German Renaissance lute tablature	2ND COURSE, 3RD FRET (O)	1.256	0	-0.048	1.256	1.432
EC0E	luteGermanPLower	German Renaissance lute tablature	1ST COURSE, 3RD FRET (P)	1.316	0	-0.52	1.316	1.368
EC0F	luteGermanQLower	German Renaissance lute tablature	5TH COURSE, 4TH FRET (Q)	1.26	0	-0.52	1.26	1.368
EC10	luteGermanRLower	German Renaissance lute tablature	4TH COURSE, 4TH FRET (R)	0.964	0	-0.032	0.964	1.404
EC11	luteGermanSLower	German Renaissance lute tablature	3RD COURSE, 4TH FRET (S)	0.984	0	-0.496	0.984	1.956
EC12	luteGermanTLower	German Renaissance lute tablature	2ND COURSE, 4TH FRET (T)	0.908	0	-0.032	0.908	1.692
EC13	luteGermanVLower	German Renaissance lute tablature	1ST COURSE, 4TH FRET (V)	1.34	0	-0.032	1.34	1.384
EC14	luteGermanXLower	German Renaissance lute tablature	5TH COURSE, 5TH FRET (X)	1.028	0	-0.472	1.028	1.44
EC15	luteGermanYLower	German Renaissance lute tablature	4TH COURSE, 5TH FRET (Y)	1.216	0	-0.548	1.216	1.432
EC16	luteGermanZLower	German Renaissance lute tablature	3RD COURSE, 5TH FRET (Z)	0.852	0	-0.528	0.852	1.412
EBF1	luteItalianClefCSolFaUt	Italian and Spanish Renaissance lute tablature	C SOL FA UT CLEF	1.904	0	-2.836	1.904	1.792
EBF0	luteItalianClefFFaUt	Italian and Spanish Renaissance lute tablature	F FA UT CLEF	3.156	0	-1.404	3.156	1.4
EBE0	luteItalianFret0	Italian and Spanish Renaissance lute tablature	OPEN STRING (0)	1.024	0.096	-0.005	1.124	1.199
EBE1	luteItalianFret1	Italian and Spanish Renaissance lute tablature	FIRST FRET (1)	0.552	0.094	0	0.646	1.2
EBE2	luteItalianFret2	Italian and Spanish Renaissance lute tablature	SECOND FRET (2)	0.956	0.095	-0.01	1.051	1.202
EBE3	luteItalianFret3	Italian and Spanish Renaissance lute tablature	THIRD FRET (3)	0.88	0.095	0	0.975	1.2
EBE4	luteItalianFret4	Italian and Spanish Renaissance lute tablature	FOURTH FRET (4)	0.936	0.095	0.005	1.027	1.205
EBE5	luteItalianFret5	Italian and Spanish Renaissance lute tablature	FIFTH FRET (5)	0.864	0.093	0	0.953	1.2
EBE6	luteItalianFret6	Italian and Spanish Renaissance lute tablature	SIXTH FRET (6)	0.944	0.096	0	1.036	1.2
EBE7	luteItalianFret7	Italian and Spanish Renaissance lute tablature	SEVENTH FRET (7)	0.968	0.098	0	1.066	1.204
EBE8	luteItalianFret8	Italian and Spanish Renaissance lute tablature	EIGHTH FRET (8)	0.92	0.096	0	1.016	1.204
EBE9	luteItalianFret9	Italian and Spanish Renaissance lute tablature	NINTH FRET (9)	0.94	0.096	0	1.036	1.2
EBF4	luteItalianHoldFinger	Italian and Spanish Renaissance lute tablature	HOLD FINGER IN PLACE	2.692	0	0	2.692	1.08
EBF3	luteItalianHoldNote	Italian and Spanish Renaissance lute tablature	HOLD NOTE	1.228	0	0	1.228	1.228
EBF5	luteItalianReleaseFinger	Italian and Spanish Renaissance lute tablature	RELEASE FINGER	1.392	0	0	1.392	1.084
EBEA	luteItalianTempoFast	Italian and Spanish Renaissance lute tablature	FAST TEMPO INDICATION (DE MUDARRA)	4.508	0	-3	4.5	3
EBEC	luteItalianTempoNeitherFastNorSlow	Italian and Spanish Renaissance lute tablature	NEITHER FAST NOR SLOW TEMPO INDICATION (DE MUDARRA)	3.908	0	-2.252	3.908	2.248
EBED	luteItalianTempoSlow	Italian and Spanish Renaissance lute tablature	SLOW TEMPO INDICATION (DE MUDARRA)	3.916	0.008	-3	3.916	3
EBEB	luteItalianTempoSomewhatFast	Italian and Spanish Renaissance lute tablature	SOMEWHAT FAST TEMPO INDICATION (DE NARVAEZ)	4.5	0	-3	4.5	3
EBEE	luteItalianTempoVerySlow	Italian and Spanish Renaissance lute tablature	VERY SLOW INDICATION (DE NARVAEZ)	3.908	0	-3	3.908	3
EBEF	luteItalianTimeTriple	Italian and Spanish Renaissance lute tablature	TRIPLE TIME INDICATION	2.652	-0.02	-2.252	2.652	2.248
EBF2	luteItalianTremolo	Italian and Spanish Renaissance lute tablature	SINGLE-FINGER TREMOLO OR MORDENT	0.824	0	0	0.824	0.288
EBF6	luteItalianVibrato	Italian and Spanish Renaissance lute tablature	VIBRATO (VERRE CASSÉ)	1.588	0	0	1.588	1.2
EBA0	luteStaff6Lines	Renaissance lute tablature	LUTE TABLATURE STAFF, 6 COURSES	2	0	-0.064	2	7.564
EBA2	luteStaff6LinesNarrow	Renaissance lute tablature	LUTE TABLATURE STAFF, 6 COURSES (NARROW)	1	0	-0.064	1	7.564
EBA1	luteStaff6LinesWide	Renaissance lute tablature	LUTE TABLATURE STAFF, 6 COURSES (WIDE)	3	0	-0.064	3	7.564
E551	lyricsElision	Lyrics	ELISION	1.86	-0.32	-0.572	2.18	0
E550	lyricsElisionNarrow	Lyrics	NARROW ELISION	1.46	-0.16	-0.572	1.62	0
E552	lyricsElisionWide	Lyrics	WIDE ELISION	2.664	-0.32	-0.572	2.98	0
E553	lyricsHyphenBaseline	Lyrics	BASELINE HYPHEN	1.34	0.16	-0.136	1.168	0.14
E554	lyricsHyphenBaselineNonBreaking	Lyrics	NON-BREAKING BASELINE HYPHEN	1.34	0.16	-0.136	1.168	0.14
E555	lyricsTextRepeat	Lyrics	TEXT REPEATS	1.616	0	0	1.616	1.612
E9E1	medRenFlatHardB	Medieval and Renaissance accidentals	FLAT, HARD B (MI)	0.744	0	-0.564	0.744	1.68
E9E0	medRenFlatSoftB	Medieval and Renaissance accidentals	FLAT, SOFT B (FA)	0.82	0	-0.604	0.82	1.652
E9E4	medRenFlatWithDot	Medieval and Renaissance accidentals	FLAT WITH DOT	0.904	0	-0.74	0.904	1.716
EA24	medRenGClefCMN	Medieval and Renaissance symbols in CMN	G CLEF (CORPUS MONODICUM)	1.504	0	0	1.504	2.084
EA22	medRenLiquescenceCMN	Medieval and Renaissance symbols in CMN	LIQUESCENCE	1.32	0	-0.5	1.16	0.5
EA26	medRenLiquescentAscCMN	Medieval and Renaissance symbols in CMN	LIQUESCENT ASCENDING (CORPUS MONODICUM)	1.1	0	-0.508	1.1	1.272
EA27	medRenLiquescentDescCMN	Medieval and Renaissance symbols in CMN	LIQUESCENT DESCENDING (CORPUS MONODICUM)	1.1	0	-1.272	1.1	0.508
E9E2	medRenNatural	Medieval and Renaissance accidentals	NATURAL	0.408	0	-1.016	0.408	1.012
E9E5	medRenNaturalWithCross	Medieval and Renaissance accidentals	NATURAL WITH INTERRUPTED CROSS	0.672	0	-1.352	0.672	1.352
EA2A	medRenOriscusCMN	Medieval and Renaissance symbols in CMN	ORISCUS (CORPUS MONODICUM)	1.276	0	-0.524	1.276	0.528
EA23	medRenPlicaCMN	Medieval and Renaissance symbols in CMN	PLICA	1.2	-0.6	-0.372	0.6	0.376
EA25	medRenPunctumCMN	Medieval and Renaissance symbols in CMN	PUNCTUM (CORPUS MONODICUM)	1.096	0	-0.504	1.096	0.508
EA28	medRenQuilismaCMN	Medieval and Renaissance symbols in CMN	QUILISMA (CORPUS MONODICUM)	1.612	0	-0.488	1.612	0.488
E9E3	medRenSharpCroix	Medieval and Renaissance accidentals	CROIX	1.72	0	-0.568	1.72	0.568
EA29	medRenStrophicusCMN	Medieval and Renaissance symbols in CMN	STROPHICUS (CORPUS MONODICUM)	0.736	0	-0.544	0.736	0.544
EA10	mensuralAlterationSign	Medieval and Renaissance miscellany	ALTERATION SIGN	1.2	0	0.004	1.204	0.992
E952	mensuralBlackBrevis	Medieval and Renaissance individual notes	BLACK MENSURAL BREVIS	1.328	0	-0.564	1.328	0.564
E956	mensuralBlackBrevisVoid	Medieval and Renaissance individual notes	BLACK MENSURAL VOID BREVIS	1.328	0	-0.564	1.328	0.564
E95A	mensuralBlackDragma	Medieval and Renaissance individual notes	BLACK MENSURAL DRAGMA	1.128	0	-2.596	1.128	2.592
E951	mensuralBlackLonga	Medieval and Renaissance individual notes	BLACK MENSURAL LONGA	1.328	0	-2.564	1.328	0.564
E950	mensuralBlackMaxima	Medieval and Renaissance individual notes	BLACK MENSURAL MAXIMA	3.128	0	-2.564	3.128	0.564
E954	mensuralBlackMinima	Medieval and Renaissance individual notes	BLACK MENSURAL MINIMA	1.128	0	-0.564	1.128	2.596
E958	mensuralBlackMinimaVoid	Medieval and Renaissance individual notes	BLACK MENSURAL VOID MINIMA	1.128	0	-0.564	1.128	2.648
E953	mensuralBlackSemibrevis	Medieval and Renaissance individual notes	BLACK MENSURAL SEMIBREVIS	1.128	0	-0.564	1.128	0.564
E959	mensuralBlackSemibrevisCaudata	Medieval and Renaissance individual notes	BLACK MENSURAL SEMIBREVIS CAUDATA	1.128	0	-2.596	1.128	0.564
E95B	mensuralBlackSemibrevisOblique	Medieval and Renaissance individual notes	BLACK MENSURAL OBLIQUE SEMIBREVIS	2.044	0	-0.98	2.044	0.564
E957	mensuralBlackSemibrevisVoid	Medieval and Renaissance individual notes	BLACK MENSURAL VOID SEMIBREVIS	1.132	0.004	-0.564	1.132	0.564
E955	mensuralBlackSemiminima	Medieval and Renaissance individual notes	BLACK MENSURAL SEMIMINIMA	1.38	0	-0.564	1.38	2.596
E905	mensuralCclef	Medieval and Renaissance clefs	MENSURAL C CLEF	2.6	0	-2	2.6	2
E90A	mensuralCclefPetrucciPosHigh	Medieval and Renaissance clefs	PETRUCCI C CLEF, HIGH POSITION	0.976	0	-3.2	0.976	2.4
E90B	mensuralCclefPetrucciPosHighest	Medieval and Renaissance clefs	PETRUCCI C CLEF, HIGHEST POSITION	0.976	0	-3.18	0.976	1.416
E908	mensuralCclefPetrucciPosLow	Medieval and Renaissance clefs	PETRUCCI C CLEF, LOW POSITION	0.976	0	-2.4	0.976	3.2
E907	mensuralCclefPetrucciPosLowest	Medieval and Renaissance clefs	PETRUCCI C CLEF, LOWEST POSITION	0.976	0	-1.396	0.976	3.2
E909	mensuralCclefPetrucciPosMiddle	Medieval and Renaissance clefs	PETRUCCI C CLEF, MIDDLE POSITION	0.976	0	-3.2	0.976	3.2
EA0F	mensuralColorationEndRound	Medieval and Renaissance miscellany	COLORATION END, ROUND	0.728	0	0	0.728	0.728
EA0D	mensuralColorationEndSquare	Medieval and Renaissance miscellany	COLORATION END, SQUARE	0.728	0	0	0.728	0.728
EA0E	mensuralColorationStartRound	Medieval and Renaissance miscellany	COLORATION START, ROUND	0.728	0	0	0.728	0.728
EA0C	mensuralColorationStartSquare	Medieval and Renaissance miscellany	COLORATION START, SQUARE	0.728	0	0	0.728	0.728
E940	mensuralCombStemDiagonal	Medieval and Renaissance noteheads and stems	COMBINING STEM DIAGONAL	0.004	-0.776	-0.772	0.768	0.768
E93F	mensuralCombStemDown	Medieval and Renaissance noteheads and stems	COMBINING STEM DOWN	0.128	0	-3.128	0.128	0
E948	mensuralCombStemDownFlagExtended	Medieval and Renaissance noteheads and stems	COMBINING STEM WITH EXTENDED FLAG DOWN	0.876	-0.496	-3.128	0.876	0
E946	mensuralCombStemDownFlagFlared	Medieval and Renaissance noteheads and stems	COMBINING STEM WITH FLARED FLAG DOWN	0.924	0	-3.128	0.924	0
E94C	mensuralCombStemDownFlagFusa	Medieval and Renaissance noteheads and stems	COMBINING STEM WITH FUSA FLAG DOWN	0.876	0	-3.128	0.876	0
E944	mensuralCombStemDownFlagLeft	Medieval and Renaissance noteheads and stems	COMBINING STEM WITH FLAG LEFT DOWN	0.128	-0.752	-3.128	0.128	0
E942	mensuralCombStemDownFlagRight	Medieval and Renaissance noteheads and stems	COMBINING STEM WITH FLAG RIGHT DOWN	0.88	0	-3.128	0.88	0
E94A	mensuralCombStemDownFlagSemiminima	Medieval and Renaissance noteheads and stems	COMBINING STEM WITH SEMIMINIMA FLAG DOWN	0.876	0	-3.128	0.876	0
E93E	mensuralCombStemUp	Medieval and Renaissance noteheads and stems	COMBINING STEM UP	0.128	0	0	0.128	3.128
E947	mensuralCombStemUpFlagExtended	Medieval and Renaissance noteheads and stems	COMBINING STEM WITH EXTENDED FLAG UP	0.876	-0.496	0	0.876	3.128
E945	mensuralCombStemUpFlagFlared	Medieval and Renaissance noteheads and stems	COMBINING STEM WITH FLARED FLAG UP	0.924	0	0	0.924	3.128
E94B	mensuralCombStemUpFlagFusa	Medieval and Renaissance noteheads and stems	COMBINING STEM WITH FUSA FLAG UP	0.876	0	0	0.876	3.128
E943	mensuralCombStemUpFlagLeft	Medieval and Renaissance noteheads and stems	COMBINING STEM WITH FLAG LEFT UP	0.128	-0.752	0	0.128	3.128
E941	mensuralCombStemUpFlagRight	Medieval and Renaissance noteheads and stems	COMBINING STEM WITH FLAG RIGHT UP	0.88	0	0	0.88	3.128
E949	mensuralCombStemUpFlagSemiminima	Medieval and Renaissance noteheads and stems	COMBINING STEM WITH SEMIMINIMA FLAG UP	0.876	0	0	0.876	3.128
EA0A	mensuralCustosCheckmark	Medieval and Renaissance miscellany	CHECKMARK CUSTOS	2.232	0	0	2.232	1.816
EA03	mensuralCustosDown	Medieval and Renaissance miscellany	MENSURAL CUSTOS DOWN	2.46	0.004	-0.656	2.456	0.988
EA0B	mensuralCustosTurn	Medieval and Renaissance miscellany	TURN-LIKE CUSTOS	1.868	0	0	1.868	0.932
EA02	mensuralCustosUp	Medieval and Renaissance miscellany	MENSURAL CUSTOS UP	2.46	0.004	0	2.456	1.644
E903	mensuralFclef	Medieval and Renaissance clefs	MENSURAL F CLEF	1.192	0	-0.688	1.188	0.688
E904	mensuralFclefPetrucci	Medieval and Renaissance clefs	PETRUCCI F CLEF	1.952	0	-4.276	1.952	2.364
E900	mensuralGclef	Medieval and Renaissance clefs	MENSURAL G CLEF	1.584	0	-0.928	1.584	0.924
E901	mensuralGclefPetrucci	Medieval and Renaissance clefs	PETRUCCI G CLEF	1.356	0	-0.676	1.356	3.688
E92D	mensuralModusImperfectumVert	Medieval and Renaissance prolations	MODUS IMPERFECTUM, VERTICAL	4.192	0	-1.344	4.192	1.344
E92C	mensuralModusPerfectumVert	Medieval and Renaissance prolations	MODUS PERFECTUM, VERTICAL	4.192	0	-1.344	4.192	1.344
E934	mensuralNoteheadLongaBlack	Medieval and Renaissance noteheads and stems	LONGA/BREVIS NOTEHEAD, BLACK	1.328	0	-0.564	1.328	0.564
E936	mensuralNoteheadLongaBlackVoid	Medieval and Renaissance noteheads and stems	LONGA/BREVIS NOTEHEAD, BLACK AND VOID	1.328	0	-0.564	1.328	0.564
E935	mensuralNoteheadLongaVoid	Medieval and Renaissance noteheads and stems	LONGA/BREVIS NOTEHEAD, VOID	1.328	0	-0.564	1.328	0.564
E937	mensuralNoteheadLongaWhite	Medieval and Renaissance noteheads and stems	LONGA/BREVIS NOTEHEAD, WHITE	1.3	0	-0.684	1.3	0.688
E930	mensuralNoteheadMaximaBlack	Medieval and Renaissance noteheads and stems	MAXIMA NOTEHEAD, BLACK	3.128	0	-0.564	3.128	0.564
E932	mensuralNoteheadMaximaBlackVoid	Medieval and Renaissance noteheads and stems	MAXIMA NOTEHEAD, BLACK AND VOID	3.132	0	-0.564	3.132	0.564
E931	mensuralNoteheadMaximaVoid	Medieval and Renaissance noteheads and stems	MAXIMA NOTEHEAD, VOID	3.128	0	-0.564	3.128	0.564
E933	mensuralNoteheadMaximaWhite	Medieval and Renaissance noteheads and stems	MAXIMA NOTEHEAD, WHITE	2.5	0	-0.688	2.5	0.684
E93C	mensuralNoteheadMinimaWhite	Medieval and Renaissance noteheads and stems	MINIMA NOTEHEAD, WHITE	1.28	0	-0.736	1.28	0.74
E938	mensuralNoteheadSemibrevisBlack	Medieval and Renaissance noteheads and stems	SEMIBREVIS NOTEHEAD, BLACK	1.128	0	-0.564	1.128	0.564
E93A	mensuralNoteheadSemibrevisBlackVoid	Medieval and Renaissance noteheads and stems	SEMIBREVIS NOTEHEAD, BLACK AND VOID	1.128	0	-0.564	1.128	0.564
E93B	mensuralNoteheadSemibrevisBlackVoidTurned	Medieval and Renaissance noteheads and stems	SEMIBREVIS NOTEHEAD, BLACK AND VOID (TURNED)	1.128	0	-0.564	1.128	0.564
E939	mensuralNoteheadSemibrevisVoid	Medieval and Renaissance noteheads and stems	SEMIBREVIS NOTEHEAD, VOID	1.132	0.004	-0.564	1.132	0.564
E93D	mensuralNoteheadSemiminimaWhite	Medieval and Renaissance noteheads and stems	SEMIMINIMA/FUSA NOTEHEAD, WHITE	1.28	0	-0.736	1.28	0.74
E970	mensuralObliqueAsc2ndBlack	Medieval and Renaissance oblique forms	OBLIQUE FORM, ASCENDING 2ND, BLACK	3.128	0	-0.568	3.128	1.056
E972	mensuralObliqueAsc2ndBlackVoid	Medieval and Renaissance oblique forms	OBLIQUE FORM, ASCENDING 2ND, BLACK AND VOID	3.132	0	-0.568	3.132	1.056
E971	mensuralObliqueAsc2ndVoid	Medieval and Renaissance oblique forms	OBLIQUE FORM, ASCENDING 2ND, VOID	3.128	0	-0.568	3.128	1.064
E973	mensuralObliqueAsc2ndWhite	Medieval and Renaissance oblique forms	OBLIQUE FORM, ASCENDING 2ND, WHITE	3.124	0	-0.688	3.124	1.16
E974	mensuralObliqueAsc3rdBlack	Medieval and Renaissance oblique forms	OBLIQUE FORM, ASCENDING 3RD, BLACK	3.128	0	-0.568	3.128	1.524
E976	mensuralObliqueAsc3rdBlackVoid	Medieval and Renaissance oblique forms	OBLIQUE FORM, ASCENDING 3RD, BLACK AND VOID	3.132	0	-0.568	3.132	1.532
E975	mensuralObliqueAsc3rdVoid	Medieval and Renaissance oblique forms	OBLIQUE FORM, ASCENDING 3RD, VOID	3.128	0	-0.568	3.128	1.54
E977	mensuralObliqueAsc3rdWhite	Medieval and Renaissance oblique forms	OBLIQUE FORM, ASCENDING 3RD, WHITE	3.124	0	-0.688	3.124	1.712
E978	mensuralObliqueAsc4thBlack	Medieval and Renaissance oblique forms	OBLIQUE FORM, ASCENDING 4TH, BLACK	3.128	0	-0.568	3.128	2.172
E97A	mensuralObliqueAsc4thBlackVoid	Medieval and Renaissance oblique forms	OBLIQUE FORM, ASCENDING 4TH, BLACK AND VOID	3.132	0	-0.568	3.132	2.052
E979	mensuralObliqueAsc4thVoid	Medieval and Renaissance oblique forms	OBLIQUE FORM, ASCENDING 4TH, VOID	3.128	0	-0.568	3.128	2.1
E97B	mensuralObliqueAsc4thWhite	Medieval and Renaissance oblique forms	OBLIQUE FORM, ASCENDING 4TH, WHITE	3.124	0	-0.688	3.124	2.28
E97C	mensuralObliqueAsc5thBlack	Medieval and Renaissance oblique forms	OBLIQUE FORM, ASCENDING 5TH, BLACK	3.128	0	-0.568	3.128	2.552
E97E	mensuralObliqueAsc5thBlackVoid	Medieval and Renaissance oblique forms	OBLIQUE FORM, ASCENDING 5TH, BLACK AND VOID	3.132	0	-0.568	3.132	2.56
E97D	mensuralObliqueAsc5thVoid	Medieval and Renaissance oblique forms	OBLIQUE FORM, ASCENDING 5TH, VOID	3.128	0	-0.568	3.128	2.592
E97F	mensuralObliqueAsc5thWhite	Medieval and Renaissance oblique forms	OBLIQUE FORM, ASCENDING 5TH, WHITE	3.124	0	-0.688	3.124	2.76
E980	mensuralObliqueDesc2ndBlack	Medieval and Renaissance oblique forms	OBLIQUE FORM, DESCENDING 2ND, BLACK	3.128	0	-1.096	3.128	0.528
E982	mensuralObliqueDesc2ndBlackVoid	Medieval and Renaissance oblique forms	OBLIQUE FORM, DESCENDING 2ND, BLACK AND VOID	3.132	0	-1.096	3.132	0.528
E981	mensuralObliqueDesc2ndVoid	Medieval and Renaissance oblique forms	OBLIQUE FORM, DESCENDING 2ND, VOID	3.128	0	-1.104	3.128	0.528
E983	mensuralObliqueDesc2ndWhite	Medieval and Renaissance oblique forms	OBLIQUE FORM, DESCENDING 2ND, WHITE	3.124	0	-1.16	3.124	0.688
E984	mensuralObliqueDesc3rdBlack	Medieval and Renaissance oblique forms	OBLIQUE FORM, DESCENDING 3RD, BLACK	3.128	0	-1.564	3.128	0.528
E986	mensuralObliqueDesc3rdBlackVoid	Medieval and Renaissance oblique forms	OBLIQUE FORM, DESCENDING 3RD, BLACK AND VOID	3.132	0	-1.572	3.132	0.528
E985	mensuralObliqueDesc3rdVoid	Medieval and Renaissance oblique forms	OBLIQUE FORM, DESCENDING 3RD, VOID	3.128	0	-1.58	3.128	0.528
E987	mensuralObliqueDesc3rdWhite	Medieval and Renaissance oblique forms	OBLIQUE FORM, DESCENDING 3RD, WHITE	3.124	0	-1.712	3.124	0.688
E988	mensuralObliqueDesc4thBlack	Medieval and Renaissance oblique forms	OBLIQUE FORM, DESCENDING 4TH, BLACK	3.128	0	-2.212	3.128	0.528
E98A	mensuralObliqueDesc4thBlackVoid	Medieval and Renaissance oblique forms	OBLIQUE FORM, DESCENDING 4TH, BLACK AND VOID	3.132	0	-2.092	3.132	0.528
E989	mensuralObliqueDesc4thVoid	Medieval and Renaissance oblique forms	OBLIQUE FORM, DESCENDING 4TH, VOID	3.128	0	-2.14	3.128	0.528
E98B	mensuralObliqueDesc4thWhite	Medieval and Renaissance oblique forms	OBLIQUE FORM, DESCENDING 4TH, WHITE	3.124	0	-2.28	3.124	0.688
E98C	mensuralObliqueDesc5thBlack	Medieval and Renaissance oblique forms	OBLIQUE FORM, DESCENDING 5TH, BLACK	3.128	0	-2.592	3.128	0.528
E98E	mensuralObliqueDesc5thBlackVoid	Medieval and Renaissance oblique forms	OBLIQUE FORM, DESCENDING 5TH, BLACK AND VOID	3.132	0	-2.6	3.132	0.528
E98D	mensuralObliqueDesc5thVoid	Medieval and Renaissance oblique forms	OBLIQUE FORM, DESCENDING 5TH, VOID	3.128	0	-2.632	3.128	0.528
E98F	mensuralObliqueDesc5thWhite	Medieval and Renaissance oblique forms	OBLIQUE FORM, DESCENDING 5TH, WHITE	3.124	0	-2.76	3.124	0.688
E910	mensuralProlation1	Medieval and Renaissance prolations	TEMPUS PERFECTUM CUM PROLATIONE PERFECTA (9/8)	2.128	0.004	-1.064	2.128	1.06
E919	mensuralProlation10	Medieval and Renaissance prolations	TEMPUS IMPERFECTUM CUM PROLATIONE IMPERFECTA DIMINUTION 4	2	0	-1.52	1.98	1.452
E91A	mensuralProlation11	Medieval and Renaissance prolations	TEMPUS IMPERFECTUM CUM PROLATIONE IMPERFECTA DIMINUTION 5	1.976	0	-1.068	1.98	1.056
E911	mensuralProlation2	Medieval and Renaissance prolations	TEMPUS PERFECTUM CUM PROLATIONE IMPERFECTA (3/4)	2.128	0.004	-1.064	2.128	1.06
E912	mensuralProlation3	Medieval and Renaissance prolations	TEMPUS PERFECTUM CUM PROLATIONE IMPERFECTA DIMINUTION 1 (3/8)	2.128	0.004	-1.52	2.128	1.452
E913	mensuralProlation4	Medieval and Renaissance prolations	TEMPUS PERFECTUM CUM PROLATIONE PERFECTA DIMINUTION 2 (9/16)	2.124	0	-1.52	2.124	1.452
E914	mensuralProlation5	Medieval and Renaissance prolations	TEMPUS IMPERFECTUM CUM PROLATIONE PERFECTA (6/8)	1.98	0	-1.064	1.976	1.06
E915	mensuralProlation6	Medieval and Renaissance prolations	TEMPUS IMPERFECTUM CUM PROLATIONE IMPERFECTA (2/4)	1.98	0	-1.064	1.976	1.06
E916	mensuralProlation7	Medieval and Renaissance prolations	TEMPUS IMPERFECTUM CUM PROLATIONE IMPERFECTA DIMINUTION 1 (2/2)	1.968	-0.012	-1	1.968	1.124
E917	mensuralProlation8	Medieval and Renaissance prolations	TEMPUS IMPERFECTUM CUM PROLATIONE IMPERFECTA DIMINUTION 2 (6/16)	1.972	0.004	-1.52	1.98	1.452
E918	mensuralProlation9	Medieval and Renaissance prolations	TEMPUS IMPERFECTUM CUM PROLATIONE IMPERFECTA DIMINUTION 3 (2/2)	1.98	0.004	-1.52	1.98	1.452
E920	mensuralProlationCombiningDot	Medieval and Renaissance prolations	COMBINING DOT	0.5	0	-0.252	0.5	0.248
E924	mensuralProlationCombiningDotVoid	Medieval and Renaissance prolations	COMBINING VOID DOT	1.296	0	-0.648	1.296	0.648
E925	mensuralProlationCombiningStroke	Medieval and Renaissance prolations	COMBINING VERTICAL STROKE	0.192	0	-1.484	0.192	1.488
E922	mensuralProlationCombiningThreeDots	Medieval and Renaissance prolations	COMBINING THREE DOTS HORIZONTAL	1.448	0	-0.196	1.448	0.196
E923	mensuralProlationCombiningThreeDotsTri	Medieval and Renaissance prolations	COMBINING THREE DOTS TRIANGULAR	1.064	0	-0.5	1.064	0.504
E921	mensuralProlationCombiningTwoDots	Medieval and Renaissance prolations	COMBINING TWO DOTS	1.064	0	-0.208	1.064	0.208
E926	mensuralProportion1	Medieval and Renaissance prolations	MENSURAL PROPORTION 1	0.996	0	-1	0.996	1.012
E927	mensuralProportion2	Medieval and Renaissance prolations	MENSURAL PROPORTION 2	1.324	0	-1	1.324	1.012
E928	mensuralProportion3	Medieval and Renaissance prolations	MENSURAL PROPORTION 3	1.172	0	-1	1.176	1.012
E929	mensuralProportion4	Medieval and Renaissance prolations	MENSURAL PROPORTION 4	1.516	0	-1	1.516	1
EE90	mensuralProportion5	Medieval and Renaissance prolations supplement	MENSURAL PROPORTION 5	1.26	0.003	-1.04	1.257	1.034
EE91	mensuralProportion6	Medieval and Renaissance prolations supplement	MENSURAL PROPORTION 6	1.296	0	-1.039	1.295	1.11
EE92	mensuralProportion7	Medieval and Renaissance prolations supplement	MENSURAL PROPORTION 7	1.352	0	-1	1.349	1.036
EE93	mensuralProportion8	Medieval and Renaissance prolations supplement	MENSURAL PROPORTION 8	1.3	0	-1.039	1.299	1.086
EE94	mensuralProportion9	Medieval and Renaissance prolations supplement	MENSURAL PROPORTION 9	1.296	0	-1.091	1.294	1.056
E92B	mensuralProportionMajor	Medieval and Renaissance prolations	MENSURAL PROPORTION MAJOR	0.888	0	-1.488	0.888	1.484
E92A	mensuralProportionMinor	Medieval and Renaissance prolations	MENSURAL PROPORTION MINOR	0.888	0	-1.488	0.888	1.484
E91C	mensuralProportionProportioDupla1	Medieval and Renaissance prolations	PROPORTIO DUPLA 1	2.972	0	-1.064	2.972	1.06
E91D	mensuralProportionProportioDupla2	Medieval and Renaissance prolations	PROPORTIO DUPLA 2	2.16	0	-1.076	2.16	1.08
E91F	mensuralProportionProportioQuadrupla	Medieval and Renaissance prolations	PROPORTIO QUADRUPLA	2.156	0	-1.08	2.156	1.076
E91E	mensuralProportionProportioTripla	Medieval and Renaissance prolations	PROPORTIO TRIPLA	2.16	0	-1.076	2.16	1.08
E91B	mensuralProportionTempusPerfectum	Medieval and Renaissance prolations	TEMPUS PERFECTUM	2.188	0	-1.104	2.188	1.1
E9F3	mensuralRestBrevis	Medieval and Renaissance rests	BREVIS REST	0.192	0	0	0.192	1
E9F7	mensuralRestFusa	Medieval and Renaissance rests	FUSA REST	0.556	0	0	0.556	0.66
E9F2	mensuralRestLongaImperfecta	Medieval and Renaissance rests	LONGA IMPERFECTA REST	0.192	0	-1	0.192	1
E9F1	mensuralRestLongaPerfecta	Medieval and Renaissance rests	LONGA PERFECTA REST	0.192	0	-2	0.192	2
E9F0	mensuralRestMaxima	Medieval and Renaissance rests	MAXIMA REST	0.588	0	-2	0.588	2
E9F5	mensuralRestMinima	Medieval and Renaissance rests	MINIMA REST	0.192	0	0	0.192	0.5
E9F4	mensuralRestSemibrevis	Medieval and Renaissance rests	SEMIBREVIS REST	0.192	0	0.5	0.192	1
E9F8	mensuralRestSemifusa	Medieval and Renaissance rests	SEMIFUSA REST	0.552	0	0	0.552	0.66
E9F6	mensuralRestSemiminima	Medieval and Renaissance rests	SEMIMINIMA REST	0.556	0	0	0.556	0.66
EA01	mensuralSignumDown	Medieval and Renaissance miscellany	SIGNUM CONGRUENTIAE DOWN	1.14	0	0	1.14	1.884
EA00	mensuralSignumUp	Medieval and Renaissance miscellany	SIGNUM CONGRUENTIAE UP	1.14	0	0	1.14	1.884
E92F	mensuralTempusImperfectumHoriz	Medieval and Renaissance prolations	TEMPUS IMPERFECTUM, HORIZONTAL	4.192	0	-1.344	4.192	1.344
E92E	mensuralTempusPerfectumHoriz	Medieval and Renaissance prolations	TEMPUS PERFECTUM, HORIZONTAL	4.192	0	-1.344	4.192	1.344
E95E	mensuralWhiteBrevis	Medieval and Renaissance individual notes	WHITE MENSURAL BREVIS	1.3	0	-0.684	1.3	0.688
E961	mensuralWhiteFusa	Medieval and Renaissance individual notes	WHITE MENSURAL FUSA	1.392	0	-0.744	1.392	3.544
E95D	mensuralWhiteLonga	Medieval and Renaissance individual notes	WHITE MENSURAL LONGA	1.3	0	-3.548	1.3	0.684
E95C	mensuralWhiteMaxima	Medieval and Renaissance individual notes	WHITE MENSURAL MAXIMA	2.5	0	-3.548	2.5	0.684
E95F	mensuralWhiteMinima	Medieval and Renaissance individual notes	WHITE MENSURAL MINIMA	1.28	0	-0.736	1.28	3.544
E962	mensuralWhiteSemibrevis	Medieval and Renaissance individual notes	WHITE MENSURAL SEMIBREVIS	1.28	0	-0.736	1.28	0.74
E960	mensuralWhiteSemiminima	Medieval and Renaissance individual notes	WHITE MENSURAL SEMIMINIMA	1.28	0	-0.736	1.28	3.544
ECB7	metAugmentationDot	Metronome marks	AUGMENTATION DOT	0.4	0	-0.2	0.4	0.2
ECB6	metNote1024thDown	Metronome marks	1024TH NOTE (SEMIHEMIDEMISEMIHEMIDEMISEMIQUAVER) STEM DOWN	1.328	0	-6.98	1.328	0.564
ECB5	metNote1024thUp	Metronome marks	1024TH NOTE (SEMIHEMIDEMISEMIHEMIDEMISEMIQUAVER) STEM UP	2.164	0	-0.564	2.164	7.028
ECB0	metNote128thDown	Metronome marks	128TH NOTE (SEMIHEMIDEMISEMIQUAVER) STEM DOWN	1.328	0	-4.988	1.328	0.564
ECAF	metNote128thUp	Metronome marks	128TH NOTE (SEMIHEMIDEMISEMIQUAVER) STEM UP	2.148	0	-0.564	2.148	5.072
ECAA	metNote16thDown	Metronome marks	16TH NOTE (SEMIQUAVER) STEM DOWN	1.328	0	-2.824	1.328	0.564
ECA9	metNote16thUp	Metronome marks	16TH NOTE (SEMIQUAVER) STEM UP	2.088	0	-0.564	2.084	2.8
ECB2	metNote256thDown	Metronome marks	256TH NOTE (DEMISEMIHEMIDEMISEMIQUAVER) STEM DOWN	1.328	0	-5.608	1.328	0.564
ECB1	metNote256thUp	Metronome marks	256TH NOTE (DEMISEMIHEMIDEMISEMIQUAVER) STEM UP	2.164	0	-0.564	2.16	5.696
ECAC	metNote32ndDown	Metronome marks	32ND NOTE (DEMISEMIQUAVER) STEM DOWN	1.328	0	-3.52	1.328	0.564
ECAB	metNote32ndUp	Metronome marks	32ND NOTE (DEMISEMIQUAVER) STEM UP	2.152	0	-0.564	2.152	3.692
ECB4	metNote512thDown	Metronome marks	512TH NOTE (HEMIDEMISEMIHEMIDEMISEMIQUAVER) STEM DOWN	1.328	0	-6.28	1.328	0.564
ECB3	metNote512thUp	Metronome marks	512TH NOTE (HEMIDEMISEMIHEMIDEMISEMIQUAVER) STEM UP	2.168	0	-0.564	2.168	6.356
ECAE	metNote64thDown	Metronome marks	64TH NOTE (HEMIDEMISEMIQUAVER) STEM DOWN	1.328	0	-4.256	1.328	0.564
ECAD	metNote64thUp	Metronome marks	64TH NOTE (HEMIDEMISEMIQUAVER) STEM UP	2.148	0	-0.564	2.148	4.392
ECA8	metNote8thDown	Metronome marks	EIGHTH NOTE (QUAVER) STEM DOWN	1.328	0	-2.824	1.328	0.564
ECA7	metNote8thUp	Metronome marks	EIGHTH NOTE (QUAVER) STEM UP	2.136	0	-0.564	2.132	2.784
ECA0	metNoteDoubleWhole	Metronome marks	DOUBLE WHOLE NOTE (BREVE)	2.62	0	-0.672	2.62	0.68
ECA1	metNoteDoubleWholeSquare	Metronome marks	DOUBLE WHOLE NOTE (SQUARE)	2.132	0	-0.76	1.664	0.792
ECA4	metNoteHalfDown	Metronome marks	HALF NOTE (MINIM) STEM DOWN	1.364	0	-2.752	1.364	0.564
ECA3	metNoteHalfUp	Metronome marks	HALF NOTE (MINIM) STEM UP	1.364	0	-0.564	1.364	2.752
ECA6	metNoteQuarterDown	Metronome marks	QUARTER NOTE (CROTCHET) STEM DOWN	1.328	0	-2.752	1.328	0.564
ECA5	metNoteQuarterUp	Metronome marks	QUARTER NOTE (CROTCHET) STEM UP	1.328	0	-0.564	1.328	2.752
ECA2	metNoteWhole	Metronome marks	WHOLE NOTE (SEMIBREVE)	1.836	0	-0.5	1.836	0.592
EC63	metricModulationArrowLeft	Miscellaneous symbols	LEFT-POINTING ARROW FOR METRIC MODULATION	3.308	0	0.54	3.308	1.452
EC64	metricModulationArrowRight	Miscellaneous symbols	RIGHT-POINTING ARROW FOR METRIC MODULATION	3.308	0	0.54	3.308	1.452
EC61	miscDoNotCopy	Miscellaneous symbols	DO NOT COPY	4.52	-0.004	0	4.508	4.512
EC60	miscDoNotPhotocopy	Miscellaneous symbols	DO NOT PHOTOCOPY	4.344	-0.02	-0.036	4.34	4.024
EC62	miscEyeglasses	Miscellaneous symbols	EYEGLASSES	4.652	0	0	4.652	2
E1E6	note1024thDown	Individual notes	1024TH NOTE (SEMIHEMIDEMISEMIHEMIDEMISEMIQUAVER) STEM DOWN	1.328	0	-7.968	1.328	0.564
E1E5	note1024thUp	Individual notes	1024TH NOTE (SEMIHEMIDEMISEMIHEMIDEMISEMIQUAVER) STEM UP	2.268	0	-0.5	2.268	7.804
E1E0	note128thDown	Individual notes	128TH NOTE (SEMIHEMIDEMISEMIQUAVER) STEM DOWN	1.328	0	-5.788	1.328	0.564
E1DF	note128thUp	Individual notes	128TH NOTE (SEMIHEMIDEMISEMIQUAVER) STEM UP	2.252	0	-0.552	2.252	5.632
E1DA	note16thDown	Individual notes	16TH NOTE (SEMIQUAVER) STEM DOWN	1.328	0	-3.532	1.328	0.564
E1D9	note16thUp	Individual notes	16TH NOTE (SEMIQUAVER) STEM UP	2.324	0	-0.552	2.324	3.492
E1E2	note256thDown	Individual notes	256TH NOTE (DEMISEMIHEMIDEMISEMIQUAVER) STEM DOWN	1.328	0	-6.452	1.328	0.564
E1E1	note256thUp	Individual notes	256TH NOTE (DEMISEMIHEMIDEMISEMIQUAVER) STEM UP	2.264	0	-0.552	2.264	6.32
E1DC	note32ndDown	Individual notes	32ND NOTE (DEMISEMIQUAVER) STEM DOWN	1.328	0	-4.192	1.328	0.564
E1DB	note32ndUp	Individual notes	32ND NOTE (DEMISEMIQUAVER) STEM UP	2.252	0	-0.552	2.252	4.092
E1E4	note512thDown	Individual notes	512TH NOTE (HEMIDEMISEMIHEMIDEMISEMIQUAVER) STEM DOWN	1.328	0	-7.156	1.328	0.564
E1E3	note512thUp	Individual notes	512TH NOTE (HEMIDEMISEMIHEMIDEMISEMIQUAVER) STEM UP	2.272	0	-0.552	2.272	7.052
E1DE	note64thDown	Individual notes	64TH NOTE (HEMIDEMISEMIQUAVER) STEM DOWN	1.328	0	-4.96	1.328	0.564
E1DD	note64thUp	Individual notes	64TH NOTE (HEMIDEMISEMIQUAVER) STEM UP	2.252	0	-0.552	2.252	4.888
E1D8	note8thDown	Individual notes	EIGHTH NOTE (QUAVER) STEM DOWN	1.328	0	-3.528	1.328	0.564
E1D7	note8thUp	Individual notes	EIGHTH NOTE (QUAVER) STEM UP	2.264	0	-0.552	2.264	3.492
E197	noteABlack	Note name noteheads	A (BLACK NOTE)	1.432	0	-0.564	1.432	0.564
E196	noteAFlatBlack	Note name noteheads	A FLAT (BLACK NOTE)	1.432	0	-0.568	1.432	0.56
E17F	noteAFlatHalf	Note name noteheads	A FLAT (HALF NOTE)	1.444	0	-0.576	1.444	0.584
E168	noteAFlatWhole	Note name noteheads	A FLAT (WHOLE NOTE)	1.944	0	-0.584	1.944	0.576
E180	noteAHalf	Note name noteheads	A (HALF NOTE)	1.444	0	-0.576	1.444	0.584
E198	noteASharpBlack	Note name noteheads	A SHARP (BLACK NOTE)	1.432	0	-0.568	1.432	0.56
E181	noteASharpHalf	Note name noteheads	A SHARP (HALF NOTE)	1.444	0	-0.576	1.444	0.584
E16A	noteASharpWhole	Note name noteheads	A SHARP (WHOLE NOTE)	1.944	0	-0.584	1.944	0.576
E169	noteAWhole	Note name noteheads	A (WHOLE NOTE)	1.944	0	-0.58	1.944	0.58
E19A	noteBBlack	Note name noteheads	B (BLACK NOTE)	1.428	0	-0.564	1.428	0.564
E199	noteBFlatBlack	Note name noteheads	B FLAT (BLACK NOTE)	1.428	0	-0.564	1.428	0.564
E182	noteBFlatHalf	Note name noteheads	B FLAT (HALF NOTE)	1.444	0	-0.576	1.444	0.584
E16B	noteBFlatWhole	Note name noteheads	B FLAT (WHOLE NOTE)	1.944	0	-0.584	1.944	0.576
E183	noteBHalf	Note name noteheads	B (HALF NOTE)	1.444	0	-0.576	1.444	0.584
E19B	noteBSharpBlack	Note name noteheads	B SHARP (BLACK NOTE)	1.428	0	-0.56	1.428	0.568
E184	noteBSharpHalf	Note name noteheads	B SHARP (HALF NOTE)	1.444	0	-0.576	1.444	0.584
E16D	noteBSharpWhole	Note name noteheads	B SHARP (WHOLE NOTE)	1.944	0	-0.584	1.944	0.576
E16C	noteBWhole	Note name noteheads	B (WHOLE NOTE)	1.944	0	-0.584	1.944	0.576
E19D	noteCBlack	Note name noteheads	C (BLACK NOTE)	1.432	0	-0.56	1.432	0.568
E19C	noteCFlatBlack	Note name noteheads	C FLAT (BLACK NOTE)	1.428	0	-0.564	1.428	0.564
E185	noteCFlatHalf	Note name noteheads	C FLAT (HALF NOTE)	1.44	0	-0.576	1.444	0.584
E16E	noteCFlatWhole	Note name noteheads	C FLAT (WHOLE NOTE)	1.944	0	-0.584	1.944	0.576
E186	noteCHalf	Note name noteheads	C (HALF NOTE)	1.444	0	-0.576	1.444	0.584
E19E	noteCSharpBlack	Note name noteheads	C SHARP (BLACK NOTE)	1.428	0	-0.56	1.428	0.568
E187	noteCSharpHalf	Note name noteheads	C SHARP (HALF NOTE)	1.444	0	-0.576	1.444	0.584
E170	noteCSharpWhole	Note name noteheads	C SHARP (WHOLE NOTE)	1.944	0	-0.584	1.944	0.576
E16F	noteCWhole	Note name noteheads	C (WHOLE NOTE)	1.944	0	-0.584	1.944	0.576
E1A0	noteDBlack	Note name noteheads	D (BLACK NOTE)	1.428	0	-0.564	1.428	0.564
E19F	noteDFlatBlack	Note name noteheads	D FLAT (BLACK NOTE)	1.428	0	-0.564	1.428	0.564
E188	noteDFlatHalf	Note name noteheads	D FLAT (HALF NOTE)	1.444	0	-0.576	1.444	0.584
E171	noteDFlatWhole	Note name noteheads	D FLAT (WHOLE NOTE)	1.944	0	-0.588	1.944	0.572
E189	noteDHalf	Note name noteheads	D (HALF NOTE)	1.444	0	-0.576	1.444	0.584
E1A1	noteDSharpBlack	Note name noteheads	D SHARP (BLACK NOTE)	1.428	0	-0.564	1.428	0.564
E18A	noteDSharpHalf	Note name noteheads	D SHARP (HALF NOTE)	1.444	0	-0.576	1.444	0.584
E173	noteDSharpWhole	Note name noteheads	D SHARP (WHOLE NOTE)	1.944	0	-0.588	1.944	0.572
E172	noteDWhole	Note name noteheads	D (WHOLE NOTE)	1.944	0	-0.588	1.944	0.572
EEF2	noteDiBlack	Note name noteheads supplement	DI (BLACK NOTE)	1.432	0	-0.564	1.432	0.564
EEE9	noteDiHalf	Note name noteheads supplement	DI (HALF NOTE)	1.44	0	-0.578	1.44	0.582
EEE0	noteDiWhole	Note name noteheads supplement	DI (WHOLE NOTE)	1.948	0.002	-0.582	1.946	0.578
E160	noteDoBlack	Note name noteheads	DO (BLACK NOTE)	1.432	0	-0.56	1.432	0.568
E158	noteDoHalf	Note name noteheads	DO (HALF NOTE)	1.44	0	-0.58	1.44	0.58
E150	noteDoWhole	Note name noteheads	DO (WHOLE NOTE)	1.944	0	-0.584	1.944	0.576
E1D0	noteDoubleWhole	Individual notes	DOUBLE WHOLE NOTE (BREVE)	2.62	0	-0.672	2.62	0.68
E1D1	noteDoubleWholeSquare	Individual notes	DOUBLE WHOLE NOTE (SQUARE)	2.132	0	-0.76	1.664	0.792
E1A3	noteEBlack	Note name noteheads	E (BLACK NOTE)	1.432	0	-0.564	1.432	0.564
E1A2	noteEFlatBlack	Note name noteheads	E FLAT (BLACK NOTE)	1.428	0	-0.564	1.428	0.564
E18B	noteEFlatHalf	Note name noteheads	E FLAT (HALF NOTE)	1.444	0	-0.576	1.444	0.584
E174	noteEFlatWhole	Note name noteheads	E FLAT (WHOLE NOTE)	1.948	0	-0.584	1.944	0.576
E18C	noteEHalf	Note name noteheads	E (HALF NOTE)	1.444	0	-0.576	1.444	0.584
E1A4	noteESharpBlack	Note name noteheads	E SHARP (BLACK NOTE)	1.428	0	-0.564	1.428	0.564
E18D	noteESharpHalf	Note name noteheads	E SHARP (HALF NOTE)	1.444	0	-0.576	1.444	0.584
E176	noteESharpWhole	Note name noteheads	E SHARP (WHOLE NOTE)	1.944	0	-0.584	1.944	0.576
E175	noteEWhole	Note name noteheads	E (WHOLE NOTE)	1.944	0	-0.584	1.944	0.576
E1AF	noteEmptyBlack	Note name noteheads	EMPTY BLACK NOTE	1.432	0	-0.564	1.432	0.564
E1AE	noteEmptyHalf	Note name noteheads	EMPTY HALF NOTE	1.444	0	-0.576	1.444	0.584
E1AD	noteEmptyWhole	Note name noteheads	EMPTY WHOLE NOTE	1.944	0	-0.584	1.944	0.576
E1A6	noteFBlack	Note name noteheads	F (BLACK NOTE)	1.432	0	-0.564	1.432	0.564
E1A5	noteFFlatBlack	Note name noteheads	F FLAT (BLACK NOTE)	1.428	0	-0.56	1.428	0.568
E18E	noteFFlatHalf	Note name noteheads	F FLAT (HALF NOTE)	1.444	0	-0.58	1.444	0.58
E177	noteFFlatWhole	Note name noteheads	F FLAT (WHOLE NOTE)	1.944	0	-0.584	1.944	0.576
E18F	noteFHalf	Note name noteheads	F (HALF NOTE)	1.444	0	-0.58	1.444	0.58
E1A7	noteFSharpBlack	Note name noteheads	F SHARP (BLACK NOTE)	1.428	0	-0.564	1.428	0.564
E190	noteFSharpHalf	Note name noteheads	F SHARP (HALF NOTE)	1.444	0	-0.58	1.444	0.58
E179	noteFSharpWhole	Note name noteheads	F SHARP (WHOLE NOTE)	1.944	0	-0.588	1.944	0.572
E178	noteFWhole	Note name noteheads	F (WHOLE NOTE)	1.944	0	-0.584	1.944	0.576
E163	noteFaBlack	Note name noteheads	FA (BLACK NOTE)	1.432	0	-0.556	1.432	0.572
E15B	noteFaHalf	Note name noteheads	FA (HALF NOTE)	1.44	0	-0.576	1.44	0.584
E153	noteFaWhole	Note name noteheads	FA (WHOLE NOTE)	1.944	0	-0.584	1.944	0.576
EEF6	noteFiBlack	Note name noteheads supplement	FI (BLACK NOTE)	1.432	0	-0.563	1.432	0.565
EEED	noteFiHalf	Note name noteheads supplement	FI (HALF NOTE)	1.44	0	-0.58	1.44	0.58
EEE4	noteFiWhole	Note name noteheads supplement	FI (WHOLE NOTE)	1.944	0	-0.596	1.944	0.564
E1A9	noteGBlack	Note name noteheads	G (BLACK NOTE)	1.432	0	-0.56	1.432	0.568
E1A8	noteGFlatBlack	Note name noteheads	G FLAT (BLACK NOTE)	1.432	0	-0.56	1.432	0.568
E191	noteGFlatHalf	Note name noteheads	G FLAT (HALF NOTE)	1.444	0	-0.58	1.444	0.58
E17A	noteGFlatWhole	Note name noteheads	G FLAT (WHOLE NOTE)	1.944	0	-0.584	1.944	0.576
E192	noteGHalf	Note name noteheads	G (HALF NOTE)	1.44	-0.004	-0.576	1.44	0.584
E1AA	noteGSharpBlack	Note name noteheads	G SHARP (BLACK NOTE)	1.428	0	-0.564	1.428	0.564
E193	noteGSharpHalf	Note name noteheads	G SHARP (HALF NOTE)	1.444	0	-0.576	1.444	0.584
E17C	noteGSharpWhole	Note name noteheads	G SHARP (WHOLE NOTE)	1.944	0	-0.584	1.944	0.576
E17B	noteGWhole	Note name noteheads	G (WHOLE NOTE)	1.944	0	-0.584	1.944	0.576
E1AB	noteHBlack	Note name noteheads	H (BLACK NOTE)	1.432	0	-0.56	1.432	0.568
E194	noteHHalf	Note name noteheads	H (HALF NOTE)	1.444	0	-0.576	1.444	0.584
E1AC	noteHSharpBlack	Note name noteheads	H SHARP (BLACK NOTE)	1.432	0	-0.56	1.432	0.568
E195	noteHSharpHalf	Note name noteheads	H SHARP (HALF NOTE)	1.444	0	-0.576	1.444	0.584
E17E	noteHSharpWhole	Note name noteheads	H SHARP (WHOLE NOTE)	1.944	0	-0.584	1.944	0.576
E17D	noteHWhole	Note name noteheads	H (WHOLE NOTE)	1.944	0	-0.584	1.944	0.576
E1D4	noteHalfDown	Individual notes	HALF NOTE (MINIM) STEM DOWN	1.364	0	-3.5	1.364	0.58
E1D3	noteHalfUp	Individual notes	HALF NOTE (MINIM) STEM UP	1.364	0	-0.58	1.364	3.5
E165	noteLaBlack	Note name noteheads	LA (BLACK NOTE)	1.432	0	-0.556	1.432	0.572
E15D	noteLaHalf	Note name noteheads	LA (HALF NOTE)	1.444	0	-0.576	1.44	0.584
E155	noteLaWhole	Note name noteheads	LA (WHOLE NOTE)	1.944	0	-0.584	1.944	0.576
EEF9	noteLeBlack	Note name noteheads supplement	LE (BLACK NOTE)	1.432	0	-0.564	1.432	0.564
EEF0	noteLeHalf	Note name noteheads supplement	LE (HALF NOTE)	1.444	0.001	-0.58	1.441	0.58
EEE7	noteLeWhole	Note name noteheads supplement	LE (WHOLE NOTE)	1.948	0.001	-0.586	1.945	0.574
EEF8	noteLiBlack	Note name noteheads supplement	LI (BLACK NOTE)	1.436	0.001	-0.565	1.433	0.563
EEEF	noteLiHalf	Note name noteheads supplement	LI (HALF NOTE)	1.444	-0.001	-0.58	1.439	0.58
EEE6	noteLiWhole	Note name noteheads supplement	LI (WHOLE NOTE)	1.948	0.004	-0.589	1.948	0.571
EEF5	noteMeBlack	Note name noteheads supplement	ME (BLACK NOTE)	1.436	-0.001	-0.565	1.431	0.563
EEEC	noteMeHalf	Note name noteheads supplement	ME (HALF NOTE)	1.444	-0	-0.581	1.44	0.579
EEE3	noteMeWhole	Note name noteheads supplement	ME (WHOLE NOTE)	1.948	0	-0.584	1.944	0.576
E162	noteMiBlack	Note name noteheads	MI (BLACK NOTE)	1.432	0	-0.556	1.432	0.572
E15A	noteMiHalf	Note name noteheads	MI (HALF NOTE)	1.44	0	-0.576	1.44	0.584
E152	noteMiWhole	Note name noteheads	MI (WHOLE NOTE)	1.944	0	-0.584	1.944	0.576
E1D6	noteQuarterDown	Individual notes	QUARTER NOTE (CROTCHET) STEM DOWN	1.328	0	-3.5	1.328	0.564
E1D5	noteQuarterUp	Individual notes	QUARTER NOTE (CROTCHET) STEM UP	1.328	0	-0.564	1.328	3.5
EEF4	noteRaBlack	Note name noteheads supplement	RA (BLACK NOTE)	1.436	-0.001	-0.563	1.431	0.565
EEEB	noteRaHalf	Note name noteheads supplement	RA (HALF NOTE)	1.444	0.001	-0.582	1.441	0.578
EEE2	noteRaWhole	Note name noteheads supplement	RA (WHOLE NOTE)	1.948	0.003	-0.589	1.947	0.571
E161	noteReBlack	Note name noteheads	RE (BLACK NOTE)	1.432	0	-0.56	1.432	0.568
E159	noteReHalf	Note name noteheads	RE (HALF NOTE)	1.444	0	-0.576	1.44	0.584
E151	noteReWhole	Note name noteheads	RE (WHOLE NOTE)	1.944	0	-0.584	1.944	0.576
EEF3	noteRiBlack	Note name noteheads supplement	RI (BLACK NOTE)	1.436	-0.002	-0.566	1.43	0.562
EEEA	noteRiHalf	Note name noteheads supplement	RI (HALF NOTE)	1.44	0	-0.582	1.44	0.578
EEE1	noteRiWhole	Note name noteheads supplement	RI (WHOLE NOTE)	1.948	0.003	-0.583	1.947	0.577
EEF7	noteSeBlack	Note name noteheads supplement	SE (BLACK NOTE)	1.436	-0.001	-0.566	1.431	0.562
EEEE	noteSeHalf	Note name noteheads supplement	SE (HALF NOTE)	1.444	-0.001	-0.58	1.439	0.58
EEE5	noteSeWhole	Note name noteheads supplement	SE (WHOLE NOTE)	1.948	0.002	-0.585	1.946	0.575
E1C9	noteShapeArrowheadLeftBlack	Shape note noteheads	ARROWHEAD LEFT BLACK (FUNK 7-SHAPE RE)	1.124	0	-0.5	1.124	0.5
ECDC	noteShapeArrowheadLeftDoubleWhole	Shape note noteheads supplement	ARROWHEAD LEFT DOUBLE WHOLE (FUNK 7-SHAPE RE)	1.908	0	-0.62	1.908	0.62
E1C8	noteShapeArrowheadLeftWhite	Shape note noteheads	ARROWHEAD LEFT WHITE (FUNK 7-SHAPE RE)	1.12	0	-0.5	1.12	0.5
E1B9	noteShapeDiamondBlack	Shape note noteheads	DIAMOND BLACK (4-SHAPE MI; 7-SHAPE MI)	1.444	0	-0.552	1.444	0.548
ECD4	noteShapeDiamondDoubleWhole	Shape note noteheads supplement	DIAMOND DOUBLE WHOLE (4-SHAPE MI; 7-SHAPE MI)	2.04	0	-0.62	2.04	0.62
E1B8	noteShapeDiamondWhite	Shape note noteheads	DIAMOND WHITE (4-SHAPE MI; 7-SHAPE MI)	1.436	0	-0.556	1.444	0.544
E1C5	noteShapeIsoscelesTriangleBlack	Shape note noteheads	ISOSCELES TRIANGLE BLACK (WALKER 7-SHAPE TI)	1.124	0	-0.5	1.124	0.5
ECDA	noteShapeIsoscelesTriangleDoubleWhole	Shape note noteheads supplement	ISOSCELES TRIANGLE DOUBLE WHOLE (WALKER 7-SHAPE TI)	1.928	0	-0.62	1.928	0.62
E1C4	noteShapeIsoscelesTriangleWhite	Shape note noteheads	ISOSCELES TRIANGLE WHITE (WALKER 7-SHAPE TI)	1.124	0	-0.5	1.124	0.5
E1C1	noteShapeKeystoneBlack	Shape note noteheads	INVERTED KEYSTONE BLACK (WALKER 7-SHAPE DO)	1.176	0	-0.5	1.176	0.5
ECD8	noteShapeKeystoneDoubleWhole	Shape note noteheads supplement	INVERTED KEYSTONE DOUBLE WHOLE (WALKER 7-SHAPE DO)	1.988	0	-0.62	1.988	0.62
E1C0	noteShapeKeystoneWhite	Shape note noteheads	INVERTED KEYSTONE WHITE (WALKER 7-SHAPE DO)	1.172	0	-0.5	1.172	0.5
E1BD	noteShapeMoonBlack	Shape note noteheads	MOON BLACK (AIKIN 7-SHAPE RE)	1.444	0	-0.5	1.444	0.5
ECD6	noteShapeMoonDoubleWhole	Shape note noteheads supplement	MOON DOUBLE WHOLE (AIKIN 7-SHAPE RE)	2.336	0	-0.62	2.336	0.62
E1C7	noteShapeMoonLeftBlack	Shape note noteheads	MOON LEFT BLACK (FUNK 7-SHAPE DO)	1.04	0	-0.5	1.04	0.5
ECDB	noteShapeMoonLeftDoubleWhole	Shape note noteheads supplement	MOON LEFT DOUBLE WHOLE (FUNK 7-SHAPE DO)	1.836	0	-0.62	1.836	0.62
E1C6	noteShapeMoonLeftWhite	Shape note noteheads	MOON LEFT WHITE (FUNK 7-SHAPE DO)	1.04	0	-0.5	1.04	0.5
E1BC	noteShapeMoonWhite	Shape note noteheads	MOON WHITE (AIKIN 7-SHAPE RE)	1.444	0	-0.5	1.444	0.5
E1C3	noteShapeQuarterMoonBlack	Shape note noteheads	QUARTER MOON BLACK (WALKER 7-SHAPE RE)	1.036	0	-0.5	1.036	0.5
ECD9	noteShapeQuarterMoonDoubleWhole	Shape note noteheads supplement	QUARTER MOON DOUBLE WHOLE (WALKER 7-SHAPE RE)	1.84	0	-0.62	1.84	0.62
E1C2	noteShapeQuarterMoonWhite	Shape note noteheads	QUARTER MOON WHITE (WALKER 7-SHAPE RE)	1.036	0	-0.5	1.036	0.5
E1B1	noteShapeRoundBlack	Shape note noteheads	ROUND BLACK (4-SHAPE SOL; 7-SHAPE SO)	1.444	0	-0.552	1.456	0.552
ECD0	noteShapeRoundDoubleWhole	Shape note noteheads supplement	ROUND DOUBLE WHOLE (4-SHAPE SOL; 7-SHAPE SO)	2.396	0	-0.62	2.396	0.62
E1B0	noteShapeRoundWhite	Shape note noteheads	ROUND WHITE (4-SHAPE SOL; 7-SHAPE SO)	1.456	0	-0.548	1.464	0.548
E1B3	noteShapeSquareBlack	Shape note noteheads	SQUARE BLACK (4-SHAPE LA; AIKIN 7-SHAPE LA)	1.44	0	-0.46	1.44	0.46
ECD1	noteShapeSquareDoubleWhole	Shape note noteheads supplement	SQUARE DOUBLE WHOLE (4-SHAPE LA; AIKIN 7-SHAPE LA)	2.324	0	-0.62	2.324	0.62
E1B2	noteShapeSquareWhite	Shape note noteheads	SQUARE WHITE (4-SHAPE LA; AIKIN 7-SHAPE LA)	1.44	0	-0.46	1.44	0.46
E1B7	noteShapeTriangleLeftBlack	Shape note noteheads	TRIANGLE LEFT BLACK (STEM UP; 4-SHAPE FA; 7-SHAPE FA)	1.44	0	-0.5	1.44	0.5
ECD3	noteShapeTriangleLeftDoubleWhole	Shape note noteheads supplement	TRIANGLE LEFT DOUBLE WHOLE (STEM UP; 4-SHAPE FA; 7-SHAPE FA)	2.316	0	-0.62	2.316	0.62
E1B6	noteShapeTriangleLeftWhite	Shape note noteheads	TRIANGLE LEFT WHITE (STEM UP; 4-SHAPE FA; 7-SHAPE FA)	1.44	0	-0.5	1.44	0.5
E1B5	noteShapeTriangleRightBlack	Shape note noteheads	TRIANGLE RIGHT BLACK (STEM DOWN; 4-SHAPE FA; 7-SHAPE FA)	1.44	0	-0.5	1.44	0.5
ECD2	noteShapeTriangleRightDoubleWhole	Shape note noteheads supplement	TRIANGLE RIGHT DOUBLE WHOLE (STEM DOWN; 4-SHAPE FA; 7-SHAPE FA)	2.3	0	-0.62	2.3	0.62
E1B4	noteShapeTriangleRightWhite	Shape note noteheads	TRIANGLE RIGHT WHITE (STEM DOWN; 4-SHAPE FA; 7-SHAPE FA)	1.44	0	-0.5	1.44	0.5
E1BF	noteShapeTriangleRoundBlack	Shape note noteheads	TRIANGLE-ROUND BLACK (AIKIN 7-SHAPE TI)	1.424	0	-0.5	1.424	0.5
ECD7	noteShapeTriangleRoundDoubleWhole	Shape note noteheads supplement	TRIANGLE-ROUND WHITE (AIKIN 7-SHAPE TI)	2.152	0	-0.62	2.152	0.62
E1CB	noteShapeTriangleRoundLeftBlack	Shape note noteheads	TRIANGLE-ROUND LEFT BLACK (FUNK 7-SHAPE TI)	1.292	0	-0.5	1.292	0.5
ECDD	noteShapeTriangleRoundLeftDoubleWhole	Shape note noteheads supplement	TRIANGLE-ROUND LEFT DOUBLE WHOLE (FUNK 7-SHAPE TI)	2.088	0	-0.62	2.088	0.62
E1CA	noteShapeTriangleRoundLeftWhite	Shape note noteheads	TRIANGLE-ROUND LEFT WHITE (FUNK 7-SHAPE TI)	1.292	0	-0.5	1.292	0.5
E1BE	noteShapeTriangleRoundWhite	Shape note noteheads	TRIANGLE-ROUND WHITE (AIKIN 7-SHAPE TI)	1.424	0	-0.5	1.424	0.5
E1BB	noteShapeTriangleUpBlack	Shape note noteheads	TRIANGLE UP BLACK (AIKIN 7-SHAPE DO)	1.424	0	-0.5	1.424	0.5
ECD5	noteShapeTriangleUpDoubleWhole	Shape note noteheads supplement	TRIANGLE UP DOUBLE WHOLE (AIKIN 7-SHAPE DO)	2.148	0	-0.62	2.148	0.62
E1BA	noteShapeTriangleUpWhite	Shape note noteheads	TRIANGLE UP WHITE (AIKIN 7-SHAPE DO)	1.424	0	-0.5	1.424	0.5
E167	noteSiBlack	Note name noteheads	SI (BLACK NOTE)	1.432	0	-0.556	1.432	0.572
E15F	noteSiHalf	Note name noteheads	SI (HALF NOTE)	1.44	0	-0.576	1.44	0.584
E157	noteSiWhole	Note name noteheads	SI (WHOLE NOTE)	1.948	0	-0.584	1.944	0.576
E164	noteSoBlack	Note name noteheads	SO (BLACK NOTE)	1.432	0	-0.556	1.432	0.572
E15C	noteSoHalf	Note name noteheads	SO (HALF NOTE)	1.444	0	-0.576	1.44	0.584
E154	noteSoWhole	Note name noteheads	SO (WHOLE NOTE)	1.944	0	-0.584	1.944	0.576
EEFA	noteTeBlack	Note name noteheads supplement	TE (BLACK NOTE)	1.436	-0.001	-0.562	1.431	0.566
EEF1	noteTeHalf	Note name noteheads supplement	TE (HALF NOTE)	1.444	0	-0.581	1.44	0.579
EEE8	noteTeWhole	Note name noteheads supplement	TE (WHOLE NOTE)	1.948	0.003	-0.585	1.947	0.575
E166	noteTiBlack	Note name noteheads	TI (BLACK NOTE)	1.432	0	-0.556	1.432	0.572
E15E	noteTiHalf	Note name noteheads	TI (HALF NOTE)	1.44	0	-0.576	1.44	0.584
E156	noteTiWhole	Note name noteheads	TI (WHOLE NOTE)	1.944	0	-0.584	1.944	0.576
E1D2	noteWhole	Individual notes	WHOLE NOTE (SEMIBREVE)	1.836	0	-0.548	1.836	0.544
E0A4	noteheadBlack	Noteheads	BLACK NOTEHEAD	1.18	0	-0.5	1.18	0.5
E0F7	noteheadCircleSlash	Noteheads	CIRCLE SLASH NOTEHEAD	1	0	-0.5	1	0.5
E0B3	noteheadCircleX	Noteheads	CIRCLE X NOTEHEAD	0.996	0	-0.5	0.996	0.5
E0B0	noteheadCircleXDoubleWhole	Noteheads	CIRCLE X DOUBLE WHOLE	1.688	0	-0.62	1.688	0.62
E0B2	noteheadCircleXHalf	Noteheads	CIRCLE X HALF	1	0	-0.5	1	0.5
E0B1	noteheadCircleXWhole	Noteheads	CIRCLE X WHOLE	0.996	0	-0.5	0.996	0.5
E0E4	noteheadCircledBlack	Noteheads	CIRCLED BLACK NOTEHEAD	1.18	-0.084	-0.684	1.284	0.668
E0E8	noteheadCircledBlackLarge	Noteheads	BLACK NOTEHEAD IN LARGE CIRCLE	1.176	-0.244	-0.828	1.416	0.824
E0E7	noteheadCircledDoubleWhole	Noteheads	CIRCLED DOUBLE WHOLE NOTEHEAD	2.412	0	-0.872	2.412	0.852
E0EB	noteheadCircledDoubleWholeLarge	Noteheads	DOUBLE WHOLE NOTEHEAD IN LARGE CIRCLE	2.216	0	-0.828	2.216	0.864
E0E5	noteheadCircledHalf	Noteheads	CIRCLED HALF NOTEHEAD	1.172	-0.072	-0.648	1.244	0.668
E0E9	noteheadCircledHalfLarge	Noteheads	HALF NOTEHEAD IN LARGE CIRCLE	1.18	-0.216	-0.808	1.396	0.808
E0E6	noteheadCircledWhole	Noteheads	CIRCLED WHOLE NOTEHEAD	1.748	0	-0.9	1.748	0.844
E0EA	noteheadCircledWholeLarge	Noteheads	WHOLE NOTEHEAD IN LARGE CIRCLE	2.164	0	-0.808	2.164	0.844
E0EC	noteheadCircledXLarge	Noteheads	CROSS NOTEHEAD IN LARGE CIRCLE	1.828	0	-0.912	1.828	0.912
E124	noteheadClusterDoubleWhole2nd	Note clusters	DOUBLE WHOLE NOTE CLUSTER, 2ND	2.428	0	-0.62	2.428	1.14
E128	noteheadClusterDoubleWhole3rd	Note clusters	DOUBLE WHOLE NOTE CLUSTER, 3RD	2.424	0	-0.62	2.428	1.62
E12E	noteheadClusterDoubleWholeBottom	Note clusters	COMBINING DOUBLE WHOLE NOTE CLUSTER, BOTTOM	2.392	0	-0.62	2.392	0.744
E12D	noteheadClusterDoubleWholeMiddle	Note clusters	COMBINING DOUBLE WHOLE NOTE CLUSTER, MIDDLE	2.392	0	-0.396	2.388	0.4
E12C	noteheadClusterDoubleWholeTop	Note clusters	COMBINING DOUBLE WHOLE NOTE CLUSTER, TOP	2.392	0	-0.66	2.392	0.62
E126	noteheadClusterHalf2nd	Note clusters	HALF NOTE CLUSTER, 2ND	1.24	0	-0.5	1.24	1
E12A	noteheadClusterHalf3rd	Note clusters	HALF NOTE CLUSTER, 3RD	1.264	0	-0.5	1.264	1.5
E134	noteheadClusterHalfBottom	Note clusters	COMBINING HALF NOTE CLUSTER, BOTTOM	1.196	0	-0.5	1.196	0.56
E133	noteheadClusterHalfMiddle	Note clusters	COMBINING HALF NOTE CLUSTER, MIDDLE	1.2	0.26	-0.4	0.936	0.4
E132	noteheadClusterHalfTop	Note clusters	COMBINING HALF NOTE CLUSTER, TOP	1.2	0	-0.604	1.196	0.5
E127	noteheadClusterQuarter2nd	Note clusters	QUARTER NOTE CLUSTER, 2ND	1.308	0	-0.5	1.308	1
E12B	noteheadClusterQuarter3rd	Note clusters	QUARTER NOTE CLUSTER, 3RD	1.44	0	-0.5	1.44	1.5
E137	noteheadClusterQuarterBottom	Note clusters	COMBINING QUARTER NOTE CLUSTER, BOTTOM	1.18	0	-0.5	1.18	0.804
E136	noteheadClusterQuarterMiddle	Note clusters	COMBINING QUARTER NOTE CLUSTER, MIDDLE	1.18	0.28	-0.4	0.896	0.4
E135	noteheadClusterQuarterTop	Note clusters	COMBINING QUARTER NOTE CLUSTER, TOP	1.18	0	-0.708	1.18	0.5
E123	noteheadClusterRoundBlack	Note clusters	CLUSTER NOTEHEAD BLACK (ROUND)	1.328	0	-0.5	1.328	2.5
E122	noteheadClusterRoundWhite	Note clusters	CLUSTER NOTEHEAD WHITE (ROUND)	1.496	0	-0.5	1.496	2.5
E121	noteheadClusterSquareBlack	Note clusters	CLUSTER NOTEHEAD BLACK (SQUARE)	1.328	0	-0.5	1.328	2.5
E120	noteheadClusterSquareWhite	Note clusters	CLUSTER NOTEHEAD WHITE (SQUARE)	1.328	0	-0.5	1.328	2.5
E125	noteheadClusterWhole2nd	Note clusters	WHOLE NOTE CLUSTER, 2ND	1.728	0	-0.5	1.728	1
E129	noteheadClusterWhole3rd	Note clusters	WHOLE NOTE CLUSTER, 3RD	1.7	0	-0.5	1.7	1.5
E131	noteheadClusterWholeBottom	Note clusters	COMBINING WHOLE NOTE CLUSTER, BOTTOM	1.696	0	-0.5	1.696	0.844
E130	noteheadClusterWholeMiddle	Note clusters	COMBINING WHOLE NOTE CLUSTER, MIDDLE	1.696	0.42	-0.4	1.276	0.4
E12F	noteheadClusterWholeTop	Note clusters	COMBINING WHOLE NOTE CLUSTER, TOP	1.696	0	-0.84	1.696	0.5
EEAE	noteheadCowellEleventhNoteSeriesHalf	Noteheads supplement	4/11 NOTE (ELEVENTH NOTE SERIES, COWELL)	1.172	-0.292	-0.536	1.52	0.672
EEAD	noteheadCowellEleventhNoteSeriesWhole	Noteheads supplement	8/11 NOTE (ELEVENTH NOTE SERIES, COWELL)	1.672	-0.072	-0.616	1.744	0.604
EEAF	noteheadCowellEleventhSeriesBlack	Noteheads supplement	2/11 NOTE (ELEVENTH NOTE SERIES, COWELL)	1.18	-0.316	-0.656	1.504	0.672
EEB5	noteheadCowellFifteenthNoteSeriesBlack	Noteheads supplement	2/15 NOTE (FIFTEENTH NOTE SERIES, COWELL)	1	-0.13	-0.612	1.131	0.646
EEB4	noteheadCowellFifteenthNoteSeriesHalf	Noteheads supplement	4/15 NOTE (FIFTEENTH NOTE SERIES, COWELL)	1	-0.13	-0.612	1.131	0.646
EEB3	noteheadCowellFifteenthNoteSeriesWhole	Noteheads supplement	8/15 NOTE (FIFTEENTH NOTE SERIES, COWELL)	1	-0.13	-0.612	1.131	0.646
EEA6	noteheadCowellFifthNoteSeriesBlack	Noteheads supplement	1/5 NOTE (FIFTH NOTE SERIES, COWELL)	1	0	-0.5	1	0.5
EEA5	noteheadCowellFifthNoteSeriesHalf	Noteheads supplement	2/5 NOTE (FIFTH NOTE SERIES, COWELL)	1	0	-0.5	1	0.5
EEA4	noteheadCowellFifthNoteSeriesWhole	Noteheads supplement	4/5 NOTE (FIFTH NOTE SERIES, COWELL)	1	0	-0.5	1	0.5
EEAC	noteheadCowellNinthNoteSeriesBlack	Noteheads supplement	2/9 NOTE (NINTH NOTE SERIES, COWELL)	1.3	0	-0.5	1.3	0.5
EEAB	noteheadCowellNinthNoteSeriesHalf	Noteheads supplement	4/9 NOTE (NINTH NOTE SERIES, COWELL)	1.3	0	-0.5	1.3	0.5
EEAA	noteheadCowellNinthNoteSeriesWhole	Noteheads supplement	8/9 NOTE (NINTH NOTE SERIES, COWELL)	1.3	0	-0.5	1.3	0.5
EEA9	noteheadCowellSeventhNoteSeriesBlack	Noteheads supplement	1/7 NOTE (SEVENTH NOTE SERIES, COWELL)	1.016	0.027	-0.482	0.989	0.48
EEA8	noteheadCowellSeventhNoteSeriesHalf	Noteheads supplement	2/7 NOTE (SEVENTH NOTE SERIES, COWELL)	1.016	0.027	-0.482	0.989	0.48
EEA7	noteheadCowellSeventhNoteSeriesWhole	Noteheads supplement	4/7 NOTE (SEVENTH NOTE SERIES, COWELL)	1.008	0.023	-0.482	0.985	0.48
EEA3	noteheadCowellThirdNoteSeriesBlack	Noteheads supplement	1/6 NOTE (THIRD NOTE SERIES, COWELL)	1.172	0	-0.5	1.172	0.5
EEA2	noteheadCowellThirdNoteSeriesHalf	Noteheads supplement	1/3 NOTE (THIRD NOTE SERIES, COWELL)	1.14	0	-0.5	1.14	0.5
EEA1	noteheadCowellThirdNoteSeriesWhole	Noteheads supplement	2/3 NOTE (THIRD NOTE SERIES, COWELL)	1.276	0	-0.5	1.276	0.5
EEB2	noteheadCowellThirteenthNoteSeriesBlack	Noteheads supplement	2/13 NOTE (THIRTEENTH NOTE SERIES, COWELL)	1.172	0	-0.772	1.371	0.5
EEB1	noteheadCowellThirteenthNoteSeriesHalf	Noteheads supplement	4/13 NOTE (THIRTEENTH NOTE SERIES, COWELL)	1.14	0	-0.764	1.387	0.5
EEB0	noteheadCowellThirteenthNoteSeriesWhole	Noteheads supplement	8/13 NOTE (THIRTEENTH NOTE SERIES, COWELL)	1.276	0	-0.764	1.387	0.5
E0DB	noteheadDiamondBlack	Noteheads	DIAMOND BLACK NOTEHEAD	1	0	-0.5	1	0.5
E0E2	noteheadDiamondBlackOld	Noteheads	DIAMOND BLACK NOTEHEAD (OLD)	1.16	0	-0.5	1.16	0.5
E0DC	noteheadDiamondBlackWide	Noteheads	DIAMOND BLACK NOTEHEAD (WIDE)	1.4	0	-0.5	1.4	0.5
E139	noteheadDiamondClusterBlack2nd	Note clusters	BLACK DIAMOND CLUSTER, 2ND	1.068	0	-0.5	1.068	1
E13B	noteheadDiamondClusterBlack3rd	Note clusters	BLACK DIAMOND CLUSTER, 3RD	1.096	0	-0.5	1.096	1.5
E141	noteheadDiamondClusterBlackBottom	Note clusters	COMBINING BLACK DIAMOND CLUSTER, BOTTOM	1.184	0	-0.496	1.184	0.5
E140	noteheadDiamondClusterBlackMiddle	Note clusters	COMBINING BLACK DIAMOND CLUSTER, MIDDLE	1.184	0.328	-0.4	0.88	0.4
E13F	noteheadDiamondClusterBlackTop	Note clusters	COMBINING BLACK DIAMOND CLUSTER, TOP	1.184	0	-0.5	1.184	0.496
E138	noteheadDiamondClusterWhite2nd	Note clusters	WHITE DIAMOND CLUSTER, 2ND	1.06	0	-0.5	1.06	0.996
E13A	noteheadDiamondClusterWhite3rd	Note clusters	WHITE DIAMOND CLUSTER, 3RD	1.092	0	-0.5	1.092	1.5
E13E	noteheadDiamondClusterWhiteBottom	Note clusters	COMBINING WHITE DIAMOND CLUSTER, BOTTOM	1.164	0	-0.5	1.164	0.512
E13D	noteheadDiamondClusterWhiteMiddle	Note clusters	COMBINING WHITE DIAMOND CLUSTER, MIDDLE	1.164	0.324	-0.4	0.864	0.4
E13C	noteheadDiamondClusterWhiteTop	Note clusters	COMBINING WHITE DIAMOND CLUSTER, TOP	1.164	0.004	-0.512	1.168	0.5
E0D7	noteheadDiamondDoubleWhole	Noteheads	DIAMOND DOUBLE WHOLE NOTEHEAD	1.728	0	-0.62	1.728	0.62
E0DF	noteheadDiamondDoubleWholeOld	Noteheads	DIAMOND DOUBLE WHOLE NOTEHEAD (OLD)	1.8	0	-0.62	1.8	0.62
E0D9	noteheadDiamondHalf	Noteheads	DIAMOND HALF NOTEHEAD	1.004	0	-0.5	1.004	0.5
E0E3	noteheadDiamondHalfFilled	Noteheads	HALF-FILLED DIAMOND NOTEHEAD	1.156	0	-0.5	1.156	0.5
E0E1	noteheadDiamondHalfOld	Noteheads	DIAMOND HALF NOTEHEAD (OLD)	1.164	0	-0.5	1.164	0.5
E0DA	noteheadDiamondHalfWide	Noteheads	DIAMOND HALF NOTEHEAD (WIDE)	1.404	0	-0.5	1.404	0.5
E0FC	noteheadDiamondOpen	Noteheads	OPEN DIAMOND NOTEHEAD	1.152	0	-0.5	1.152	0.5
E0DD	noteheadDiamondWhite	Noteheads	DIAMOND WHITE NOTEHEAD	1	0	-0.5	1	0.5
E0DE	noteheadDiamondWhiteWide	Noteheads	DIAMOND WHITE NOTEHEAD (WIDE)	1.4	0	-0.5	1.4	0.5
E0D8	noteheadDiamondWhole	Noteheads	DIAMOND WHOLE NOTEHEAD	1.08	0	-0.5	1.08	0.5
E0E0	noteheadDiamondWholeOld	Noteheads	DIAMOND WHOLE NOTEHEAD (OLD)	1.172	0	-0.5	1.172	0.5
E0A0	noteheadDoubleWhole	Noteheads	DOUBLE WHOLE (BREVE) NOTEHEAD	2.396	0	-0.62	2.396	0.62
E0A1	noteheadDoubleWholeSquare	Noteheads	DOUBLE WHOLE (BREVE) NOTEHEAD (SQUARE)	1.664	0	-0.76	1.664	0.792
E0B4	noteheadDoubleWholeWithX	Noteheads	DOUBLE WHOLE NOTEHEAD WITH X	2.388	0	-0.616	2.388	0.616
E0A3	noteheadHalf	Noteheads	HALF (MINIM) NOTEHEAD	1.18	0	-0.5	1.18	0.5
E0FB	noteheadHalfFilled	Noteheads	FILLED HALF (MINIM) NOTEHEAD	1.18	0	-0.5	1.18	0.5
E0B6	noteheadHalfWithX	Noteheads	HALF NOTEHEAD WITH X	1.176	0	-0.5	1.176	0.5
E0F8	noteheadHeavyX	Noteheads	HEAVY X NOTEHEAD	1.54	0	-0.5	1.54	0.5
E0F9	noteheadHeavyXHat	Noteheads	HEAVY X WITH HAT NOTEHEAD	1.54	-0.292	-0.5	1.828	1.04
E0F4	noteheadLargeArrowDownBlack	Noteheads	LARGE ARROW DOWN (LOWEST PITCH) BLACK NOTEHEAD	1.328	0	-1	1.328	0.5
E0F1	noteheadLargeArrowDownDoubleWhole	Noteheads	LARGE ARROW DOWN (LOWEST PITCH) DOUBLE WHOLE NOTEHEAD	2.204	0	-1.14	2.204	0.62
E0F3	noteheadLargeArrowDownHalf	Noteheads	LARGE ARROW DOWN (LOWEST PITCH) HALF NOTEHEAD	1.44	0	-1	1.44	0.5
E0F2	noteheadLargeArrowDownWhole	Noteheads	LARGE ARROW DOWN (LOWEST PITCH) WHOLE NOTEHEAD	1.44	0	-1	1.44	0.5
E0F0	noteheadLargeArrowUpBlack	Noteheads	LARGE ARROW UP (HIGHEST PITCH) BLACK NOTEHEAD	1.328	0	-0.5	1.328	1
E0ED	noteheadLargeArrowUpDoubleWhole	Noteheads	LARGE ARROW UP (HIGHEST PITCH) DOUBLE WHOLE NOTEHEAD	2.2	0	-0.62	2.204	1.14
E0EF	noteheadLargeArrowUpHalf	Noteheads	LARGE ARROW UP (HIGHEST PITCH) HALF NOTEHEAD	1.44	0	-0.5	1.44	1
E0EE	noteheadLargeArrowUpWhole	Noteheads	LARGE ARROW UP (HIGHEST PITCH) WHOLE NOTEHEAD	1.44	0	-0.5	1.44	1
E0CB	noteheadMoonBlack	Noteheads	MOON NOTEHEAD BLACK	1.26	0	-0.5	1.26	0.5
E0CA	noteheadMoonWhite	Noteheads	MOON NOTEHEAD WHITE	1.26	0	-0.5	1.26	0.5
EEA0	noteheadNancarrowSine	Noteheads supplement	SINE NOTEHEAD (NANCARROW)	1.396	0.001	-0.5	1.394	0.5
E0A5	noteheadNull	Noteheads	NULL NOTEHEAD	1	0	-0.5	1	0.5
E0CE	noteheadParenthesis	Noteheads	PARENTHESIS NOTEHEAD	1.18	-0.292	-0.72	1.472	0.728
E0F5	noteheadParenthesisLeft	Noteheads	OPENING PARENTHESIS	0.292	0	-0.724	0.436	0.724
E0F6	noteheadParenthesisRight	Noteheads	CLOSING PARENTHESIS	0.292	-0.144	-0.724	0.292	0.724
E0AF	noteheadPlusBlack	Noteheads	PLUS NOTEHEAD BLACK	0.996	-0.004	-0.5	0.996	0.5
E0AC	noteheadPlusDoubleWhole	Noteheads	PLUS NOTEHEAD DOUBLE WHOLE	1.892	0	-0.62	1.892	0.62
E0AE	noteheadPlusHalf	Noteheads	PLUS NOTEHEAD HALF	1.044	0	-0.5	1.044	0.5
E0AD	noteheadPlusWhole	Noteheads	PLUS NOTEHEAD WHOLE	1.14	0	-0.5	1.14	0.5
E144	noteheadRectangularClusterBlackBottom	Note clusters	COMBINING BLACK RECTANGULAR CLUSTER, BOTTOM	1.376	0	-0.5	1.376	0.54
E143	noteheadRectangularClusterBlackMiddle	Note clusters	COMBINING BLACK RECTANGULAR CLUSTER, MIDDLE	1.376	0	-0.52	1.376	0.52
E142	noteheadRectangularClusterBlackTop	Note clusters	COMBINING BLACK RECTANGULAR CLUSTER, TOP	1.376	0	-0.54	1.376	0.5
E147	noteheadRectangularClusterWhiteBottom	Note clusters	COMBINING WHITE RECTANGULAR CLUSTER, BOTTOM	1.376	0	-0.5	1.376	0.54
E146	noteheadRectangularClusterWhiteMiddle	Note clusters	COMBINING WHITE RECTANGULAR CLUSTER, MIDDLE	1.376	0	-0.52	1.376	0.52
E145	noteheadRectangularClusterWhiteTop	Note clusters	COMBINING WHITE RECTANGULAR CLUSTER, TOP	1.376	0	-0.54	1.376	0.5
E113	noteheadRoundBlack	Round and square noteheads	ROUND BLACK NOTEHEAD	1.004	0	-0.5	1.004	0.5
E11C	noteheadRoundBlackDoubleSlashed	Round and square noteheads	ROUND BLACK NOTEHEAD, DOUBLE SLASHED	1	-0.248	-0.748	1.248	0.748
E110	noteheadRoundBlackLarge	Round and square noteheads	LARGE ROUND BLACK NOTEHEAD	2	0	-1	2	1
E118	noteheadRoundBlackSlashed	Round and square noteheads	ROUND BLACK NOTEHEAD, SLASHED	0.996	-1.344	-1.84	2.34	1.84
E116	noteheadRoundBlackSlashedLarge	Round and square noteheads	LARGE ROUND BLACK NOTEHEAD, SLASHED	2.004	-0.844	-1.956	3.064	1.956
E114	noteheadRoundWhite	Round and square noteheads	ROUND WHITE NOTEHEAD	1.004	0.004	-0.5	1.004	0.5
E11D	noteheadRoundWhiteDoubleSlashed	Round and square noteheads	ROUND WHITE NOTEHEAD, DOUBLE SLASHED	1	-0.248	-0.748	1.248	0.748
E111	noteheadRoundWhiteLarge	Round and square noteheads	LARGE ROUND WHITE NOTEHEAD	2	0	-1	2	1
E119	noteheadRoundWhiteSlashed	Round and square noteheads	ROUND WHITE NOTEHEAD, SLASHED	0.996	-1.344	-1.84	2.34	1.84
E117	noteheadRoundWhiteSlashedLarge	Round and square noteheads	LARGE ROUND WHITE NOTEHEAD, SLASHED	2.004	-0.964	-1.956	2.944	1.956
E115	noteheadRoundWhiteWithDot	Round and square noteheads	ROUND WHITE NOTEHEAD WITH DOT	1.004	0	-0.5	1.004	0.5
E112	noteheadRoundWhiteWithDotLarge	Round and square noteheads	LARGE ROUND WHITE NOTEHEAD WITH DOT	2.004	0	-1	2.004	1
E104	noteheadSlashDiamondWhite	Slash noteheads	LARGE WHITE DIAMOND	2	0	-1	2	1
E101	noteheadSlashHorizontalEnds	Slash noteheads	SLASH WITH HORIZONTAL ENDS	2.124	0	-1	2.12	1
E108	noteheadSlashHorizontalEndsMuted	Slash noteheads	MUTED SLASH WITH HORIZONTAL ENDS	2.12	0	-1.036	2.12	1.036
E100	noteheadSlashVerticalEnds	Slash noteheads	SLASH WITH VERTICAL ENDS	1.46	0	-1.004	1.46	0.996
E107	noteheadSlashVerticalEndsMuted	Slash noteheads	MUTED SLASH WITH VERTICAL ENDS	1.46	-0.052	-1.04	1.512	1.032
E105	noteheadSlashVerticalEndsSmall	Slash noteheads	SMALL SLASH WITH VERTICAL ENDS	0.732	0	-0.504	0.732	0.496
E10A	noteheadSlashWhiteDoubleWhole	Slash noteheads	WHITE SLASH DOUBLE WHOLE	4.644	0	-1	4.644	1
E103	noteheadSlashWhiteHalf	Slash noteheads	WHITE SLASH HALF	3.12	0	-1	3.12	1
E109	noteheadSlashWhiteMuted	Slash noteheads	MUTED WHITE SLASH	3.124	0	-1.036	3.12	1.036
E102	noteheadSlashWhiteWhole	Slash noteheads	WHITE SLASH WHOLE	3.92	0	-1	3.92	1
E106	noteheadSlashX	Slash noteheads	LARGE X NOTEHEAD	2.124	0	-1	2.12	1
E0CF	noteheadSlashedBlack1	Noteheads	SLASHED BLACK NOTEHEAD (BOTTOM LEFT TO TOP RIGHT)	1.18	-0.32	-0.66	1.5	0.668
E0D0	noteheadSlashedBlack2	Noteheads	SLASHED BLACK NOTEHEAD (TOP LEFT TO BOTTOM RIGHT)	1.18	-0.316	-0.656	1.504	0.672
E0D5	noteheadSlashedDoubleWhole1	Noteheads	SLASHED DOUBLE WHOLE NOTEHEAD (BOTTOM LEFT TO TOP RIGHT)	2.384	0	-0.716	2.384	0.672
E0D6	noteheadSlashedDoubleWhole2	Noteheads	SLASHED DOUBLE WHOLE NOTEHEAD (TOP LEFT TO BOTTOM RIGHT)	2.384	0	-0.712	2.384	0.676
E0D1	noteheadSlashedHalf1	Noteheads	SLASHED HALF NOTEHEAD (BOTTOM LEFT TO TOP RIGHT)	1.168	-0.268	-0.568	1.544	0.64
E0D2	noteheadSlashedHalf2	Noteheads	SLASHED HALF NOTEHEAD (TOP LEFT TO BOTTOM RIGHT)	1.172	-0.292	-0.536	1.52	0.672
E0D3	noteheadSlashedWhole1	Noteheads	SLASHED WHOLE NOTEHEAD (BOTTOM LEFT TO TOP RIGHT)	1.672	-0.088	-0.628	1.732	0.592
E0D4	noteheadSlashedWhole2	Noteheads	SLASHED WHOLE NOTEHEAD (TOP LEFT TO BOTTOM RIGHT)	1.672	-0.072	-0.616	1.744	0.604
E0B9	noteheadSquareBlack	Noteheads	SQUARE NOTEHEAD BLACK	1.252	0	-0.5	1.252	0.5
E11A	noteheadSquareBlackLarge	Round and square noteheads	LARGE SQUARE BLACK NOTEHEAD	2.004	0	-1	2	1
E11B	noteheadSquareBlackWhite	Round and square noteheads	LARGE SQUARE WHITE NOTEHEAD	2.004	0	-1	2	1
E0B8	noteheadSquareWhite	Noteheads	SQUARE NOTEHEAD WHITE	1.252	0	-0.5	1.252	0.5
E0C7	noteheadTriangleDownBlack	Noteheads	TRIANGLE NOTEHEAD DOWN BLACK	1.168	0	-0.5	1.168	0.5
E0C3	noteheadTriangleDownDoubleWhole	Noteheads	TRIANGLE NOTEHEAD DOWN DOUBLE WHOLE	1.932	0	-0.62	1.932	0.62
E0C5	noteheadTriangleDownHalf	Noteheads	TRIANGLE NOTEHEAD DOWN HALF	1.14	0	-0.5	1.14	0.5
E0C6	noteheadTriangleDownWhite	Noteheads	TRIANGLE NOTEHEAD DOWN WHITE	1.172	0	-0.5	1.172	0.5
E0C4	noteheadTriangleDownWhole	Noteheads	TRIANGLE NOTEHEAD DOWN WHOLE	1.276	0	-0.5	1.276	0.5
E0C0	noteheadTriangleLeftBlack	Noteheads	TRIANGLE NOTEHEAD LEFT BLACK	1.356	0	-0.5	1.356	0.5
E0BF	noteheadTriangleLeftWhite	Noteheads	TRIANGLE NOTEHEAD LEFT WHITE	1.356	0	-0.5	1.356	0.5
E0C2	noteheadTriangleRightBlack	Noteheads	TRIANGLE NOTEHEAD RIGHT BLACK	1.356	0	-0.5	1.356	0.5
E0C1	noteheadTriangleRightWhite	Noteheads	TRIANGLE NOTEHEAD RIGHT WHITE	1.356	0	-0.5	1.356	0.5
E0CD	noteheadTriangleRoundDownBlack	Noteheads	TRIANGLE-ROUND NOTEHEAD DOWN BLACK	1.112	0	-0.5	1.112	0.5
E0CC	noteheadTriangleRoundDownWhite	Noteheads	TRIANGLE-ROUND NOTEHEAD DOWN WHITE	1.112	0	-0.5	1.112	0.5
E0BE	noteheadTriangleUpBlack	Noteheads	TRIANGLE NOTEHEAD UP BLACK	1.172	0	-0.5	1.172	0.5
E0BA	noteheadTriangleUpDoubleWhole	Noteheads	TRIANGLE NOTEHEAD UP DOUBLE WHOLE	1.932	0	-0.62	1.932	0.62
E0BC	noteheadTriangleUpHalf	Noteheads	TRIANGLE NOTEHEAD UP HALF	1.14	0	-0.5	1.14	0.5
E0C9	noteheadTriangleUpRightBlack	Noteheads	TRIANGLE NOTEHEAD UP RIGHT BLACK	1.356	0	-0.5	1.356	0.5
E0C8	noteheadTriangleUpRightWhite	Noteheads	TRIANGLE NOTEHEAD UP RIGHT WHITE	1.356	0	-0.5	1.356	0.5
E0BD	noteheadTriangleUpWhite	Noteheads	TRIANGLE NOTEHEAD UP WHITE	1.172	0	-0.5	1.172	0.5
E0BB	noteheadTriangleUpWhole	Noteheads	TRIANGLE NOTEHEAD UP WHOLE	1.276	0	-0.5	1.276	0.5
E0B7	noteheadVoidWithX	Noteheads	VOID NOTEHEAD WITH X	1.156	0	-0.5	1.156	0.5
E0A2	noteheadWhole	Noteheads	WHOLE (SEMIBREVE) NOTEHEAD	1.688	0	-0.5	1.688	0.5
E0FA	noteheadWholeFilled	Noteheads	FILLED WHOLE (SEMIBREVE) NOTEHEAD	1.688	0	-0.5	1.688	0.5
E0B5	noteheadWholeWithX	Noteheads	WHOLE NOTEHEAD WITH X	1.68	0	-0.5	1.68	0.5
E0A9	noteheadXBlack	Noteheads	X NOTEHEAD BLACK	1.16	0	-0.5	1.16	0.5
E0A6	noteheadXDoubleWhole	Noteheads	X NOTEHEAD DOUBLE WHOLE	2.184	0	-0.62	2.184	0.62
E0A8	noteheadXHalf	Noteheads	X NOTEHEAD HALF	1.336	0	-0.5	1.336	0.5
E0AA	noteheadXOrnate	Noteheads	ORNATE X NOTEHEAD	0.992	0	-0.504	0.988	0.504
E0AB	noteheadXOrnateEllipse	Noteheads	ORNATE X NOTEHEAD IN ELLIPSE	1	-0.268	-0.676	1.264	0.676
E0A7	noteheadXWhole	Noteheads	X NOTEHEAD WHOLE	1.508	0	-0.5	1.508	0.5
EC91	octaveBaselineA	Octaves supplement	A (BASELINE)	0.968	0	-0.04	0.968	0.908
EC93	octaveBaselineB	Octaves supplement	B (BASELINE)	0.8	0	-0.04	0.796	1.352
EC95	octaveBaselineM	Octaves supplement	M (BASELINE)	1.524	0	-0.02	1.524	0.928
EC97	octaveBaselineV	Octaves supplement	V (BASELINE)	0.856	0	-0.04	0.856	0.9
E51F	octaveBassa	Octaves	BASSA	4.252	0	-0.04	4.252	1.352
EC90	octaveLoco	Octaves supplement	LOCO	3.012	-0.004	-0.04	3.012	1.348
E51A	octaveParensLeft	Octaves	LEFT PARENTHESIS FOR OCTAVE SIGNS	0.548	0	-0.068	0.652	1.94
E51B	octaveParensRight	Octaves	RIGHT PARENTHESIS FOR OCTAVE SIGNS	0.548	-0.104	-0.068	0.548	1.94
EC92	octaveSuperscriptA	Octaves supplement	A (SUPERSCRIPT)	0.968	0	0.864	0.968	1.812
EC94	octaveSuperscriptB	Octaves supplement	B (SUPERSCRIPT)	0.8	0	0.852	0.796	2.244
EC96	octaveSuperscriptM	Octaves supplement	M (SUPERSCRIPT)	1.524	0	0.864	1.524	1.812
EC98	octaveSuperscriptV	Octaves supplement	V (SUPERSCRIPT)	0.856	0	0.864	0.856	1.804
E233	oneHandedRollStevens	Tremolos	ONE-HANDED ROLL (STEVENS)	1.084	-1.084	0	1.084	0.78
EE2E	organGerman2Fusae	German organ tablature	TWO FUSAE	4	1.208	-0.744	2.794	1.544
EE2C	organGerman2Minimae	German organ tablature	TWO MINIMAE	4	1.208	-0.74	2.794	1.548
EE19	organGerman2OctaveUp	German organ tablature	COMBINING DOUBLE OCTAVE LINE ABOVE	0	-1.052	1.64	1.048	2.036
EE2F	organGerman2Semifusae	German organ tablature	TWO SEMIFUSAE	4	1.208	-0.744	2.794	1.544
EE2D	organGerman2Semiminimae	German organ tablature	TWO SEMIMINIMAE	4	1.208	-0.744	2.794	1.544
EE32	organGerman3Fusae	German organ tablature	THREE FUSAE	6	2.184	-0.744	3.818	1.544
EE30	organGerman3Minimae	German organ tablature	THREE MINIMAE	6	2.184	-0.744	3.818	1.548
EE33	organGerman3Semifusae	German organ tablature	THREE SEMIFUSAE	6	2.18	-0.744	3.818	1.544
EE31	organGerman3Semiminimae	German organ tablature	THREE SEMIMINIMAE	6	2.184	-0.744	3.818	1.544
EE36	organGerman4Fusae	German organ tablature	FOUR FUSAE	8	2.92	-0.744	5.078	1.544
EE34	organGerman4Minimae	German organ tablature	FOUR MINIMAE	8	2.92	-0.744	5.078	1.548
EE37	organGerman4Semifusae	German organ tablature	FOUR SEMIFUSAE	8	2.92	-0.748	5.078	1.544
EE35	organGerman4Semiminimae	German organ tablature	FOUR SEMIMINIMAE	8	2.92	-0.744	5.078	1.544
EE3A	organGerman5Fusae	German organ tablature	FIVE FUSAE	10	3.66	-0.744	6.33	1.544
EE38	organGerman5Minimae	German organ tablature	FIVE MINIMAE	10	3.668	-0.748	6.352	1.556
EE3B	organGerman5Semifusae	German organ tablature	FIVE SEMIFUSAE	10	3.656	-0.752	6.352	1.556
EE39	organGerman5Semiminimae	German organ tablature	FIVE SEMIMINIMAE	10	3.668	-0.764	6.356	1.544
EE3E	organGerman6Fusae	German organ tablature	SIX FUSAE	12	4.476	-0.744	7.514	1.544
EE3C	organGerman6Minimae	German organ tablature	SIX MINIMAE	12	4.48	-0.764	7.544	1.544
EE3F	organGerman6Semifusae	German organ tablature	SIX SEMIFUSAE	12	4.448	-0.748	7.524	1.564
EE3D	organGerman6Semiminimae	German organ tablature	SIX SEMIMINIMAE	12	4.456	-0.756	7.524	1.56
EE15	organGermanALower	German organ tablature	GERMAN ORGAN TABLATURE SMALL A	2	0.34	0.024	1.82	1.22
EE09	organGermanAUpper	German organ tablature	GERMAN ORGAN TABLATURE GREAT A	2	0.044	0.004	1.956	2.4
EE1C	organGermanAugmentationDot	German organ tablature	RHYTHM DOT	0	0.316	-0.408	0.608	-0.092
EE16	organGermanBLower	German organ tablature	GERMAN ORGAN TABLATURE SMALL B	2	0.488	0.024	1.668	2.396
EE0A	organGermanBUpper	German organ tablature	GERMAN ORGAN TABLATURE GREAT B	2	0.112	0.032	1.888	2.392
EE25	organGermanBuxheimerBrevis2	German organ tablature	BREVIS (BINARY) BUXHEIMER ORGELBUCH	2	0.496	-0.408	1.492	-0.092
EE24	organGermanBuxheimerBrevis3	German organ tablature	BREVIS (TERNARY) BUXHEIMER ORGELBUCH	2	0.14	-0.408	1.84	-0.092
EE1E	organGermanBuxheimerMinimaRest	German organ tablature	MINIMA REST BUXHEIMER ORGELBUCH	2	-0.18	0.016	2.172	1.228
EE26	organGermanBuxheimerSemibrevis	German organ tablature	SEMIBREVIS BUXHEIMER ORGELBUCH	2	0.848	-0.408	1.14	-0.092
EE1D	organGermanBuxheimerSemibrevisRest	German organ tablature	SEMIBREVIS REST BUXHEIMER ORGELBUCH	2	-0.18	0.004	2.172	1.22
EE0C	organGermanCLower	German organ tablature	GERMAN ORGAN TABLATURE SMALL C	2	0.464	0.028	1.536	1.22
EE00	organGermanCUpper	German organ tablature	GERMAN ORGAN TABLATURE GREAT C	2	0.188	0.02	1.812	2.388
EE0D	organGermanCisLower	German organ tablature	GERMAN ORGAN TABLATURE SMALL CIS	2	0.44	-1.588	2.276	1.22
EE01	organGermanCisUpper	German organ tablature	GERMAN ORGAN TABLATURE GREAT CIS	2	0.076	-1.576	2.644	2.392
EE0E	organGermanDLower	German organ tablature	GERMAN ORGAN TABLATURE SMALL D	2	0.292	0.024	1.708	2.392
EE02	organGermanDUpper	German organ tablature	GERMAN ORGAN TABLATURE GREAT D	2	-0.044	0.02	2.044	2.404
EE0F	organGermanDisLower	German organ tablature	GERMAN ORGAN TABLATURE SMALL DIS	2	0.252	-1.588	2.672	2.396
EE03	organGermanDisUpper	German organ tablature	GERMAN ORGAN TABLATURE GREAT DIS	2	-0.288	-1.588	3.004	2.408
EE10	organGermanELower	German organ tablature	GERMAN ORGAN TABLATURE SMALL E	2	0.516	-0.024	1.484	1.24
EE04	organGermanEUpper	German organ tablature	GERMAN ORGAN TABLATURE GREAT E	2	0.316	0.024	1.684	2.392
EE11	organGermanFLower	German organ tablature	GERMAN ORGAN TABLATURE SMALL F	2	0.448	-1.092	1.548	2.392
EE05	organGermanFUpper	German organ tablature	GERMAN ORGAN TABLATURE GREAT F	2	0.276	0.016	1.724	2.396
EE12	organGermanFisLower	German organ tablature	GERMAN ORGAN TABLATURE SMALL FIS	2	0.42	-1.592	2.296	2.396
EE06	organGermanFisUpper	German organ tablature	GERMAN ORGAN TABLATURE GREAT FIS	2	0.16	-1.576	2.88	2.408
EE2A	organGermanFusa	German organ tablature	FUSA	2	0.72	-0.74	1.276	1.544
EE22	organGermanFusaRest	German organ tablature	FUSA REST	2	0.72	0.044	1.276	1.88
EE13	organGermanGLower	German organ tablature	GERMAN ORGAN TABLATURE SMALL G	2	0.264	-1.6	1.52	1.22
EE07	organGermanGUpper	German organ tablature	GERMAN ORGAN TABLATURE GREAT G	2	-0.312	0.016	1.912	2.396
EE14	organGermanGisLower	German organ tablature	GERMAN ORGAN TABLATURE SMALL GIS	2	0.256	-1.588	2.804	1.228
EE08	organGermanGisUpper	German organ tablature	GERMAN ORGAN TABLATURE GREAT GIS	2	-0.492	-1.58	2.972	2.392
EE17	organGermanHLower	German organ tablature	GERMAN ORGAN TABLATURE SMALL H	2	0.196	-1.092	1.8	2.392
EE0B	organGermanHUpper	German organ tablature	GERMAN ORGAN TABLATURE GREAT H	2	0.06	-1.072	1.952	2.4
EE28	organGermanMinima	German organ tablature	MINIMA	2	0.72	-0.74	1.276	1.544
EE20	organGermanMinimaRest	German organ tablature	MINIMA REST	2	0.72	0.048	1.276	1.868
EE1A	organGermanOctaveDown	German organ tablature	COMBINING SINGLE OCTAVE LINE BELOW	0	-1.052	1.728	1.048	1.86
EE18	organGermanOctaveUp	German organ tablature	COMBINING SINGLE OCTAVE LINE ABOVE	0	-1.048	1.64	1.048	1.772
EE27	organGermanSemibrevis	German organ tablature	SEMIBREVIS	2	0.892	-0.776	1.108	1.576
EE1F	organGermanSemibrevisRest	German organ tablature	SEMIBREVIS REST	2	0.892	0.016	1.108	1.9
EE2B	organGermanSemifusa	German organ tablature	SEMIFUSA	2	0.72	-0.74	1.276	1.54
EE23	organGermanSemifusaRest	German organ tablature	SEMIFUSA REST	2	0.72	0.04	1.276	1.876
EE29	organGermanSemiminima	German organ tablature	SEMIMINIMA	2	0.72	-0.748	1.28	1.544
EE21	organGermanSemiminimaRest	German organ tablature	SEMIMINIMA REST	2	0.72	0.048	1.28	1.872
EE1B	organGermanTie	German organ tablature	TIE	0	-1.156	-0.256	1.152	0.396
E59A	ornamentBottomLeftConcaveStroke	Combining strokes for trills and mordents	ORNAMENT BOTTOM LEFT CONCAVE STROKE	0.46	0.004	-1.468	1.528	0.98
E59B	ornamentBottomLeftConcaveStrokeLarge	Combining strokes for trills and mordents	ORNAMENT BOTTOM LEFT CONCAVE STROKE, LARGE	1.912	0.004	-1.468	2.004	0.956
E59C	ornamentBottomLeftConvexStroke	Combining strokes for trills and mordents	ORNAMENT BOTTOM LEFT CONVEX STROKE	1.624	-0.14	-0.784	2.004	0.72
E5A7	ornamentBottomRightConcaveStroke	Combining strokes for trills and mordents	ORNAMENT BOTTOM RIGHT CONCAVE STROKE	1.108	-0.216	-0.88	1.108	0.972
E5A8	ornamentBottomRightConvexStroke	Combining strokes for trills and mordents	ORNAMENT BOTTOM RIGHT CONVEX STROKE	2.208	-0.212	-0.736	2.208	0.98
E581	ornamentComma	Other baroque ornaments	COMMA	0.56	0.004	0.004	0.568	0.936
E57E	ornamentDoubleObliqueLinesAfterNote	Other baroque ornaments	DOUBLE OBLIQUE STRAIGHT LINES NW-SE	2.076	0	0.004	2.076	1.9
E57D	ornamentDoubleObliqueLinesBeforeNote	Other baroque ornaments	DOUBLE OBLIQUE STRAIGHT LINES SW-NE	2	-0.004	-0.004	2.072	1.9
E578	ornamentDownCurve	Other baroque ornaments	CURVE BELOW	1.568	0	0	1.568	0.5
E56F	ornamentHaydn	Common ornaments	HAYDN ORNAMENT	2	0	-0.16	1.996	0.852
E592	ornamentHighLeftConcaveStroke	Combining strokes for trills and mordents	ORNAMENT HIGH LEFT CONCAVE STROKE	1.716	0	0.16	1.724	1.156
E593	ornamentHighLeftConvexStroke	Combining strokes for trills and mordents	ORNAMENT HIGH LEFT CONVEX STROKE	1.112	0	-0.02	1.3	1.384
E5A2	ornamentHighRightConcaveStroke	Combining strokes for trills and mordents	ORNAMENT HIGH RIGHT CONCAVE STROKE	2.14	-0.288	0.004	2.12	1.232
E5A3	ornamentHighRightConvexStroke	Combining strokes for trills and mordents	ORNAMENT HIGH RIGHT CONVEX STROKE	1.6	-0.204	0	1.604	1.016
E576	ornamentHookAfterNote	Other baroque ornaments	HOOK AFTER NOTE	2	0.004	0.024	1.996	1.34
E575	ornamentHookBeforeNote	Other baroque ornaments	HOOK BEFORE NOTE	1.5	0	0	1.492	1.42
E572	ornamentLeftFacingHalfCircle	Other baroque ornaments	LEFT-FACING HALF CIRCLE	0.636	-0.004	0.004	0.632	1.892
E574	ornamentLeftFacingHook	Other baroque ornaments	LEFT-FACING HOOK	0.884	0.016	0.012	0.88	1.9
E597	ornamentLeftPlus	Combining strokes for trills and mordents	ORNAMENT LEFT +	2.784	-0.004	-0.228	2.836	1.9
E596	ornamentLeftShakeT	Combining strokes for trills and mordents	ORNAMENT LEFT SHAKE T	0.924	0	-0.024	1.188	1.936
E594	ornamentLeftVerticalStroke	Combining strokes for trills and mordents	ORNAMENT LEFT VERTICAL STROKE	0.74	0	-0.004	0.68	1.92
E595	ornamentLeftVerticalStrokeWithCross	Combining strokes for trills and mordents	ORNAMENT LEFT VERTICAL STROKE WITH CROSS (+)	1.152	-0.12	-0.004	1.252	2
E598	ornamentLowLeftConcaveStroke	Combining strokes for trills and mordents	ORNAMENT LOW LEFT CONCAVE STROKE	1.532	0.004	-0.064	1.524	1.08
E599	ornamentLowLeftConvexStroke	Combining strokes for trills and mordents	ORNAMENT LOW LEFT CONVEX STROKE	1.344	-0.004	0	1.596	0.812
E5A5	ornamentLowRightConcaveStroke	Combining strokes for trills and mordents	ORNAMENT LOW RIGHT CONCAVE STROKE	1.304	-0.224	-0.104	1.288	0.956
E5A6	ornamentLowRightConvexStroke	Combining strokes for trills and mordents	ORNAMENT LOW RIGHT CONVEX STROKE	1.916	-0.212	-0.104	1.904	0.98
E59F	ornamentMiddleVerticalStroke	Combining strokes for trills and mordents	ORNAMENT MIDDLE VERTICAL STROKE	0.004	-0.056	-0.244	0.064	1.324
E56D	ornamentMordent	Common ornaments	MORDENT	2.916	0.004	-0.292	2.916	1.276
E57C	ornamentObliqueLineAfterNote	Other baroque ornaments	OBLIQUE STRAIGHT LINE NW-SE	1.252	0	-0.004	1.252	1.904
E57B	ornamentObliqueLineBeforeNote	Other baroque ornaments	OBLIQUE STRAIGHT LINE SW-NE	1.256	0.004	-0.004	1.256	1.904
E580	ornamentObliqueLineHorizAfterNote	Other baroque ornaments	OBLIQUE STRAIGHT LINE TILTED NW-SE	1.94	0	0.004	1.944	0.5
E57F	ornamentObliqueLineHorizBeforeNote	Other baroque ornaments	OBLIQUE STRAIGHT LINE TILTED SW-NE	1.94	0	0.004	1.944	0.5
EA21	ornamentOriscus	Medieval and Renaissance symbols in CMN	ORISCUS	2	0.004	0.016	2	0.744
E588	ornamentPinceCouperin	Other baroque ornaments	PINCÉ (COUPERIN)	2.344	0	0	2.344	1.884
E570	ornamentPortDeVoixV	Other baroque ornaments	PORT DE VOIX	1.776	0	0	1.772	1.904
E5B2	ornamentPrecompAppoggTrill	Precomposed trills and mordents	SUPPORTED APPOGGIATURA TRILL	4.476	0	0	4.476	1.924
E5B3	ornamentPrecompAppoggTrillSuffix	Precomposed trills and mordents	SUPPORTED APPOGGIATURA TRILL WITH TWO-NOTE SUFFIX	3.504	0	0	3.504	2.476
E5BE	ornamentPrecompCadence	Precomposed trills and mordents	CADENCE	4.424	0	0	4.424	1.164
E5C1	ornamentPrecompCadenceUpperPrefix	Precomposed trills and mordents	CADENCE WITH UPPER PREFIX	4.052	0	0	4.052	0.988
E5C2	ornamentPrecompCadenceUpperPrefixTurn	Precomposed trills and mordents	CADENCE WITH UPPER PREFIX AND TURN	4.052	0	-0.248	4.052	1.332
E5BF	ornamentPrecompCadenceWithTurn	Precomposed trills and mordents	CADENCE WITH TURN	4.424	0	-0.248	4.424	1.332
E5B1	ornamentPrecompDescendingSlide	Precomposed trills and mordents	DESCENDING SLIDE	4.512	0	-0.74	4.516	0.976
E5C0	ornamentPrecompDoubleCadenceLowerPrefix	Precomposed trills and mordents	DOUBLE CADENCE WITH LOWER PREFIX	5.476	0	0	5.476	1.164
E5C3	ornamentPrecompDoubleCadenceUpperPrefix	Precomposed trills and mordents	DOUBLE CADENCE WITH UPPER PREFIX	5.112	0	0	5.112	0.988
E5C4	ornamentPrecompDoubleCadenceUpperPrefixTurn	Precomposed trills and mordents	DOUBLE CADENCE WITH UPPER PREFIX AND TURN	5.108	0	-0.248	5.108	1.332
E5C7	ornamentPrecompInvertedMordentUpperPrefix	Precomposed trills and mordents	INVERTED MORDENT WITH UPPER PREFIX	4.888	0	-0.248	4.888	1.56
E5C5	ornamentPrecompMordentRelease	Precomposed trills and mordents	MORDENT WITH RELEASE	2.772	0	0	2.772	1.536
E5C6	ornamentPrecompMordentUpperPrefix	Precomposed trills and mordents	MORDENT WITH UPPER PREFIX	4.892	0	0	4.892	1.564
E5BC	ornamentPrecompPortDeVoixMordent	Precomposed trills and mordents	PRE-BEAT PORT DE VOIX FOLLOWED BY MULTIPLE MORDENT (DANDRIEU)	5.224	0	-0.248	5.22	1.32
E5B0	ornamentPrecompSlide	Precomposed trills and mordents	SLIDE	4.432	0	0	4.432	1.232
E5B8	ornamentPrecompSlideTrillBach	Precomposed trills and mordents	SLIDE-TRILL WITH TWO-NOTE SUFFIX (J.S. BACH)	4.192	0	-1.468	4.192	1.324
E5B5	ornamentPrecompSlideTrillDAnglebert	Precomposed trills and mordents	SLIDE-TRILL (D'ANGLEBERT)	4.6	0.008	-1.468	4.6	0.98
E5B6	ornamentPrecompSlideTrillMarpurg	Precomposed trills and mordents	SLIDE-TRILL WITH ONE-NOTE SUFFIX (MARPURG)	4.448	0	-1.468	4.448	1.524
E5B9	ornamentPrecompSlideTrillMuffat	Precomposed trills and mordents	SLIDE-TRILL (MUFFAT)	5.64	0.016	-0.788	5.644	2.016
E5BA	ornamentPrecompSlideTrillSuffixMuffat	Precomposed trills and mordents	SLIDE-TRILL WITH TWO-NOTE SUFFIX (MUFFAT)	4.328	0	-0.784	4.328	1.524
E5C8	ornamentPrecompTrillLowerSuffix	Precomposed trills and mordents	TRILL WITH LOWER SUFFIX	3.436	0	-0.888	3.436	0.984
E5BB	ornamentPrecompTrillSuffixDandrieu	Precomposed trills and mordents	TRILL WITH TWO-NOTE SUFFIX (DANDRIEU)	3.796	0	0	3.796	1.524
E5BD	ornamentPrecompTrillWithMordent	Precomposed trills and mordents	TRILL WITH MORDENT	3.96	0	-0.248	3.96	1.332
E5B7	ornamentPrecompTurnTrillBach	Precomposed trills and mordents	TURN-TRILL WITH TWO-NOTE SUFFIX (J.S. BACH)	5.892	0	-0.248	5.896	1.38
E5B4	ornamentPrecompTurnTrillDAnglebert	Precomposed trills and mordents	TURN-TRILL (D'ANGLEBERT)	5.98	0	0	5.976	2.04
EA20	ornamentQuilisma	Medieval and Renaissance symbols in CMN	QUILISMA	1.664	0.008	0	1.664	1.196
E571	ornamentRightFacingHalfCircle	Other baroque ornaments	RIGHT-FACING HALF CIRCLE	0.648	0.004	0.004	0.64	1.892
E573	ornamentRightFacingHook	Other baroque ornaments	RIGHT-FACING HOOK	0.872	0.004	0.008	0.868	1.896
E5A4	ornamentRightVerticalStroke	Combining strokes for trills and mordents	ORNAMENT RIGHT VERTICAL STROKE	0.668	-0.1	0.228	0.656	2.472
E587	ornamentSchleifer	Other baroque ornaments	SCHLEIFER (LONG MORDENT)	4.572	0	0	4.572	2.64
E582	ornamentShake3	Other baroque ornaments	SHAKE	1.132	-0.004	-0.004	1.124	1.124
E584	ornamentShakeMuffat1	Other baroque ornaments	SHAKE (MUFFAT)	0.876	0	0.256	0.872	1.892
E57A	ornamentShortObliqueLineAfterNote	Other baroque ornaments	SHORT OBLIQUE STRAIGHT LINE NW-SE	0.804	0	-0.003	0.793	1.205
E579	ornamentShortObliqueLineBeforeNote	Other baroque ornaments	SHORT OBLIQUE STRAIGHT LINE SW-NE	0.804	0.003	-0.003	0.79	1.201
E56C	ornamentShortTrill	Common ornaments	SHORT TRILL	2.92	0	0	2.9	0.98
E590	ornamentTopLeftConcaveStroke	Combining strokes for trills and mordents	ORNAMENT TOP LEFT CONCAVE STROKE	1.396	0.008	0.16	1.388	1.864
E591	ornamentTopLeftConvexStroke	Combining strokes for trills and mordents	ORNAMENT TOP LEFT CONVEX STROKE	1.132	0	0.084	1.18	1.552
E5A0	ornamentTopRightConcaveStroke	Combining strokes for trills and mordents	ORNAMENT TOP RIGHT CONCAVE STROKE	1.752	-0.276	0.004	1.744	2.02
E5A1	ornamentTopRightConvexStroke	Combining strokes for trills and mordents	ORNAMENT TOP RIGHT CONVEX STROKE	0.46	-0.388	0.236	0.448	1.524
E56E	ornamentTremblement	Common ornaments	TREMBLEMENT	3.94	0.004	0	3.94	0.976
E589	ornamentTremblementCouperin	Other baroque ornaments	TREMBLEMENT APPUYÉ (COUPERIN)	2.44	0	0	2.44	0.68
E566	ornamentTrill	Common ornaments	TRILL	2.084	0	-0.04	2.084	1.56
E567	ornamentTurn	Common ornaments	TURN	1.84	0	0	1.84	0.872
E568	ornamentTurnInverted	Common ornaments	INVERTED TURN	1.828	-0.012	0	1.828	0.872
E569	ornamentTurnSlash	Common ornaments	TURN WITH SLASH	1.84	0	-0.36	1.84	1.224
E56A	ornamentTurnUp	Common ornaments	TURN UP	0.872	0	0	0.872	1.84
E56B	ornamentTurnUpS	Common ornaments	INVERTED TURN UP	0.868	-0.012	0	0.86	1.84
E577	ornamentUpCurve	Other baroque ornaments	CURVE ABOVE	1.568	0	0	1.568	0.5
E583	ornamentVerticalLine	Other baroque ornaments	VERTICAL LINE	0.108	0.004	0.436	0.1	1.556
E59D	ornamentZigZagLineNoRightEnd	Combining strokes for trills and mordents	ORNAMENT ZIG-ZAG LINE WITHOUT RIGHT-HAND END	1.048	-0.208	0	1.14	0.98
E59E	ornamentZigZagLineWithRightEnd	Combining strokes for trills and mordents	ORNAMENT ZIG-ZAG LINE WITH RIGHT-HAND END	1.428	-0.216	0	1.624	0.98
E510	ottava	Octaves	OTTAVA	1.544	0	-0.04	1.544	1.852
E511	ottavaAlta	Octaves	OTTAVA ALTA	3.54	0	-0.04	3.54	1.852
E512	ottavaBassa	Octaves	OTTAVA BASSA	3.356	0	-0.04	3.356	1.852
E513	ottavaBassaBa	Octaves	OTTAVA BASSA (BA)	3.5	0	-0.04	3.5	1.852
E51C	ottavaBassaVb	Octaves	OTTAVA BASSA (8VB)	3.184	0	-0.04	3.184	1.852
E22B	pendereckiTremolo	Tremolos	PENDERECKI UNMEASURED TREMOLO	0.684	-0.684	-0.636	0.684	0.64
E717	pictAgogo	Bells pictograms	AGOGO	1.764	0	0	1.764	2.988
E712	pictAlmglocken	Bells pictograms	ALMGLOCKEN	1.844	0.004	0	1.836	2.532
E701	pictAnvil	Metallic struck percussion pictograms	ANVIL	3.908	0	0	3.904	2.392
E6C3	pictBambooChimes	Chimes pictograms	BAMBOO TUBE CHIMES	4.08	0	0	4.08	3.492
E6FB	pictBambooScraper	Wooden struck or scraped percussion pictograms	BAMBOO SCRAPER	3.576	0	0	3.576	1.228
E6D4	pictBassDrum	Drums pictograms	BASS DRUM	1.54	0.004	0	1.528	3.104
E6D5	pictBassDrumOnSide	Drums pictograms	BASS DRUM ON SIDE	3.108	0	0	3.104	1.52
E7DE	pictBeaterBow	Beaters pictograms	BOW	0.38	0	0	0.372	3.104
E7EB	pictBeaterBox	Beaters pictograms	BOX FOR PERCUSSION BEATER	1.572	0	-0.32	1.568	3.3
E7DA	pictBeaterBrassMalletsDown	Beaters pictograms	BRASS MALLETS DOWN	1.184	0	-0.004	1.184	3.152
E7EE	pictBeaterBrassMalletsLeft	Beaters pictograms	BRASS MALLETS LEFT	2.108	0.004	0	2.112	3.008
E7ED	pictBeaterBrassMalletsRight	Beaters pictograms	BRASS MALLETS RIGHT	2.108	0.004	0	2.112	3.008
E7D9	pictBeaterBrassMalletsUp	Beaters pictograms	BRASS MALLETS UP	1.184	0	-0.004	1.184	3.152
E7EA	pictBeaterCombiningDashedCircle	Beaters pictograms	COMBINING DASHED CIRCLE FOR ROUND BEATERS (PLATED)	1.608	0	1.684	1.608	3.28
E7E9	pictBeaterCombiningParentheses	Beaters pictograms	COMBINING PARENTHESES FOR ROUND BEATERS (PADDED)	1.884	0	1.72	1.884	3.168
E7A1	pictBeaterDoubleBassDrumDown	Beaters pictograms	DOUBLE BASS DRUM STICK DOWN	1.284	0	0	1.28	3.052
E7A0	pictBeaterDoubleBassDrumUp	Beaters pictograms	DOUBLE BASS DRUM STICK UP	1.284	0	0	1.28	3.052
E7E4	pictBeaterFinger	Beaters pictograms	FINGER	2.076	0	0	2.068	2.84
E7E6	pictBeaterFingernails	Beaters pictograms	FINGERNAILS	1.224	0	0	1.216	0.768
E7E5	pictBeaterFist	Beaters pictograms	FIST	2.044	0	0	2.036	1.72
E7DD	pictBeaterGuiroScraper	Beaters pictograms	GUIRO SCRAPER	1.596	0	-0.004	1.584	3.14
E7E1	pictBeaterHammer	Beaters pictograms	HAMMER	2.228	0	0	2.228	2.704
E7D0	pictBeaterHammerMetalDown	Beaters pictograms	METAL HAMMER, DOWN	2.24	0	0	2.24	3.052
E7CF	pictBeaterHammerMetalUp	Beaters pictograms	METAL HAMMER, UP	2.24	0	0	2.24	3.052
E7CE	pictBeaterHammerPlasticDown	Beaters pictograms	PLASTIC HAMMER, DOWN	2.24	0	0	2.24	3.052
E7CD	pictBeaterHammerPlasticUp	Beaters pictograms	PLASTIC HAMMER, UP	2.24	0	0	2.24	3.052
E7CC	pictBeaterHammerWoodDown	Beaters pictograms	WOODEN HAMMER, DOWN	2.24	0	0	2.24	3.052
E7CB	pictBeaterHammerWoodUp	Beaters pictograms	WOODEN HAMMER, UP	2.24	0	0	2.24	3.052
E7E3	pictBeaterHand	Beaters pictograms	HAND	2.076	0	0	2.068	2.976
E79D	pictBeaterHardBassDrumDown	Beaters pictograms	HARD BASS DRUM STICK DOWN	1.288	0	-0.004	1.28	3.048
E79C	pictBeaterHardBassDrumUp	Beaters pictograms	HARD BASS DRUM STICK UP	1.288	0	-0.004	1.28	3.048
E785	pictBeaterHardGlockenspielDown	Beaters pictograms	HARD GLOCKENSPIEL STICK DOWN	0.436	0	0	0.432	2.912
E787	pictBeaterHardGlockenspielLeft	Beaters pictograms	HARD GLOCKENSPIEL STICK LEFT	1.596	0.004	0	1.596	2.556
E786	pictBeaterHardGlockenspielRight	Beaters pictograms	HARD GLOCKENSPIEL STICK RIGHT	1.596	0.004	0	1.596	2.556
E784	pictBeaterHardGlockenspielUp	Beaters pictograms	HARD GLOCKENSPIEL STICK UP	0.436	0	0	0.432	2.912
E791	pictBeaterHardTimpaniDown	Beaters pictograms	HARD TIMPANI STICK DOWN	0.872	0	-0.004	0.868	3.048
E793	pictBeaterHardTimpaniLeft	Beaters pictograms	HARD TIMPANI STICK LEFT	1.892	0	-0.004	1.892	2.824
E792	pictBeaterHardTimpaniRight	Beaters pictograms	HARD TIMPANI STICK RIGHT	1.896	0	-0.004	1.892	2.824
E790	pictBeaterHardTimpaniUp	Beaters pictograms	HARD TIMPANI STICK UP	0.872	0	-0.004	0.868	3.048
E779	pictBeaterHardXylophoneDown	Beaters pictograms	HARD XYLOPHONE STICK DOWN	0.92	0	-0.004	0.92	2.968
E77B	pictBeaterHardXylophoneLeft	Beaters pictograms	HARD XYLOPHONE STICK LEFT	1.74	-0.008	0	1.736	2.644
E77A	pictBeaterHardXylophoneRight	Beaters pictograms	HARD XYLOPHONE STICK RIGHT	1.74	0	0	1.744	2.644
E778	pictBeaterHardXylophoneUp	Beaters pictograms	HARD XYLOPHONE STICK UP	0.92	0	-0.004	0.92	2.968
E7AB	pictBeaterHardYarnDown	Beaters pictograms	HARD YARN BEATER DOWN	1.1	0.004	-0.004	1.1	3.028
E7AD	pictBeaterHardYarnLeft	Beaters pictograms	HARD YARN BEATER LEFT	1.828	0.004	-0.004	1.828	2.704
E7AC	pictBeaterHardYarnRight	Beaters pictograms	HARD YARN BEATER RIGHT	1.84	0.004	-0.004	1.828	2.704
E7AA	pictBeaterHardYarnUp	Beaters pictograms	HARD YARN BEATER UP	1.1	0.004	-0.004	1.1	3.028
E7D4	pictBeaterJazzSticksDown	Beaters pictograms	JAZZ STICKS DOWN	0.58	0	0	0.56	3.236
E7D3	pictBeaterJazzSticksUp	Beaters pictograms	JAZZ STICKS UP	0.58	0	0	0.56	3.236
E7E2	pictBeaterKnittingNeedle	Beaters pictograms	KNITTING NEEDLE	1.14	0	0	1.128	3.128
E7DF	pictBeaterMallet	Beaters pictograms	CHIME HAMMER UP	1.62	0	0	1.612	2.98
E7EC	pictBeaterMalletDown	Beaters pictograms	CHIME HAMMER DOWN	1.62	0	0	1.612	2.98
E79B	pictBeaterMediumBassDrumDown	Beaters pictograms	MEDIUM BASS DRUM STICK DOWN	1.28	0	-0.004	1.28	3.048
E79A	pictBeaterMediumBassDrumUp	Beaters pictograms	MEDIUM BASS DRUM STICK UP	1.28	0	-0.004	1.28	3.048
E78D	pictBeaterMediumTimpaniDown	Beaters pictograms	MEDIUM TIMPANI STICK DOWN	0.88	0	0.004	0.868	3.056
E78F	pictBeaterMediumTimpaniLeft	Beaters pictograms	MEDIUM TIMPANI STICK LEFT	1.896	0	0	1.896	2.828
E78E	pictBeaterMediumTimpaniRight	Beaters pictograms	MEDIUM TIMPANI STICK RIGHT	1.9	0	0	1.896	2.828
E78C	pictBeaterMediumTimpaniUp	Beaters pictograms	MEDIUM TIMPANI STICK UP	0.88	0	0.004	0.868	3.056
E775	pictBeaterMediumXylophoneDown	Beaters pictograms	MEDIUM XYLOPHONE STICK DOWN	0.936	0.004	-0.004	0.924	2.968
E777	pictBeaterMediumXylophoneLeft	Beaters pictograms	MEDIUM XYLOPHONE STICK LEFT	1.748	0.004	0	1.748	2.644
E776	pictBeaterMediumXylophoneRight	Beaters pictograms	MEDIUM XYLOPHONE STICK RIGHT	1.764	0.004	0	1.748	2.644
E774	pictBeaterMediumXylophoneUp	Beaters pictograms	MEDIUM XYLOPHONE STICK UP	0.936	0.004	-0.004	0.924	2.968
E7A7	pictBeaterMediumYarnDown	Beaters pictograms	MEDIUM YARN BEATER DOWN	1.104	0	0	1.096	3.032
E7A9	pictBeaterMediumYarnLeft	Beaters pictograms	MEDIUM YARN BEATER LEFT	1.824	0	0	1.824	2.712
E7A8	pictBeaterMediumYarnRight	Beaters pictograms	MEDIUM YARN BEATER RIGHT	1.832	0	0	1.824	2.712
E7A6	pictBeaterMediumYarnUp	Beaters pictograms	MEDIUM YARN BEATER UP	1.104	0	0	1.096	3.032
E79F	pictBeaterMetalBassDrumDown	Beaters pictograms	METAL BASS DRUM STICK DOWN	1.28	0	-0.004	1.28	3.048
E79E	pictBeaterMetalBassDrumUp	Beaters pictograms	METAL BASS DRUM STICK UP	1.28	0	-0.004	1.28	3.048
E7C8	pictBeaterMetalDown	Beaters pictograms	METAL BEATER DOWN	0.92	0	0	0.92	2.972
E7E0	pictBeaterMetalHammer	Beaters pictograms	METAL HAMMER	1.608	0.004	0	1.588	2.98
E7CA	pictBeaterMetalLeft	Beaters pictograms	METAL BEATER, LEFT	1.744	0	0	1.744	2.644
E7C9	pictBeaterMetalRight	Beaters pictograms	METAL BEATER, RIGHT	1.748	0	0	1.744	2.644
E7C7	pictBeaterMetalUp	Beaters pictograms	METAL BEATER, UP	0.92	0	0	0.92	2.972
E7D2	pictBeaterSnareSticksDown	Beaters pictograms	SNARE STICKS DOWN	0.568	0.004	0	0.564	2.928
E7D1	pictBeaterSnareSticksUp	Beaters pictograms	SNARE STICKS UP	0.568	0.004	0	0.564	2.928
E799	pictBeaterSoftBassDrumDown	Beaters pictograms	SOFT BASS DRUM STICK DOWN	1.28	0	-0.004	1.28	3.048
E798	pictBeaterSoftBassDrumUp	Beaters pictograms	SOFT BASS DRUM STICK UP	1.28	0	-0.004	1.28	3.048
E781	pictBeaterSoftGlockenspielDown	Beaters pictograms	SOFT GLOCKENSPIEL STICK DOWN	0.552	0	0	0.552	2.972
E783	pictBeaterSoftGlockenspielLeft	Beaters pictograms	SOFT GLOCKENSPIEL STICK LEFT	1.652	0.004	0	1.652	2.62
E782	pictBeaterSoftGlockenspielRight	Beaters pictograms	SOFT GLOCKENSPIEL STICK RIGHT	1.664	0.004	0	1.652	2.62
E780	pictBeaterSoftGlockenspielUp	Beaters pictograms	SOFT GLOCKENSPIEL STICK UP	0.552	0	0	0.552	2.972
E789	pictBeaterSoftTimpaniDown	Beaters pictograms	SOFT TIMPANI STICK DOWN	0.88	0	0	0.868	3.052
E78B	pictBeaterSoftTimpaniLeft	Beaters pictograms	SOFT TIMPANI STICK LEFT	1.896	0.004	0	1.896	2.828
E78A	pictBeaterSoftTimpaniRight	Beaters pictograms	SOFT TIMPANI STICK RIGHT	1.904	0.004	0	1.896	2.828
E788	pictBeaterSoftTimpaniUp	Beaters pictograms	SOFT TIMPANI STICK UP	0.88	0	0	0.868	3.052
E7DB	pictBeaterSoftXylophone	Beaters pictograms	SOFT XYLOPHONE BEATERS	2.184	0.004	0	2.18	2.644
E771	pictBeaterSoftXylophoneDown	Beaters pictograms	SOFT XYLOPHONE STICK DOWN	0.92	0	-0.016	0.92	2.956
E773	pictBeaterSoftXylophoneLeft	Beaters pictograms	SOFT XYLOPHONE STICK LEFT	1.744	0	-0.004	1.744	2.64
E772	pictBeaterSoftXylophoneRight	Beaters pictograms	SOFT XYLOPHONE STICK RIGHT	1.748	0	-0.004	1.744	2.64
E770	pictBeaterSoftXylophoneUp	Beaters pictograms	SOFT XYLOPHONE STICK UP	0.92	0	-0.016	0.92	2.956
E7A3	pictBeaterSoftYarnDown	Beaters pictograms	SOFT YARN BEATER DOWN	1.096	-0.004	-0.004	1.092	3.028
E7A5	pictBeaterSoftYarnLeft	Beaters pictograms	SOFT YARN BEATER LEFT	1.816	-0.004	-0.004	1.816	2.708
E7A4	pictBeaterSoftYarnRight	Beaters pictograms	SOFT YARN BEATER RIGHT	1.816	-0.004	-0.004	1.816	2.708
E7A2	pictBeaterSoftYarnUp	Beaters pictograms	SOFT YARN BEATER UP	1.096	-0.004	-0.004	1.092	3.028
E7DC	pictBeaterSpoonWoodenMallet	Beaters pictograms	SPOON-SHAPED WOODEN MALLET	1.776	0	0	1.764	2.716
E7AF	pictBeaterSuperballDown	Beaters pictograms	SUPERBALL BEATER DOWN	0.92	0	0	0.92	2.52
E7B1	pictBeaterSuperballLeft	Beaters pictograms	SUPERBALL BEATER LEFT	1.524	0.004	0	1.524	2.256
E7B0	pictBeaterSuperballRight	Beaters pictograms	SUPERBALL BEATER RIGHT	1.524	0.004	0	1.524	2.256
E7AE	pictBeaterSuperballUp	Beaters pictograms	SUPERBALL BEATER UP	0.92	0	0	0.92	2.52
E7D6	pictBeaterTriangleDown	Beaters pictograms	TRIANGLE BEATER DOWN	1.628	0.004	0	1.636	3.144
E7EF	pictBeaterTrianglePlain	Beaters pictograms	TRIANGLE BEATER PLAIN	1.52	0	0	1.52	2.536
E7D5	pictBeaterTriangleUp	Beaters pictograms	TRIANGLE BEATER UP	1.628	0.004	0	1.636	3.144
E7D8	pictBeaterWireBrushesDown	Beaters pictograms	WIRE BRUSHES DOWN	1.64	0.004	-0.004	1.632	3.14
E7D7	pictBeaterWireBrushesUp	Beaters pictograms	WIRE BRUSHES UP	1.64	0.004	-0.004	1.632	3.14
E795	pictBeaterWoodTimpaniDown	Beaters pictograms	WOOD TIMPANI STICK DOWN	0.88	0	0	0.868	3.052
E797	pictBeaterWoodTimpaniLeft	Beaters pictograms	WOOD TIMPANI STICK LEFT	1.9	0.004	0	1.9	2.824
E796	pictBeaterWoodTimpaniRight	Beaters pictograms	WOOD TIMPANI STICK RIGHT	1.92	0.004	0	1.9	2.824
E794	pictBeaterWoodTimpaniUp	Beaters pictograms	WOOD TIMPANI STICK UP	0.88	0	0	0.868	3.052
E77D	pictBeaterWoodXylophoneDown	Beaters pictograms	WOOD XYLOPHONE STICK DOWN	0.92	0	0	0.92	2.972
E77F	pictBeaterWoodXylophoneLeft	Beaters pictograms	WOOD XYLOPHONE STICK LEFT	1.748	0	0.004	1.748	2.648
E77E	pictBeaterWoodXylophoneRight	Beaters pictograms	WOOD XYLOPHONE STICK RIGHT	1.752	0	0.004	1.748	2.648
E77C	pictBeaterWoodXylophoneUp	Beaters pictograms	WOOD XYLOPHONE STICK UP	0.92	0	0	0.92	2.972
E714	pictBell	Bells pictograms	BELL	2.72	0.004	-0.004	2.724	2.968
E72A	pictBellOfCymbal	Cymbals pictograms	BELL OF CYMBAL	3.484	0	0	3.488	2.324
E713	pictBellPlate	Bells pictograms	BELL PLATE	2.156	0	0	2.144	2.432
E71A	pictBellTree	Bells pictograms	BELL TREE	2.152	0	0	2.152	3.036
E751	pictBirdWhistle	Whistles and aerophones pictograms	BIRD WHISTLE	2.844	0	0	2.848	3.144
E6F7	pictBoardClapper	Wooden struck or scraped percussion pictograms	BOARD CLAPPER	3.64	-0.004	-0.004	3.64	3.032
E6DD	pictBongos	Drums pictograms	BONGOS	4.912	0	-0.004	4.92	3.14
E6E1	pictBrakeDrum	Drums pictograms	BRAKE DRUM	3.148	0.004	0	3.148	3.144
E743	pictCabasa	Shakers or rattles pictograms	CABASA	1.62	0.004	0	1.62	3.112
E761	pictCannon	Miscellaneous percussion instrument pictograms	CANNON	3.38	0	0	3.38	3.12
E755	pictCarHorn	Whistles and aerophones pictograms	CAR HORN	3.876	0.004	0	3.876	1.676
E6F8	pictCastanets	Wooden struck or scraped percussion pictograms	CASTANETS	2.144	0	0	2.132	2.144
E6F9	pictCastanetsWithHandle	Wooden struck or scraped percussion pictograms	CASTANETS WITH HANDLE	1.188	0	0	1.188	2.992
E6B0	pictCelesta	Tuned mallet percussion pictograms	CELESTA	4.784	0	0	4.784	3.12
E716	pictCencerro	Bells pictograms	CENCERRO	1.004	0	0	1.004	2.988
E7FE	pictCenter1	Percussion playing technique pictograms	CENTER (WEINBERG)	2.136	0	0	2.136	2.136
E7FF	pictCenter2	Percussion playing technique pictograms	CENTER (GHENT)	2.136	0	0	2.136	2.136
E800	pictCenter3	Percussion playing technique pictograms	CENTER (CALTABIANO)	2.144	0.004	0	2.14	2.136
E748	pictChainRattle	Shakers or rattles pictograms	CHAIN RATTLE	3.396	0	0	3.396	1.304
E6C2	pictChimes	Chimes pictograms	CHIMES	4.196	0	0	4.188	3.448
E726	pictChineseCymbal	Cymbals pictograms	CHINESE CYMBAL	5.048	0	0	5.048	1.208
E805	pictChokeCymbal	Percussion playing technique pictograms	CHOKE (WEINBERG)	0.612	0.004	0.008	0.608	1.004
E6F2	pictClaves	Wooden struck or scraped percussion pictograms	CLAVES	2.484	0.004	0	2.48	2.988
E7E7	pictCoins	Beaters pictograms	COINS	5.476	0	0	5.468	3.3
E6DE	pictConga	Drums pictograms	CONGA	2.36	0.004	0	2.356	3.144
E711	pictCowBell	Bells pictograms	COW BELL	1.8	-0.004	0	1.796	2.564
E720	pictCrashCymbals	Cymbals pictograms	CRASH CYMBALS	0.852	0.004	0	0.848	3.128
E6AE	pictCrotales	Tuned mallet percussion pictograms	CROTALES	4.704	0	0	4.704	1.412
E80C	pictCrushStem	Percussion playing technique pictograms	COMBINING CRUSH FOR STEM	1.012	-1.032	-0.324	1.012	0.324
E6E4	pictCuica	Drums pictograms	CUICA	2.7	0	0	2.7	2.616
E728	pictCymbalTongs	Cymbals pictograms	CYMBAL TONGS	3.184	-0.004	0	3.184	1.14
E7F9	pictDamp1	Percussion playing technique pictograms	DAMP	1.136	-0.244	-0.248	1.38	1.376
E7FA	pictDamp2	Percussion playing technique pictograms	DAMP 2	2.828	0	-0.004	2.828	3.16
E7FB	pictDamp3	Percussion playing technique pictograms	DAMP 3	2.828	0	-0.004	2.828	3.16
E7FC	pictDamp4	Percussion playing technique pictograms	DAMP 4	2.836	0	-0.004	2.828	3.16
E80D	pictDeadNoteStem	Percussion playing technique pictograms	COMBINING X FOR STEM (DEAD NOTE)	0.644	-0.644	-0.644	0.644	0.644
E7E8	pictDrumStick	Beaters pictograms	DRUM STICK	0.224	0.004	-0.004	0.216	2.644
E757	pictDuckCall	Whistles and aerophones pictograms	DUCK CALL	4.464	0	0	4.448	1.612
E729	pictEdgeOfCymbal	Cymbals pictograms	EDGE OF CYMBAL	4.82	0.004	0	4.828	2.14
E6A9	pictEmptyTrap	Tuned mallet percussion pictograms	EMPTY TRAPEZOID	4.804	0	0	4.784	3.12
E727	pictFingerCymbals	Cymbals pictograms	FINGER CYMBALS	1	0.004	0	0.984	2.128
E740	pictFlexatone	Shakers or rattles pictograms	FLEXATONE	1.448	0	-0.008	1.448	3.112
E6F5	pictFootballRatchet	Wooden struck or scraped percussion pictograms	FOOTBALL RATTLE	4.804	0	0	4.8	2.736
E765	pictGlassHarmonica	Miscellaneous percussion instrument pictograms	GLASS HARMONICA	3.64	0	0	3.64	2.072
E764	pictGlassHarp	Miscellaneous percussion instrument pictograms	GLASS HARP	2.66	0	0	2.66	1.636
E6C6	pictGlassPlateChimes	Chimes pictograms	GLASS PLATE CHIMES	4.08	0	0	4.08	3.46
E6C5	pictGlassTubeChimes	Chimes pictograms	GLASS TUBE CHIMES	4.08	0	0	4.08	3.464
E6A0	pictGlsp	Tuned mallet percussion pictograms	GLOCKENSPIEL	4.796	0	0	4.784	3.12
E6AA	pictGlspSmithBrindle	Tuned mallet percussion pictograms	GLOCKENSPIEL (SMITH BRINDLE)	5.012	0	0	5.008	2.24
E6E2	pictGobletDrum	Drums pictograms	GOBLET DRUM (DJEMBE, DUMBEK)	2.928	0.004	0	2.92	3.144
E732	pictGong	Gongs pictograms	GONG	2.744	0	0	2.744	3.204
E733	pictGongWithButton	Gongs pictograms	GONG WITH BUTTON (NIPPLE)	2.744	0	0	2.744	3.204
E6F3	pictGuiro	Wooden struck or scraped percussion pictograms	GUIRO	4	0	0	3.992	1.532
E7C4	pictGumHardDown	Beaters pictograms	HARD GUM BEATER, DOWN	1.008	0	0	1.008	3.044
E7C6	pictGumHardLeft	Beaters pictograms	HARD GUM BEATER, LEFT	1.972	0	0	1.972	2.876
E7C5	pictGumHardRight	Beaters pictograms	HARD GUM BEATER, RIGHT	1.972	0	0	1.972	2.876
E7C3	pictGumHardUp	Beaters pictograms	HARD GUM BEATER, UP	1.008	0	0	1.008	3.044
E7C0	pictGumMediumDown	Beaters pictograms	MEDIUM GUM BEATER, DOWN	1.008	0	0	1.008	3.044
E7C2	pictGumMediumLeft	Beaters pictograms	MEDIUM GUM BEATER, LEFT	1.972	0	0	1.972	2.876
E7C1	pictGumMediumRight	Beaters pictograms	MEDIUM GUM BEATER, RIGHT	1.972	0	0	1.972	2.876
E7BF	pictGumMediumUp	Beaters pictograms	MEDIUM GUM BEATER, UP	1.008	0	0	1.008	3.044
E7BC	pictGumSoftDown	Beaters pictograms	SOFT GUM BEATER, DOWN	1.008	0	0	1.008	3.044
E7BE	pictGumSoftLeft	Beaters pictograms	SOFT GUM BEATER, LEFT	1.972	0	0	1.972	2.876
E7BD	pictGumSoftRight	Beaters pictograms	SOFT GUM BEATER, RIGHT	2.004	0	0	1.972	2.876
E7BB	pictGumSoftUp	Beaters pictograms	SOFT GUM BEATER, UP	1.008	0	0	1.008	3.044
E7F6	pictHalfOpen1	Percussion playing technique pictograms	HALF-OPEN	1.144	0	0	1.144	1.144
E7F7	pictHalfOpen2	Percussion playing technique pictograms	HALF-OPEN 2 (WEINBERG)	1.148	0.004	-0.244	1.148	1.38
E715	pictHandbell	Bells pictograms	HANDBELL	2.72	0	0	2.72	3.576
E722	pictHiHat	Cymbals pictograms	HI-HAT	3.136	0.004	0	3.132	0.844
E723	pictHiHatOnStand	Cymbals pictograms	HI-HAT CYMBALS ON STAND	3.14	0	-0.004	3.128	3.84
E767	pictJawHarp	Miscellaneous percussion instrument pictograms	JAW HARP	2	0	0	2	2
E719	pictJingleBells	Bells pictograms	JINGLE BELLS	3.56	0	0	3.56	2.776
E756	pictKlaxonHorn	Whistles and aerophones pictograms	KLAXON HORN	3.216	0	0	3.2	3.128
E807	pictLeftHandCircle	Percussion playing technique pictograms	RIGHT HAND (AGOSTINI)	0.5	0	0.248	0.5	0.748
E763	pictLionsRoar	Miscellaneous percussion instrument pictograms	LION'S ROAR	2.856	-0.004	0	2.852	2.58
E6B1	pictLithophone	Tuned mallet percussion pictograms	LITHOPHONE	4.536	0	0	4.536	2.988
E6DF	pictLogDrum	Drums pictograms	LOG DRUM	4.68	0.004	0	4.668	2.144
E75A	pictLotusFlute	Whistles and aerophones pictograms	LOTUS FLUTE	3.512	0	0	3.512	1.108
E6A6	pictMar	Tuned mallet percussion pictograms	MARIMBA	4.8	0	0.004	4.784	3.124
E6AC	pictMarSmithBrindle	Tuned mallet percussion pictograms	MARIMBA (SMITH BRINDLE)	6.288	0	0	6.284	2.24
E741	pictMaraca	Shakers or rattles pictograms	MARACA	1.624	0.004	0	1.62	3.112
E742	pictMaracas	Shakers or rattles pictograms	MARACAS	4.116	0	0	4.116	2.916
E759	pictMegaphone	Whistles and aerophones pictograms	MEGAPHONE	4.096	0	0	4.092	3.128
E6C8	pictMetalPlateChimes	Chimes pictograms	METAL PLATE CHIMES	4.08	0	0	4.08	3.444
E6C7	pictMetalTubeChimes	Chimes pictograms	METAL TUBE CHIMES	4.08	0	0	4.08	3.448
E766	pictMusicalSaw	Miscellaneous percussion instrument pictograms	MUSICAL SAW	3.448	0	-0.808	3.448	1.36
E804	pictNormalPosition	Percussion playing technique pictograms	NORMAL POSITION (CALTABIANO)	2.136	0	0.004	2.136	2.14
E7F4	pictOnRim	Percussion playing technique pictograms	ON RIM	2.02	0	0	2.016	2.016
E7F8	pictOpen	Percussion playing technique pictograms	OPEN	1.144	0	0	1.144	1.144
E7F5	pictOpenRimShot	Percussion playing technique pictograms	CLOSED / RIM SHOT	1.144	0	-0.004	1.144	1.14
E760	pictPistolShot	Miscellaneous percussion instrument pictograms	PISTOL SHOT	5.088	0	0	5.08	2.348
E752	pictPoliceWhistle	Whistles and aerophones pictograms	POLICE WHISTLE	3.96	0	0	3.956	2.16
E6FA	pictQuijada	Wooden struck or scraped percussion pictograms	QUIJADA (JAWBONE)	4.312	0.004	0	4.312	1.332
E747	pictRainstick	Shakers or rattles pictograms	RAINSTICK	1.032	0	0	1.028	3.112
E6F4	pictRatchet	Wooden struck or scraped percussion pictograms	RATCHET	2.796	0.004	0	2.78	3.144
E6FC	pictRecoReco	Wooden struck or scraped percussion pictograms	RECO-RECO	4.004	0	0	4.004	0.592
E806	pictRightHandSquare	Percussion playing technique pictograms	LEFT HAND (AGOSTINI)	1.128	0	0	1.128	1.128
E801	pictRim1	Percussion playing technique pictograms	RIM OR EDGE (WEINBERG)	2.52	0	0	2.508	2.136
E802	pictRim2	Percussion playing technique pictograms	RIM (GHENT)	2.136	0	0	2.136	2.136
E803	pictRim3	Percussion playing technique pictograms	RIM (CALTABIANO)	2.136	0	0	2.136	2.136
E7FD	pictRimShotOnStem	Percussion playing technique pictograms	RIM SHOT FOR STEM	0.492	-0.496	-0.504	0.492	0.504
E762	pictSandpaperBlocks	Miscellaneous percussion instrument pictograms	SANDPAPER BLOCKS	3.74	0	0.004	3.74	2.96
E7F3	pictScrapeAroundRim	Percussion playing technique pictograms	SCRAPE AROUND RIM (COUNTER-CLOCKWISE)	3.124	0.004	0	3.132	3.128
E80E	pictScrapeAroundRimClockwise	Percussion playing technique pictograms	SCRAPE AROUND RIM (CLOCKWISE)	3.124	0.004	0	3.132	3.128
E7F1	pictScrapeCenterToEdge	Percussion playing technique pictograms	SCRAPE FROM CENTER TO EDGE	3.124	0	0	3.128	3.128
E7F2	pictScrapeEdgeToCenter	Percussion playing technique pictograms	SCRAPE FROM EDGE TO CENTER	3.112	0	0	3.128	3.128
E718	pictShellBells	Bells pictograms	SHELL BELLS	2	0	0	2	2
E6C4	pictShellChimes	Chimes pictograms	SHELL CHIMES	4.08	0	0	4.08	3.496
E753	pictSiren	Whistles and aerophones pictograms	SIREN	3.492	0.004	0	3.496	3.148
E746	pictSistrum	Shakers or rattles pictograms	SISTRUM	2.916	0	-0.004	2.888	3.176
E724	pictSizzleCymbal	Cymbals pictograms	SIZZLE CYMBAL	3.128	-0.004	-0.004	3.124	0.552
E710	pictSleighBell	Bells pictograms	SLEIGH BELL	5.356	0	0	5.356	1.948
E734	pictSlideBrushOnGong	Gongs pictograms	SLIDE BRUSH ON GONG	3.392	0	-0.004	3.384	1.14
E750	pictSlideWhistle	Whistles and aerophones pictograms	SLIDE WHISTLE	3.9	0	-0.008	3.896	3.44
E6E0	pictSlitDrum	Drums pictograms	SLIT DRUM	4.152	0	0	4.14	2.144
E6D1	pictSnareDrum	Drums pictograms	SNARE DRUM	3.944	0	0	3.936	1.66
E6D3	pictSnareDrumMilitary	Drums pictograms	MILITARY SNARE DRUM	1.664	0	0	1.66	3.936
E6D2	pictSnareDrumSnaresOff	Drums pictograms	SNARE DRUM, SNARES OFF	3.944	0	0	3.936	1.66
E6AF	pictSteelDrums	Tuned mallet percussion pictograms	STEEL DRUMS	4.212	0	0	4.212	3
E7F0	pictStickShot	Percussion playing technique pictograms	STICK SHOT	1.776	0	0	1.8	1.8
E7B2	pictSuperball	Beaters pictograms	SUPERBALL	0.924	0	0	0.92	0.92
E721	pictSuspendedCymbal	Cymbals pictograms	SUSPENDED CYMBAL	3.14	0	0	3.128	0.332
E808	pictSwishStem	Percussion playing technique pictograms	COMBINING SWISH FOR STEM	0.988	-0.992	-0.992	0.992	0.988
E6E3	pictTabla	Drums pictograms	INDIAN TABLA	3.06	0	0	3.06	2.292
E730	pictTamTam	Gongs pictograms	TAM-TAM	4.084	0.004	0.004	4.092	2.988
E731	pictTamTamWithBeater	Gongs pictograms	TAM-TAM WITH BEATER (SMITH BRINDLE)	3.936	0.004	0	3.936	2.972
E6DB	pictTambourine	Drums pictograms	TAMBOURINE	3.644	0	0	3.64	3.644
E6F1	pictTempleBlocks	Wooden struck or scraped percussion pictograms	TEMPLE BLOCKS	3.724	0	0.004	3.728	2.132
E6D6	pictTenorDrum	Drums pictograms	TENOR DRUM	1.656	0	0	1.66	4.144
E744	pictThundersheet	Shakers or rattles pictograms	THUNDERSHEET	4.096	0.004	0	4.092	2.984
E6DC	pictTimbales	Drums pictograms	TIMBALES	4.452	0.004	0.004	4.444	3.148
E6D0	pictTimpani	Drums pictograms	TIMPANI	3.784	0	-0.036	3.764	3.352
E6D7	pictTomTom	Drums pictograms	TOM-TOM	2.156	0	0	2.144	2.144
E6D8	pictTomTomChinese	Drums pictograms	CHINESE TOM-TOM	5.096	0	0	5.1	2.196
E6DA	pictTomTomIndoAmerican	Drums pictograms	INDO-AMERICAN TOM TOM	5.096	0	0	5.1	2.196
E6D9	pictTomTomJapanese	Drums pictograms	JAPANESE TOM-TOM	5.1	0	0	5.1	2.196
E700	pictTriangle	Metallic struck percussion pictograms	TRIANGLE	4.144	0	0	4.148	3.144
E6B2	pictTubaphone	Tuned mallet percussion pictograms	TUBAPHONE	4.784	0	0	4.784	3.12
E6C0	pictTubularBells	Chimes pictograms	TUBULAR BELLS	3.74	-0.004	0	3.74	3.104
E80A	pictTurnLeftStem	Percussion playing technique pictograms	COMBINING TURN LEFT FOR STEM	1.736	-1.736	-0.52	1.736	0.528
E80B	pictTurnRightLeftStem	Percussion playing technique pictograms	COMBINING TURN LEFT OR RIGHT FOR STEM	1.708	-1.712	-0.512	1.708	0.5
E809	pictTurnRightStem	Percussion playing technique pictograms	COMBINING TURN RIGHT FOR STEM	1.736	-1.736	-0.52	1.736	0.528
E6A7	pictVib	Tuned mallet percussion pictograms	VIBRAPHONE	4.788	0	0	4.784	3.12
E6A8	pictVibMotorOff	Tuned mallet percussion pictograms	METALLOPHONE (VIBRAPHONE MOTOR OFF)	4.784	0	0	4.784	3.12
E6AD	pictVibSmithBrindle	Tuned mallet percussion pictograms	VIBRAPHONE (SMITH BRINDLE)	5.864	0	0	5.864	2.24
E745	pictVibraslap	Shakers or rattles pictograms	VIBRASLAP	2.94	0	0	2.94	2.088
E725	pictVietnameseHat	Cymbals pictograms	VIETNAMESE HAT CYMBAL	3.876	0	0	3.864	2.564
E6F6	pictWhip	Wooden struck or scraped percussion pictograms	WHIP	2.8	-0.004	0	2.792	3.416
E6C1	pictWindChimesGlass	Chimes pictograms	WIND CHIMES (GLASS)	3.484	0	0	3.468	3.116
E754	pictWindMachine	Whistles and aerophones pictograms	WIND MACHINE	5.576	0	0	5.568	3.144
E758	pictWindWhistle	Whistles and aerophones pictograms	WIND WHISTLE (OR MOUTH SIREN)	4.888	0	0	4.892	1.644
E6F0	pictWoodBlock	Wooden struck or scraped percussion pictograms	WOOD BLOCK	3.148	0.004	0	3.132	2.128
E7B4	pictWoundHardDown	Beaters pictograms	WOUND BEATER, HARD CORE DOWN	0.92	0	0	0.92	2.972
E7B6	pictWoundHardLeft	Beaters pictograms	WOUND BEATER, HARD CORE LEFT	1.748	0.004	0	1.748	2.644
E7B5	pictWoundHardRight	Beaters pictograms	WOUND BEATER, HARD CORE RIGHT	1.752	0.004	0	1.748	2.644
E7B3	pictWoundHardUp	Beaters pictograms	WOUND BEATER, HARD CORE UP	0.92	0	0	0.92	2.972
E7B8	pictWoundSoftDown	Beaters pictograms	WOUND BEATER, SOFT CORE DOWN	0.92	0	0	0.92	2.972
E7BA	pictWoundSoftLeft	Beaters pictograms	WOUND BEATER, SOFT CORE LEFT	1.748	0.004	0	1.748	2.644
E7B9	pictWoundSoftRight	Beaters pictograms	WOUND BEATER, SOFT CORE RIGHT	1.752	0.004	0	1.748	2.644
E7B7	pictWoundSoftUp	Beaters pictograms	WOUND BEATER, SOFT CORE UP	0.92	0	0	0.92	2.972
E6A1	pictXyl	Tuned mallet percussion pictograms	XYLOPHONE	4.792	0	0	4.784	3.12
E6A3	pictXylBass	Tuned mallet percussion pictograms	BASS XYLOPHONE	4.784	0	0	4.784	3.12
E6AB	pictXylSmithBrindle	Tuned mallet percussion pictograms	XYLOPHONE (SMITH BRINDLE)	5.868	0	0	5.864	2.24
E6A2	pictXylTenor	Tuned mallet percussion pictograms	TENOR XYLOPHONE	4.784	0	0	4.784	3.12
E6A5	pictXylTenorTrough	Tuned mallet percussion pictograms	TROUGH TENOR XYLOPHONE	4.784	0	0	4.784	3.12
E6A4	pictXylTrough	Tuned mallet percussion pictograms	TROUGH XYLOPHONE	4.784	0	0	4.784	3.12
E632	pluckedBuzzPizzicato	Plucked techniques	BUZZ PIZZICATO	1.2	0	0	1.2	0.8
E638	pluckedDamp	Plucked techniques	DAMP	1.3	0	0	1.296	1.296
E639	pluckedDampAll	Plucked techniques	DAMP ALL	1.388	0	0	1.384	1.38
E63B	pluckedDampOnStem	Plucked techniques	DAMP FOR STEM	0.864	-0.856	-0.608	0.864	0.608
E637	pluckedFingernailFlick	Plucked techniques	FINGERNAIL FLICK	1	-0.004	0	1	1.596
E633	pluckedLeftHandPizzicato	Plucked techniques	LEFT-HAND PIZZICATO	1.088	0	0	1.088	1.088
E63A	pluckedPlectrum	Plucked techniques	PLECTRUM	1.776	0	0	1.764	2
E631	pluckedSnapPizzicatoAbove	Plucked techniques	SNAP PIZZICATO ABOVE	0.8	0	0	0.8	1.2
E630	pluckedSnapPizzicatoBelow	Plucked techniques	SNAP PIZZICATO BELOW	0.8	0	0	0.8	1.2
E636	pluckedWithFingernails	Plucked techniques	WITH FINGERNAILS	1.592	0.004	-0.004	1.592	1
E514	quindicesima	Octaves	QUINDICESIMA	2.668	0	-0.04	2.668	1.844
E515	quindicesimaAlta	Octaves	QUINDICESIMA ALTA	5.26	0	-0.04	5.26	1.844
E516	quindicesimaBassa	Octaves	QUINDICESIMA BASSA	5.14	0	-0.04	5.14	1.844
E51D	quindicesimaBassaMb	Octaves	QUINDICESIMA BASSA (MB)	4.924	0	-0.04	4.928	1.844
E500	repeat1Bar	Bar repeats	REPEAT LAST BAR	2.132	0	-1	2.128	1.116
E501	repeat2Bars	Bar repeats	REPEAT LAST TWO BARS	3.044	0	-1	3.048	1.116
E502	repeat4Bars	Bar repeats	REPEAT LAST FOUR BARS	4.932	0	-1	4.928	1.116
E505	repeatBarLowerDot	Bar repeats	REPEAT BAR LOWER DOT	0.496	0	-0.696	0.5	-0.196
E504	repeatBarSlash	Bar repeats	REPEAT BAR SLASH	2.128	0	-1	2.128	1.116
E503	repeatBarUpperDot	Bar repeats	REPEAT BAR UPPER DOT	0.5	0	0.3	0.5	0.8
E044	repeatDot	Repeats	SINGLE REPEAT DOT	0.4	0	-0.2	0.4	0.2
E043	repeatDots	Repeats	REPEAT DOTS	0.4	0	1.272	0.4	2.68
E040	repeatLeft	Repeats	LEFT (START) REPEAT SIGN	1.472	0	0	1.464	4
E041	repeatRight	Repeats	RIGHT (END) REPEAT SIGN	1.468	0.004	0	1.468	4
E042	repeatRightLeft	Repeats	RIGHT AND LEFT REPEAT SIGN	2.432	0.004	0	2.432	4
E4ED	rest1024th	Rests	1024TH REST	2.672	0	-3.972	2.672	4.788
E4EA	rest128th	Rests	128TH (SEMIHEMIDEMISEMIQUAVER) REST	1.94	0	-3	1.94	2.756
E4E7	rest16th	Rests	16TH (SEMIQUAVER) REST	1.28	0	-2	1.28	0.716
E4EB	rest256th	Rests	256TH REST	2.164	0	-4	2.164	2.784
E4E8	rest32nd	Rests	32ND (DEMISEMIQUAVER) REST	1.452	0	-2	1.452	1.704
E4EC	rest512th	Rests	512TH REST	2.416	0	-4	2.416	3.776
E4E9	rest64th	Rests	64TH (HEMIDEMISEMIQUAVER) REST	1.696	0	-3.012	1.692	1.72
E4E6	rest8th	Rests	EIGHTH (QUAVER) REST	1	0	-1.004	0.988	0.696
E4E2	restDoubleWhole	Rests	DOUBLE WHOLE (BREVE) REST	0.504	0	0	0.5	1
E4F3	restDoubleWholeLegerLine	Rests	DOUBLE WHOLE REST ON LEGER LINES	1.176	0	-0.1	1.176	1.056
E4EE	restHBar	Rests	MULTIPLE MEASURE REST	3.136	0	-1.084	3.128	1.044
E4EF	restHBarLeft	Rests	H-BAR, LEFT HALF	1.508	0	-1.08	1.5	1.048
E4F0	restHBarMiddle	Rests	H-BAR, MIDDLE	1.312	-0.108	-0.416	1.42	0.384
E4F1	restHBarRight	Rests	H-BAR, RIGHT HALF	1.508	0	-1.08	1.5	1.048
E4E4	restHalf	Rests	HALF (MINIM) REST	1.132	0	-0.008	1.128	0.568
E4F5	restHalfLegerLine	Rests	HALF REST ON LEGER LINE	1.128	-0.468	-0.052	1.596	0.568
E4E1	restLonga	Rests	LONGA REST	0.5	0	-0.996	0.5	1
E4E0	restMaxima	Rests	MAXIMA REST	1.524	0	-0.996	1.524	1
E4E5	restQuarter	Rests	QUARTER (CROTCHET) REST	1.08	0.004	-1.5	1.08	1.492
E4F2	restQuarterOld	Rests	OLD-STYLE QUARTER (CROTCHET) REST	1	0	-1.004	0.988	0.696
E4F6	restQuarterZ	Rests	Z-STYLE QUARTER (CROTCHET) REST	1	0	-0.856	1	0.856
E4E3	restWhole	Rests	WHOLE (SEMIBREVE) REST	1.132	0	-0.54	1.128	0.036
E4F4	restWholeLegerLine	Rests	WHOLE REST ON LEGER LINE	1.128	-0.468	-0.54	1.596	0.08
E001	reversedBrace	Staff brackets and dividers	REVERSED BRACE	0.38	0.032	0	0.352	3.988
E006	reversedBracketBottom	Staff brackets and dividers	REVERSED BRACKET BOTTOM	1.876	0	-1.18	1.876	0
E005	reversedBracketTop	Staff brackets and dividers	REVERSED BRACKET TOP	1.876	0	0	1.876	1.18
E04D	rightRepeatSmall	Repeats	RIGHT REPEAT SIGN WITHIN BAR	1.484	0	0.5	1.464	3.48
EF00	scaleDegree1	Scale degrees	SCALE DEGREE 1	1.14	-0.228	0	1.424	4.018
EF01	scaleDegree2	Scale degrees	SCALE DEGREE 2	2.068	0.08	0	1.988	4.018
EF02	scaleDegree3	Scale degrees	SCALE DEGREE 3	2.056	0.08	-0.06	1.976	4.018
EF03	scaleDegree4	Scale degrees	SCALE DEGREE 4	2.128	0.08	0	2.048	4.018
EF04	scaleDegree5	Scale degrees	SCALE DEGREE 5	2.072	0.08	-0.06	1.992	4.018
EF05	scaleDegree6	Scale degrees	SCALE DEGREE 6	2.04	0.08	-0.06	1.96	4.018
EF06	scaleDegree7	Scale degrees	SCALE DEGREE 7	2.056	0.08	0	1.976	4.018
EF07	scaleDegree8	Scale degrees	SCALE DEGREE 8	2.064	0.08	-0.06	1.984	4.018
EF08	scaleDegree9	Scale degrees	SCALE DEGREE 9	2.044	0.08	-0.06	1.964	4.018
E06F	schaefferClef	Clefs	SCHÄFFER CLEF	1.232	0	-0.996	1.236	1
E072	schaefferFClefToGClef	Clefs	SCHÄFFER F CLEF TO G CLEF CHANGE	2.464	0	-0.996	2.464	3
E071	schaefferGClefToFClef	Clefs	SCHÄFFER G CLEF TO F CLEF CHANGE	2.472	0	-2.996	2.472	1
E070	schaefferPreviousClef	Clefs	SCHÄFFER PREVIOUS CLEF	1.236	0	-0.996	1.236	1
E047	segno	Repeats	SEGNO	2.228	0.016	-0.108	2.2	3.036
E04A	segnoSerpent1	Repeats	SEGNO (SERPENT)	1.608	0.008	-0.132	1.612	4.124
E04B	segnoSerpent2	Repeats	SEGNO (SERPENT WITH VERTICAL LINES)	1.608	0.004	-0.132	1.608	4.124
E06B	semipitchedPercussionClef1	Clefs	SEMI-PITCHED PERCUSSION CLEF 1	1.004	0.004	-2.516	0.98	2.516
E06C	semipitchedPercussionClef2	Clefs	SEMI-PITCHED PERCUSSION CLEF 2	1.852	0.008	-0.808	1.836	0.824
EC52	smnFlat	Simplified Music Notation	FLAT	1.576	0	-0.548	1.576	0.548
EC53	smnFlatWhite	Simplified Music Notation	FLAT (WHITE)	1.576	0	-0.548	1.576	0.548
EC57	smnHistoryDoubleFlat	Simplified Music Notation	DOUBLE FLAT HISTORY SIGN	2.168	0.004	-0.448	2.168	0.448
EC55	smnHistoryDoubleSharp	Simplified Music Notation	DOUBLE SHARP HISTORY SIGN	1.764	0	-0.448	1.764	0.448
EC56	smnHistoryFlat	Simplified Music Notation	FLAT HISTORY SIGN	2.168	0.004	-0.448	2.168	0.448
EC54	smnHistorySharp	Simplified Music Notation	SHARP HISTORY SIGN	1.28	0.004	-0.448	1.28	0.448
EC58	smnNatural	Simplified Music Notation	NATURAL (N)	0.908	0	-0.44	0.908	0.44
EC50	smnSharp	Simplified Music Notation	SHARP STEM UP	1.548	0	-0.548	1.548	0.548
EC59	smnSharpDown	Simplified Music Notation	SHARP STEM DOWN	1.548	0	-0.548	1.548	0.548
EC51	smnSharpWhite	Simplified Music Notation	SHARP (WHITE) STEM UP	1.548	0	-0.548	1.548	0.548
EC5A	smnSharpWhiteDown	Simplified Music Notation	SHARP (WHITE) STEM DOWN	1.548	0	-0.548	1.548	0.548
E00A	splitBarDivider	Staff brackets and dividers	SPLIT BAR DIVIDER (BAR SPANS A SYSTEM BREAK)	1.2	-0.604	0.508	0.596	2.004
E010	staff1Line	Staves	1-LINE STAFF	2	0	1.936	2	2.064
E01C	staff1LineNarrow	Staves	1-LINE STAFF (NARROW)	1	0	1.936	1	2.064
E016	staff1LineWide	Staves	1-LINE STAFF (WIDE)	3	0	1.936	3	2.064
E011	staff2Lines	Staves	2-LINE STAFF	2	0	1.436	2	2.564
E01D	staff2LinesNarrow	Staves	2-LINE STAFF (NARROW)	1	0	1.436	1	2.564
E017	staff2LinesWide	Staves	2-LINE STAFF (WIDE)	3	0	1.436	3	2.564
E012	staff3Lines	Staves	3-LINE STAFF	2	0	0.936	2	3.064
E01E	staff3LinesNarrow	Staves	3-LINE STAFF (NARROW)	1	0	0.936	1	3.064
E018	staff3LinesWide	Staves	3-LINE STAFF (WIDE)	3	0	0.936	3	3.064
E013	staff4Lines	Staves	4-LINE STAFF	2	0	0.436	2	3.564
E01F	staff4LinesNarrow	Staves	4-LINE STAFF (NARROW)	1	0	0.436	1	3.564
E019	staff4LinesWide	Staves	4-LINE STAFF (WIDE)	3	0	0.436	3	3.564
E014	staff5Lines	Staves	5-LINE STAFF	2	0	-0.064	2	4.064
E020	staff5LinesNarrow	Staves	5-LINE STAFF (NARROW)	1	0	-0.064	1	4.064
E01A	staff5LinesWide	Staves	5-LINE STAFF (WIDE)	3	0	-0.064	3	4.064
E015	staff6Lines	Staves	6-LINE STAFF	2	0	-0.564	2	4.564
E021	staff6LinesNarrow	Staves	6-LINE STAFF (NARROW)	1	0	-0.564	1	4.564
E01B	staff6LinesWide	Staves	6-LINE STAFF (WIDE)	3	0	-0.564	3	4.564
E00B	staffDivideArrowDown	Staff brackets and dividers	STAFF DIVIDE ARROW DOWN	2.104	0	0	2.104	2.104
E00C	staffDivideArrowUp	Staff brackets and dividers	STAFF DIVIDE ARROW UP	2.104	0	1.896	2.104	4
E00D	staffDivideArrowUpDown	Staff brackets and dividers	STAFF DIVIDE ARROWS	2.104	0	0	2.104	4.072
EB98	staffPosLower1	Combining staff positions	LOWER 1 STAFF POSITION	1	0	-0.5	1	0.5
EB99	staffPosLower2	Combining staff positions	LOWER 2 STAFF POSITIONS	1	0	-0.5	1	0.5
EB9A	staffPosLower3	Combining staff positions	LOWER 3 STAFF POSITIONS	1	0	-0.5	1	0.5
EB9B	staffPosLower4	Combining staff positions	LOWER 4 STAFF POSITIONS	1	0	-0.5	1	0.5
EB9C	staffPosLower5	Combining staff positions	LOWER 5 STAFF POSITIONS	1	0	-0.5	1	0.5
EB9D	staffPosLower6	Combining staff positions	LOWER 6 STAFF POSITIONS	1	0	-0.5	1	0.5
EB9E	staffPosLower7	Combining staff positions	LOWER 7 STAFF POSITIONS	1	0	-0.5	1	0.5
EB9F	staffPosLower8	Combining staff positions	LOWER 8 STAFF POSITIONS	1	0	-0.5	1	0.5
EB90	staffPosRaise1	Combining staff positions	RAISE 1 STAFF POSITION	1	0	-0.5	1	0.5
EB91	staffPosRaise2	Combining staff positions	RAISE 2 STAFF POSITIONS	1	0	-0.5	1	0.5
EB92	staffPosRaise3	Combining staff positions	RAISE 3 STAFF POSITIONS	1	0	-0.5	1	0.5
EB93	staffPosRaise4	Combining staff positions	RAISE 4 STAFF POSITIONS	1	0	-0.5	1	0.5
EB94	staffPosRaise5	Combining staff positions	RAISE 5 STAFF POSITIONS	1	0	-0.5	1	0.5
EB95	staffPosRaise6	Combining staff positions	RAISE 6 STAFF POSITIONS	1	0	-0.5	1	0.5
EB96	staffPosRaise7	Combining staff positions	RAISE 7 STAFF POSITIONS	1	0	-0.5	1	0.5
EB97	staffPosRaise8	Combining staff positions	RAISE 8 STAFF POSITIONS	1	0	-0.5	1	0.5
E210	stem	Stems	COMBINING STEM	0.06	-0.06	0	0.06	3.5
E215	stemBowOnBridge	Stems	COMBINING BOW ON BRIDGE STEM	0.06	-0.792	0	0.792	3.5
E216	stemBowOnTailpiece	Stems	COMBINING BOW ON TAILPIECE STEM	0.056	-0.792	0	0.788	3.5
E217	stemBuzzRoll	Stems	COMBINING BUZZ ROLL STEM	0.06	-0.624	0	0.624	3.5
E218	stemDamp	Stems	COMBINING DAMP STEM	0.06	-0.86	0	0.86	3.5
E21F	stemHarpStringNoise	Stems	COMBINING HARP STRING NOISE STEM	0.06	-0.728	0	0.724	3.5
E21A	stemMultiphonicsBlack	Stems	COMBINING MULTIPHONICS (BLACK) STEM	0.06	-1.112	0	1.116	3.5
E21C	stemMultiphonicsBlackWhite	Stems	COMBINING MULTIPHONICS (BLACK AND WHITE) STEM	0.06	-1.196	0	1.196	3.5
E21B	stemMultiphonicsWhite	Stems	COMBINING MULTIPHONICS (WHITE) STEM	0.06	-1.196	0	1.196	3.5
E213	stemPendereckiTremolo	Stems	COMBINING PENDERECKI UNMEASURED TREMOLO STEM	0.06	-0.68	0	0.676	3.5
E21E	stemRimShot	Stems	COMBINING RIM SHOT STEM	0.06	-0.492	0	0.496	3.5
E211	stemSprechgesang	Stems	COMBINING SPRECHGESANG STEM	0.06	-0.64	0	0.644	3.5
E214	stemSulPonticello	Stems	COMBINING SUL PONTICELLO (BOW BEHIND BRIDGE) STEM	0.06	-1.06	0	1.06	3.5
E21D	stemSussurando	Stems	COMBINING SUSSURANDO STEM	0.06	-0.516	0	0.516	3.5
E212	stemSwished	Stems	COMBINING SWISHED STEM	0.06	-0.82	-0.016	0.936	3.484
E219	stemVibratoPulse	Stems	COMBINING VIBRATO PULSE ACCENT (SAUNDERS) STEM	0.06	-1.06	0	1.064	3.5
E232	stockhausenTremolo	Tremolos	STOCKHAUSEN IRREGULAR TREMOLO ("MORSEN", LIKE MORSE CODE)	0.588	-0.604	-0.584	1.64	0.372
E618	stringsBowBehindBridge	String techniques	BOW BEHIND BRIDGE (SUL PONTICELLO)	0.856	-0.856	0	0.856	0.856
E62A	stringsBowBehindBridgeFourStrings	String techniques	BOW BEHIND BRIDGE ON FOUR STRINGS	0.856	-0.856	0	0.856	2.004
E627	stringsBowBehindBridgeOneString	String techniques	BOW BEHIND BRIDGE ON ONE STRING	0.856	-0.856	0	0.856	2.004
E629	stringsBowBehindBridgeThreeStrings	String techniques	BOW BEHIND BRIDGE ON THREE STRINGS	0.856	-0.856	0	0.856	2.004
E628	stringsBowBehindBridgeTwoStrings	String techniques	BOW BEHIND BRIDGE ON TWO STRINGS	0.856	-0.856	0	0.856	2.004
E619	stringsBowOnBridge	String techniques	BOW ON TOP OF BRIDGE	0.788	-0.788	-0.18	0.788	0.172
E61A	stringsBowOnTailpiece	String techniques	BOW ON TAILPIECE	0.792	-0.788	-0.184	0.792	0.176
E626	stringsChangeBowDirection	String techniques	CHANGE BOW DIRECTION, INDETERMINATE	3.788	0	-0.3	3.784	1.708
E610	stringsDownBow	String techniques	DOWN BOW	1.248	0	0	1.248	1.272
EE82	stringsDownBowAwayFromBody	Chop (percussive bowing) notation	DOWN BOW, AWAY FROM BODY	1.248	0	0	1.248	1.272
EE84	stringsDownBowBeyondBridge	Chop (percussive bowing) notation	DOWN BOW, BEYOND BRIDGE	1.248	0	0	1.248	1.272
EE80	stringsDownBowTowardsBody	Chop (percussive bowing) notation	DOWN BOW, TOWARDS BODY	1.248	0	0	1.248	1.272
E611	stringsDownBowTurned	String techniques	TURNED DOWN BOW	1.248	0	0	1.248	1.272
E622	stringsFouette	String techniques	FOUETTÉ	0.644	0	0	0.64	1.648
E615	stringsHalfHarmonic	String techniques	HALF-HARMONIC	0.8	0	0	0.8	0.8
E614	stringsHarmonic	String techniques	HARMONIC	0.8	0	0	0.8	0.8
E620	stringsJeteAbove	String techniques	JETÉ (GETTATO) ABOVE	2.852	0	0	2.844	0.956
E621	stringsJeteBelow	String techniques	JETÉ (GETTATO) BELOW	2.852	0	0	2.844	0.956
E617	stringsMuteOff	String techniques	MUTE OFF	1.552	0	0	1.552	0.784
E616	stringsMuteOn	String techniques	MUTE ON	1.552	0	-0.004	1.552	0.78
E61B	stringsOverpressureDownBow	String techniques	OVERPRESSURE, DOWN BOW	1.256	0	0	1.252	1.272
E61F	stringsOverpressureNoDirection	String techniques	OVERPRESSURE, NO BOW DIRECTION	1.256	0	0	1.252	0.908
E61D	stringsOverpressurePossibileDownBow	String techniques	OVERPRESSURE POSSIBILE, DOWN BOW	1.256	0	0	1.252	1.272
E61E	stringsOverpressurePossibileUpBow	String techniques	OVERPRESSURE POSSIBILE, UP BOW	1.088	0.004	0	1.084	1.98
E61C	stringsOverpressureUpBow	String techniques	OVERPRESSURE, UP BOW	1	0.008	0.004	0.992	1.968
EE88	stringsScrapeCircularClockwise	Chop (percussive bowing) notation	SCRAPE, CIRCULAR CLOCKWISE	1.28	-0.002	0	1.281	1.817
EE89	stringsScrapeCircularCounterclockwise	Chop (percussive bowing) notation	SCRAPE, CIRCULAR COUNTER-CLOCKWISE	1.28	-0.002	0	1.281	1.817
EE86	stringsScrapeParallelInward	Chop (percussive bowing) notation	SCRAPE, PARALLEL INWARD	1.888	0.002	0.001	1.888	0.638
EE87	stringsScrapeParallelOutward	Chop (percussive bowing) notation	SCRAPE, PARALLEL OUTWARD	1.888	0.002	0.001	1.888	0.638
E624	stringsThumbPosition	String techniques	THUMB POSITION	0.688	0	0	0.688	1.184
E625	stringsThumbPositionTurned	String techniques	TURNED THUMB POSITION	0.688	0	0	0.688	1.184
EE8A	stringsTripleChopInward	Chop (percussive bowing) notation	TRIPLE CHOP, INWARD	1.888	0.001	-0.001	1.887	2.517
EE8B	stringsTripleChopOutward	Chop (percussive bowing) notation	TRIPLE CHOP, OUTWARD	1.888	0.002	0	1.888	2.518
E612	stringsUpBow	String techniques	UP BOW	1	0.004	0.004	0.996	1.98
EE83	stringsUpBowAwayFromBody	Chop (percussive bowing) notation	UP BOW, AWAY FROM BODY	1.2	0.026	0.004	1.199	2.318
EE85	stringsUpBowBeyondBridge	Chop (percussive bowing) notation	UP BOW, BEYOND BRIDGE	1	0.003	0.004	0.995	2.348
EE81	stringsUpBowTowardsBody	Chop (percussive bowing) notation	UP BOW, TOWARDS BODY	0.992	0	0.004	0.992	1.996
E613	stringsUpBowTurned	String techniques	TURNED UP BOW	1	0.004	0.004	0.996	1.98
E623	stringsVibratoPulse	String techniques	VIBRATO PULSE ACCENT (SAUNDERS) FOR STEM	1.068	-1.068	-1.28	1.068	1.248
EE72	swissRudimentsNoteheadBlackDouble	Techniques noteheads	SWISS RUDIMENTS DOUBLÉ BLACK NOTEHEAD	1.636	0	-0.5	1.635	1.271
EE70	swissRudimentsNoteheadBlackFlam	Techniques noteheads	SWISS RUDIMENTS FLAM BLACK NOTEHEAD	1.18	0	-0.5	1.18	1
EE73	swissRudimentsNoteheadHalfDouble	Techniques noteheads	SWISS RUDIMENTS DOUBLÉ HALF (MINIM) NOTEHEAD	1.632	0	-0.5	1.634	1.271
EE71	swissRudimentsNoteheadHalfFlam	Techniques noteheads	SWISS RUDIMENTS FLAM HALF (MINIM) NOTEHEAD	1.18	0	-0.5	1.18	1
E007	systemDivider	Staff brackets and dividers	SYSTEM DIVIDER	4.232	0	-0.272	4.232	4.24
E009	systemDividerExtraLong	Staff brackets and dividers	EXTRA LONG SYSTEM DIVIDER	9.276	0	-0.28	9.276	4.244
E008	systemDividerLong	Staff brackets and dividers	LONG SYSTEM DIVIDER	6.244	0	-0.24	6.252	4.2
E1FC	textAugmentationDot	Beamed groups of notes	AUGMENTATION DOT	0.4	0	-0.144	0.4	0.256
E1F5	textBlackNoteFrac16thLongStem	Beamed groups of notes	BLACK NOTE, FRACTIONAL 16TH BEAM, LONG STEM	1.368	0	-0.56	1.368	3.512
E1F4	textBlackNoteFrac16thShortStem	Beamed groups of notes	BLACK NOTE, FRACTIONAL 16TH BEAM, SHORT STEM	1.368	0	-0.56	1.368	2.752
E1F6	textBlackNoteFrac32ndLongStem	Beamed groups of notes	BLACK NOTE, FRACTIONAL 32ND BEAM, LONG STEM	1.368	0	-0.56	1.368	3.512
E1F3	textBlackNoteFrac8thLongStem	Beamed groups of notes	BLACK NOTE, FRACTIONAL 8TH BEAM, LONG STEM	1.368	0	-0.56	1.368	3.512
E1F2	textBlackNoteFrac8thShortStem	Beamed groups of notes	BLACK NOTE, FRACTIONAL 8TH BEAM, SHORT STEM	1.368	0	-0.564	1.368	2.752
E1F1	textBlackNoteLongStem	Beamed groups of notes	BLACK NOTE, LONG STEM	1.328	0	-0.564	1.328	3.512
E1F0	textBlackNoteShortStem	Beamed groups of notes	BLACK NOTE, SHORT STEM	1.328	0	-0.564	1.328	2.752
E1FA	textCont16thBeamLongStem	Beamed groups of notes	CONTINUING 16TH BEAM FOR LONG STEM	1.368	0	2.264	1.368	3.512
E1F9	textCont16thBeamShortStem	Beamed groups of notes	CONTINUING 16TH BEAM FOR SHORT STEM	1.368	0	1.504	1.368	2.752
E1FB	textCont32ndBeamLongStem	Beamed groups of notes	CONTINUING 32ND BEAM FOR LONG STEM	1.368	0	1.504	1.368	3.512
E1F8	textCont8thBeamLongStem	Beamed groups of notes	CONTINUING 8TH BEAM FOR LONG STEM	1.368	0	3.012	1.368	3.512
E1F7	textCont8thBeamShortStem	Beamed groups of notes	CONTINUING 8TH BEAM FOR SHORT STEM	1.368	0	2.252	1.368	2.752
E209	textHeadlessBlackNoteFrac16thLongStem	Beamed groups of notes	HEADLESS BLACK NOTE, FRACTIONAL 16TH BEAM, LONG STEM	1.368	0	0.188	1.368	3.512
E208	textHeadlessBlackNoteFrac16thShortStem	Beamed groups of notes	HEADLESS BLACK NOTE, FRACTIONAL 16TH BEAM, SHORT STEM	1.368	0	0.188	1.368	2.752
E20A	textHeadlessBlackNoteFrac32ndLongStem	Beamed groups of notes	HEADLESS BLACK NOTE, FRACTIONAL 32ND BEAM, LONG STEM	1.368	0	0.188	1.368	3.512
E207	textHeadlessBlackNoteFrac8thLongStem	Beamed groups of notes	HEADLESS BLACK NOTE, FRACTIONAL 8TH BEAM, LONG STEM	1.368	0	0.187	1.368	3.512
E206	textHeadlessBlackNoteFrac8thShortStem	Beamed groups of notes	HEADLESS BLACK NOTE, FRACTIONAL 8TH BEAM, SHORT STEM	1.368	0	0.184	1.368	2.752
E205	textHeadlessBlackNoteLongStem	Beamed groups of notes	HEADLESS BLACK NOTE, LONG STEM	1.328	1.208	0.184	1.328	3.512
E204	textHeadlessBlackNoteShortStem	Beamed groups of notes	HEADLESS BLACK NOTE, SHORT STEM	1.328	1.208	0.184	1.328	2.752
E1FD	textTie	Beamed groups of notes	TIE	1.46	0	-1.304	1.46	-0.732
E202	textTuplet3LongStem	Beamed groups of notes	TUPLET NUMBER 3 FOR LONG STEM	0.944	0	4.2	0.94	5.3
E1FF	textTuplet3ShortStem	Beamed groups of notes	TUPLET NUMBER 3 FOR SHORT STEM	0.944	0	3.272	0.94	4.372
E203	textTupletBracketEndLongStem	Beamed groups of notes	TUPLET BRACKET END FOR LONG STEM	1.272	0	3.94	1.272	4.764
E200	textTupletBracketEndShortStem	Beamed groups of notes	TUPLET BRACKET END FOR SHORT STEM	1.272	0	3.116	1.272	3.94
E201	textTupletBracketStartLongStem	Beamed groups of notes	TUPLET BRACKET START FOR LONG STEM	1.272	0	3.94	1.272	4.764
E1FE	textTupletBracketStartShortStem	Beamed groups of notes	TUPLET BRACKET START FOR SHORT STEM	1.272	0	3.052	1.272	3.876
E080	timeSig0	Time signatures	TIME SIGNATURE 0	1.88	0.08	-1	1.8	1.004
ECF0	timeSig0Reversed	Reversed time signatures	REVERSED TIME SIGNATURE 0	1.88	0.08	-1	1.8	1.004
ECE0	timeSig0Turned	Turned time signatures	TURNED TIME SIGNATURE 0	1.88	0.08	-1	1.8	1.004
E081	timeSig1	Time signatures	TIME SIGNATURE 1	1.336	0.08	-1	1.256	1.004
ECF1	timeSig1Reversed	Reversed time signatures	REVERSED TIME SIGNATURE 1	1.336	0.08	-1	1.256	1.004
ECE1	timeSig1Turned	Turned time signatures	TURNED TIME SIGNATURE 1	1.336	0.08	-1	1.256	1.004
E082	timeSig2	Time signatures	TIME SIGNATURE 2	1.784	0.08	-1.028	1.704	1.016
ECF2	timeSig2Reversed	Reversed time signatures	REVERSED TIME SIGNATURE 2	1.784	0.08	-1.028	1.704	1.016
ECE2	timeSig2Turned	Turned time signatures	TURNED TIME SIGNATURE 2	1.784	0.08	-1.028	1.704	1.016
E083	timeSig3	Time signatures	TIME SIGNATURE 3	1.684	0.08	-1.004	1.604	0.996
ECF3	timeSig3Reversed	Reversed time signatures	REVERSED TIME SIGNATURE 3	1.684	0.08	-1.004	1.604	0.996
ECE3	timeSig3Turned	Turned time signatures	TURNED TIME SIGNATURE 3	1.684	0.08	-1.004	1.604	0.996
E084	timeSig4	Time signatures	TIME SIGNATURE 4	1.88	0.08	-1	1.8	1.004
ECF4	timeSig4Reversed	Reversed time signatures	REVERSED TIME SIGNATURE 4	1.88	0.08	-1	1.8	1.004
ECE4	timeSig4Turned	Turned time signatures	TURNED TIME SIGNATURE 4	1.88	0.08	-1	1.8	1.004
E085	timeSig5	Time signatures	TIME SIGNATURE 5	1.612	0.08	-1.004	1.532	0.984
ECF5	timeSig5Reversed	Reversed time signatures	REVERSED TIME SIGNATURE 5	1.612	0.08	-1.004	1.532	0.984
ECE5	timeSig5Turned	Turned time signatures	TURNED TIME SIGNATURE 5	1.612	0.08	-1.004	1.532	0.984
E086	timeSig6	Time signatures	TIME SIGNATURE 6	1.736	0.08	-0.996	1.656	1.004
ECF6	timeSig6Reversed	Reversed time signatures	REVERSED TIME SIGNATURE 6	1.736	0.08	-0.996	1.656	1.004
ECE6	timeSig6Turned	Turned time signatures	TURNED TIME SIGNATURE 6	1.736	0.08	-0.996	1.656	1.004
E087	timeSig7	Time signatures	TIME SIGNATURE 7	1.764	0.08	-1	1.684	0.996
ECF7	timeSig7Reversed	Reversed time signatures	REVERSED TIME SIGNATURE 7	1.764	0.08	-1	1.684	0.996
ECE7	timeSig7Turned	Turned time signatures	TURNED TIME SIGNATURE 7	1.764	0.08	-1	1.684	0.996
E088	timeSig8	Time signatures	TIME SIGNATURE 8	1.744	0.08	-1.036	1.664	1.036
ECF8	timeSig8Reversed	Reversed time signatures	REVERSED TIME SIGNATURE 8	1.744	0.08	-1.036	1.664	1.036
ECE8	timeSig8Turned	Turned time signatures	TURNED TIME SIGNATURE 8	1.744	0.08	-1.036	1.664	1.036
E089	timeSig9	Time signatures	TIME SIGNATURE 9	1.736	0.08	-0.996	1.656	1.004
ECF9	timeSig9Reversed	Reversed time signatures	REVERSED TIME SIGNATURE 9	1.736	0.08	-0.996	1.656	1.004
ECE9	timeSig9Turned	Turned time signatures	TURNED TIME SIGNATURE 9	1.736	0.08	-0.996	1.656	1.004
EC80	timeSigBracketLeft	Time signatures supplement	LEFT BRACKET FOR WHOLE TIME SIGNATURE	0.472	0	-2.488	0.472	2.456
EC82	timeSigBracketLeftSmall	Time signatures supplement	LEFT BRACKET FOR NUMERATOR ONLY	0.472	0	-1.488	0.472	1.456
EC81	timeSigBracketRight	Time signatures supplement	RIGHT BRACKET FOR WHOLE TIME SIGNATURE	0.472	0	-2.488	0.472	2.456
EC83	timeSigBracketRightSmall	Time signatures supplement	RIGHT BRACKET FOR NUMERATOR ONLY	0.472	0	-1.488	0.472	1.456
E09F	timeSigCombDenominator	Time signatures	CONTROL CHARACTER FOR DENOMINATOR DIGIT	1	0	-0.5	1	0.5
E09E	timeSigCombNumerator	Time signatures	CONTROL CHARACTER FOR NUMERATOR DIGIT	1	0	-0.5	1	0.5
E096	timeSigComma	Time signatures	TIME SIGNATURE COMMA	0.792	0.036	-0.6	0.736	0.552
E08A	timeSigCommon	Time signatures	COMMON TIME	1.696	0.02	-0.996	1.696	1.004
ECFA	timeSigCommonReversed	Reversed time signatures	REVERSED COMMON TIME	1.696	0.02	-0.996	1.696	1.004
ECEA	timeSigCommonTurned	Turned time signatures	TURNED COMMON TIME	1.696	0.02	-0.996	1.696	1.004
EC85	timeSigCut2	Time signatures supplement	CUT TIME (BACH)	1.784	0.08	-1.448	1.704	1.444
EC86	timeSigCut3	Time signatures supplement	CUT TRIPLE TIME (9/8)	1.592	0.068	-1.444	1.592	1.448
E08B	timeSigCutCommon	Time signatures	CUT TIME	1.668	0	-1.436	1.672	1.444
ECFB	timeSigCutCommonReversed	Reversed time signatures	REVERSED CUT TIME	1.668	0	-1.436	1.672	1.444
ECEB	timeSigCutCommonTurned	Turned time signatures	TURNED CUT TIME	1.668	0	-1.436	1.672	1.444
E08F	timeSigEquals	Time signatures	TIME SIGNATURE EQUALS	1.792	0	-0.5	1.792	0.496
E098	timeSigFractionHalf	Time signatures	TIME SIGNATURE FRACTION ½	1.696	0.078	-0.991	1.621	0.991
E09A	timeSigFractionOneThird	Time signatures	TIME SIGNATURE FRACTION ⅓	1.764	0.078	-0.998	1.688	0.999
E097	timeSigFractionQuarter	Time signatures	TIME SIGNATURE FRACTION ¼	1.66	0.068	-0.991	1.592	1.003
E099	timeSigFractionThreeQuarters	Time signatures	TIME SIGNATURE FRACTION ¾	1.796	0.072	-0.999	1.724	1.002
E09B	timeSigFractionTwoThirds	Time signatures	TIME SIGNATURE FRACTION ⅔	1.784	0.061	-0.998	1.728	1.001
E08E	timeSigFractionalSlash	Time signatures	TIME SIGNATURE FRACTION SLASH	1.512	0	-0.76	1.512	0.756
E090	timeSigMinus	Time signatures	TIME SIGNATURE MINUS	1.792	0	-0.14	1.792	0.16
E091	timeSigMultiply	Time signatures	TIME SIGNATURE MULTIPLY	1.584	0	-0.792	1.58	0.792
E09D	timeSigOpenPenderecki	Time signatures	OPEN TIME SIGNATURE (PENDERECKI)	3.38	-0.004	-0.992	3.384	1
E094	timeSigParensLeft	Time signatures	LEFT PARENTHESIS FOR WHOLE TIME SIGNATURE	0.736	0	-1.956	0.736	1.964
E092	timeSigParensLeftSmall	Time signatures	LEFT PARENTHESIS FOR NUMERATOR ONLY	0.44	0	-1.004	0.44	0.996
E095	timeSigParensRight	Time signatures	RIGHT PARENTHESIS FOR WHOLE TIME SIGNATURE	0.736	0	-1.956	0.736	1.964
E093	timeSigParensRightSmall	Time signatures	RIGHT PARENTHESIS FOR NUMERATOR ONLY	0.44	0	-1.004	0.44	0.996
E08C	timeSigPlus	Time signatures	TIME SIGNATURE +	2	-0.004	-1	1.996	1
E08D	timeSigPlusSmall	Time signatures	TIME SIGNATURE + (FOR NUMERATORS)	1.016	-0.002	-0.53	1.018	0.49
EC84	timeSigSlash	Time signatures supplement	TIME SIGNATURE SLASH SEPARATOR	1.308	0	-2.068	1.308	2.064
E09C	timeSigX	Time signatures	OPEN TIME SIGNATURE	1.62	0	-1.508	1.62	1.5
E220	tremolo1	Tremolos	COMBINING TREMOLO 1	0.6	-0.6	-0.372	0.6	0.376
E221	tremolo2	Tremolos	COMBINING TREMOLO 2	0.596	-0.604	-0.748	0.596	0.748
E222	tremolo3	Tremolos	COMBINING TREMOLO 3	0.6	-0.6	-1.12	0.6	1.112
E223	tremolo4	Tremolos	COMBINING TREMOLO 4	0.596	-0.6	-1.48	0.6	1.496
E224	tremolo5	Tremolos	COMBINING TREMOLO 5	0.596	-0.604	-1.84	0.6	1.88
E22E	tremoloDivisiDots2	Tremolos	DIVIDE MEASURED TREMOLO BY 2	1	0	0	1	0.4
E22F	tremoloDivisiDots3	Tremolos	DIVIDE MEASURED TREMOLO BY 3	1.6	0	0	1.6	0.4
E230	tremoloDivisiDots4	Tremolos	DIVIDE MEASURED TREMOLO BY 4	2.2	0	0	2.2	0.4
E231	tremoloDivisiDots6	Tremolos	DIVIDE MEASURED TREMOLO BY 6	1.6	0	0	1.6	1
E225	tremoloFingered1	Tremolos	FINGERED TREMOLO 1	0.6	-0.6	-0.372	0.6	0.376
E226	tremoloFingered2	Tremolos	FINGERED TREMOLO 2	0.596	-0.604	-0.748	0.596	0.748
E227	tremoloFingered3	Tremolos	FINGERED TREMOLO 3	0.6	-0.6	-1.12	0.6	1.112
E228	tremoloFingered4	Tremolos	FINGERED TREMOLO 4	0.596	-0.6	-1.484	0.6	1.508
E229	tremoloFingered5	Tremolos	FINGERED TREMOLO 5	0.596	-0.604	-1.856	0.6	1.868
E5F2	tripleTongueAbove	Wind techniques	TRIPLE-TONGUE ABOVE	2.3	-0.004	0	2.3	0.956
E5F3	tripleTongueBelow	Wind techniques	TRIPLE-TONGUE BELOW	2.3	-0.004	0	2.3	0.956
E880	tuplet0	Tuplets	TUPLET 0	1.276	-0.001	-0.032	1.273	1.5
E881	tuplet1	Tuplets	TUPLET 1	0.984	0.04	0	1.024	1.488
E882	tuplet2	Tuplets	TUPLET 2	1.276	0.04	-0.024	1.316	1.5
E883	tuplet3	Tuplets	TUPLET 3	1.184	0.04	-0.032	1.224	1.5
E884	tuplet4	Tuplets	TUPLET 4	1.212	0.04	0	1.252	1.488
E885	tuplet5	Tuplets	TUPLET 5	1.268	0.04	-0.032	1.308	1.492
E886	tuplet6	Tuplets	TUPLET 6	1.216	0.041	-0.032	1.256	1.5
E887	tuplet7	Tuplets	TUPLET 7	1.212	0.12	-0.016	1.332	1.488
E888	tuplet8	Tuplets	TUPLET 8	1.252	0.04	-0.032	1.292	1.5
E889	tuplet9	Tuplets	TUPLET 9	1.216	0.04	-0.032	1.255	1.5
E88A	tupletColon	Tuplets	TUPLET COLON	0.444	0.04	0.232	0.484	1.072
E22C	unmeasuredTremolo	Tremolos	WIENIAWSKI UNMEASURED TREMOLO	0.64	-0.636	-1.312	0.64	1.312
E22D	unmeasuredTremoloSimple	Tremolos	WIENIAWSKI UNMEASURED TREMOLO (SIMPLER)	0.768	-0.764	-1.164	0.768	1.164
E069	unpitchedPercussionClef1	Clefs	UNPITCHED PERCUSSION CLEF 1	1.528	0	-1	1.528	1
E06A	unpitchedPercussionClef2	Clefs	UNPITCHED PERCUSSION CLEF 2	1.248	0	-1.86	1.248	1.844
E517	ventiduesima	Octaves	VENTIDUESIMA	3	0.016	-0.028	3	1.852
E518	ventiduesimaAlta	Octaves	VENTIDUESIMA ALTA	5.712	0.016	-0.028	5.712	1.852
E519	ventiduesimaBassa	Octaves	VENTIDUESIMA BASSA	5.512	0.016	-0.028	5.512	1.852
E51E	ventiduesimaBassaMb	Octaves	VENTIDUESIMA BASSA (MB)	5.34	0.016	-0.028	5.34	1.852
E649	vocalFingerClickStockhausen	Vocal techniques	FINGER CLICK (STOCKHAUSEN)	2.68	0	0	2.68	2
E64B	vocalHalbGesungen	Vocal techniques	HALB GESUNGEN (SEMI-SPRECHGESANG)	0.296	-0.3	0	0.3	0.372
E640	vocalMouthClosed	Vocal techniques	MOUTH CLOSED	1.5	0	0	1.5	0.404
E642	vocalMouthOpen	Vocal techniques	MOUTH OPEN	1.5	0	0	1.5	0.924
E644	vocalMouthPursed	Vocal techniques	MOUTH PURSED	1	0	0	1	0.924
E641	vocalMouthSlightlyOpen	Vocal techniques	MOUTH SLIGHTLY OPEN	1.5	0	0	1.5	0.724
E643	vocalMouthWideOpen	Vocal techniques	MOUTH WIDE OPEN	1.504	0	0	1.5	1.324
E647	vocalNasalVoice	Vocal techniques	NASAL VOICE	1.38	0.004	0	1.38	2
E645	vocalSprechgesang	Vocal techniques	SPRECHGESANG	0.644	-0.644	-0.004	0.644	1.284
E648	vocalTongueClickStockhausen	Vocal techniques	TONGUE CLICK (STOCKHAUSEN)	2.72	0	0	2.72	2
E64A	vocalTongueFingerClickStockhausen	Vocal techniques	TONGUE AND FINGER CLICK (STOCKHAUSEN)	2.664	0	0	2.664	2
E646	vocalsSussurando	Vocal techniques	COMBINING SUSSURANDO FOR STEM	0.516	-0.516	0	0.516	1.584
EAAA	wiggleArpeggiatoDown	Multi-segment lines	ARPEGGIATO WIGGLE SEGMENT, DOWNWARDS	1.02	-0.132	0	1.168	0.476
EAAE	wiggleArpeggiatoDownArrow	Multi-segment lines	ARPEGGIATO ARROWHEAD DOWN	2.064	0.004	-0.26	2.256	0.68
EAAC	wiggleArpeggiatoDownSwash	Multi-segment lines	ARPEGGIATO DOWNWARD SWASH	1.784	-0.061	-0.002	1.895	0.578
EAA9	wiggleArpeggiatoUp	Multi-segment lines	ARPEGGIATO WIGGLE SEGMENT, UPWARDS	1.02	-0.132	0	1.168	0.476
EAAD	wiggleArpeggiatoUpArrow	Multi-segment lines	ARPEGGIATO ARROWHEAD UP	2.064	-0.188	-0.32	2.064	0.62
EAAB	wiggleArpeggiatoUpSwash	Multi-segment lines	ARPEGGIATO UPWARD SWASH	2.116	-0.108	-0.082	2.2	0.478
EAC9	wiggleCircular	Multi-segment lines	CIRCULAR MOTION SEGMENT	1.836	-0.212	0.34	1.792	1.688
EAC0	wiggleCircularConstant	Multi-segment lines	CONSTANT CIRCULAR MOTION SEGMENT	1.072	-0.012	-1.18	1.088	0.048
EAC1	wiggleCircularConstantFlipped	Multi-segment lines	CONSTANT CIRCULAR MOTION SEGMENT (FLIPPED)	1.072	-0.012	-0.048	1.088	1.18
EAC3	wiggleCircularConstantFlippedLarge	Multi-segment lines	CONSTANT CIRCULAR MOTION SEGMENT (FLIPPED, LARGE)	2.184	-0.012	-0.048	2.196	2.312
EAC2	wiggleCircularConstantLarge	Multi-segment lines	CONSTANT CIRCULAR MOTION SEGMENT (LARGE)	2.184	-0.012	-2.312	2.196	0.048
EACB	wiggleCircularEnd	Multi-segment lines	CIRCULAR MOTION END	0.648	-0.468	1.136	0.572	1.576
EAC8	wiggleCircularLarge	Multi-segment lines	CIRCULAR MOTION SEGMENT, LARGE	1.724	-0.38	0.296	1.688	1.756
EAC7	wiggleCircularLarger	Multi-segment lines	CIRCULAR MOTION SEGMENT, LARGER	2.332	-0.412	0.096	2.3	1.764
EAC6	wiggleCircularLargerStill	Multi-segment lines	CIRCULAR MOTION SEGMENT, LARGER STILL	2.964	-0.456	0.068	2.956	1.924
EAC5	wiggleCircularLargest	Multi-segment lines	CIRCULAR MOTION SEGMENT, LARGEST	4.592	0	0	4.464	2.192
EACA	wiggleCircularSmall	Multi-segment lines	CIRCULAR MOTION SEGMENT, SMALL	1.34	-0.396	0.384	1.2	1.704
EAC4	wiggleCircularStart	Multi-segment lines	CIRCULAR MOTION START	1.92	0	0.516	1.872	2.112
EAAF	wiggleGlissando	Multi-segment lines	GLISSANDO WIGGLE SEGMENT	0.96	-0.1	0	1.124	0.444
EABD	wiggleGlissandoGroup1	Multi-segment lines	GROUP GLISSANDO 1	1.224	-0.064	0	1.3	2.444
EABE	wiggleGlissandoGroup2	Multi-segment lines	GROUP GLISSANDO 2	0.5	-0.076	0	0.572	3.22
EABF	wiggleGlissandoGroup3	Multi-segment lines	GROUP GLISSANDO 3	0.5	-0.076	0	0.576	4.232
EAF0	wiggleRandom1	Multi-segment lines	QUASI-RANDOM SQUIGGLE 1	7.976	-0.012	-0.832	7.988	1.46
EAF1	wiggleRandom2	Multi-segment lines	QUASI-RANDOM SQUIGGLE 2	7.976	-0.012	-0.884	7.988	1.6
EAF2	wiggleRandom3	Multi-segment lines	QUASI-RANDOM SQUIGGLE 3	7.976	-0.012	-1.128	7.988	1.632
EAF3	wiggleRandom4	Multi-segment lines	QUASI-RANDOM SQUIGGLE 4	7.976	-0.012	-1.496	7.988	2.432
EABB	wiggleSawtooth	Multi-segment lines	SAWTOOTH LINE SEGMENT	2.992	-0.068	-1.068	3.06	1.06
EABA	wiggleSawtoothNarrow	Multi-segment lines	NARROW SAWTOOTH LINE SEGMENT	1.996	-0.072	-1.064	2.06	1.064
EABC	wiggleSawtoothWide	Multi-segment lines	WIDE SAWTOOTH LINE SEGMENT	4	-0.068	-1.064	4.06	1.064
EAB8	wiggleSquareWave	Multi-segment lines	SQUARE WAVE LINE SEGMENT	3	-0.064	-0.564	3.064	0.564
EAB7	wiggleSquareWaveNarrow	Multi-segment lines	NARROW SQUARE WAVE LINE SEGMENT	2	-0.064	-0.564	2.064	0.564
EAB9	wiggleSquareWaveWide	Multi-segment lines	WIDE SQUARE WAVE LINE SEGMENT	4	-0.064	-0.564	4.064	0.564
EAA4	wiggleTrill	Multi-segment lines	TRILL WIGGLE SEGMENT	0.948	-0.144	0.392	1.08	0.836
EAA3	wiggleTrillFast	Multi-segment lines	TRILL WIGGLE SEGMENT, FAST	0.804	-0.14	0.392	0.924	0.836
EAA2	wiggleTrillFaster	Multi-segment lines	TRILL WIGGLE SEGMENT, FASTER	0.688	-0.168	0.38	0.784	0.848
EAA1	wiggleTrillFasterStill	Multi-segment lines	TRILL WIGGLE SEGMENT, FASTER STILL	0.564	-0.172	0.384	0.656	0.848
EAA0	wiggleTrillFastest	Multi-segment lines	TRILL WIGGLE SEGMENT, FASTEST	0.548	-0.136	0.384	0.652	0.848
EAA5	wiggleTrillSlow	Multi-segment lines	TRILL WIGGLE SEGMENT, SLOW	1.112	-0.172	0.392	1.24	0.836
EAA6	wiggleTrillSlower	Multi-segment lines	TRILL WIGGLE SEGMENT, SLOWER	1.36	-0.16	0.372	1.48	0.836
EAA7	wiggleTrillSlowerStill	Multi-segment lines	TRILL WIGGLE SEGMENT, SLOWER STILL	1.592	-0.228	0.352	1.692	0.836
EAA8	wiggleTrillSlowest	Multi-segment lines	TRILL WIGGLE SEGMENT, SLOWEST	1.976	-0.144	0.352	2.104	0.836
EAEE	wiggleVIbratoLargestSlower	Multi-segment lines	VIBRATO LARGEST, SLOWER	3.828	-0.116	-1.232	3.944	2.096
EAE0	wiggleVIbratoMediumSlower	Multi-segment lines	VIBRATO MEDIUM, SLOWER	1.688	-0.124	-0.164	1.784	0.8
EAB0	wiggleVibrato	Multi-segment lines	VIBRATO / SHAKE WIGGLE SEGMENT	0.608	-0.056	0	0.668	0.476
EAE5	wiggleVibratoLargeFast	Multi-segment lines	VIBRATO LARGE, FAST	1.76	-0.14	-0.508	1.872	1.272
EAE4	wiggleVibratoLargeFaster	Multi-segment lines	VIBRATO LARGE, FASTER	1.504	-0.124	-0.508	1.6	1.272
EAE3	wiggleVibratoLargeFasterStill	Multi-segment lines	VIBRATO LARGE, FASTER STILL	1.264	-0.108	-0.508	1.372	1.272
EAE2	wiggleVibratoLargeFastest	Multi-segment lines	VIBRATO LARGE, FASTEST	1.044	-0.108	-0.508	1.164	1.272
EAE6	wiggleVibratoLargeSlow	Multi-segment lines	VIBRATO LARGE, SLOW	2.156	-0.12	-0.508	2.256	1.272
EAE7	wiggleVibratoLargeSlower	Multi-segment lines	VIBRATO LARGE, SLOWER	2.592	-0.128	-0.508	2.696	1.272
EAE8	wiggleVibratoLargeSlowest	Multi-segment lines	VIBRATO LARGE, SLOWEST	3.052	-0.136	-0.508	3.196	1.272
EAEC	wiggleVibratoLargestFast	Multi-segment lines	VIBRATO LARGEST, FAST	2.656	-0.128	-1.232	2.748	2.096
EAEB	wiggleVibratoLargestFaster	Multi-segment lines	VIBRATO LARGEST, FASTER	2.244	-0.096	-1.232	2.348	2.096
EAEA	wiggleVibratoLargestFasterStill	Multi-segment lines	VIBRATO LARGEST, FASTER STILL	1.884	-0.084	-1.232	2.004	2.096
EAE9	wiggleVibratoLargestFastest	Multi-segment lines	VIBRATO LARGEST, FASTEST	1.54	-0.12	-1.232	1.668	2.096
EAED	wiggleVibratoLargestSlow	Multi-segment lines	VIBRATO LARGEST, SLOW	3.164	-0.12	-1.232	3.284	2.096
EAEF	wiggleVibratoLargestSlowest	Multi-segment lines	VIBRATO LARGEST, SLOWEST	4.536	-0.148	-1.232	4.672	2.096
EADE	wiggleVibratoMediumFast	Multi-segment lines	VIBRATO MEDIUM, FAST	1.18	-0.104	-0.164	1.292	0.8
EADD	wiggleVibratoMediumFaster	Multi-segment lines	VIBRATO MEDIUM, FASTER	0.968	-0.116	-0.164	1.088	0.8
EADC	wiggleVibratoMediumFasterStill	Multi-segment lines	VIBRATO MEDIUM, FASTER STILL	0.828	-0.108	-0.164	0.932	0.8
EADB	wiggleVibratoMediumFastest	Multi-segment lines	VIBRATO MEDIUM, FASTEST	0.74	-0.088	-0.164	0.828	0.8
EADF	wiggleVibratoMediumSlow	Multi-segment lines	VIBRATO MEDIUM, SLOW	1.384	-0.124	-0.164	1.492	0.8
EAE1	wiggleVibratoMediumSlowest	Multi-segment lines	VIBRATO MEDIUM, SLOWEST	2	-0.136	-0.164	2.104	0.8
EAD7	wiggleVibratoSmallFast	Multi-segment lines	VIBRATO SMALL, FAST	0.86	-0.104	-0.056	0.952	0.556
EAD6	wiggleVibratoSmallFaster	Multi-segment lines	VIBRATO SMALL, FASTER	0.716	-0.112	-0.056	0.812	0.556
EAD5	wiggleVibratoSmallFasterStill	Multi-segment lines	VIBRATO SMALL, FASTER STILL	0.62	-0.1	-0.056	0.716	0.556
EAD4	wiggleVibratoSmallFastest	Multi-segment lines	VIBRATO SMALL, FASTEST	0.544	-0.092	-0.056	0.624	0.556
EAD8	wiggleVibratoSmallSlow	Multi-segment lines	VIBRATO SMALL, SLOW	1.008	-0.128	-0.056	1.096	0.556
EAD9	wiggleVibratoSmallSlower	Multi-segment lines	VIBRATO SMALL, SLOWER	1.164	-0.14	-0.056	1.288	0.556
EADA	wiggleVibratoSmallSlowest	Multi-segment lines	VIBRATO SMALL, SLOWEST	1.5	-0.064	-0.056	1.604	0.556
EAD0	wiggleVibratoSmallestFast	Multi-segment lines	VIBRATO SMALLEST, FAST	0.7	-0.104	0	0.792	0.368
EACF	wiggleVibratoSmallestFaster	Multi-segment lines	VIBRATO SMALLEST, FASTER	0.584	-0.124	0	0.664	0.368
EACE	wiggleVibratoSmallestFasterStill	Multi-segment lines	VIBRATO SMALLEST, FASTER STILL	0.536	-0.084	0	0.612	0.368
EACD	wiggleVibratoSmallestFastest	Multi-segment lines	VIBRATO SMALLEST, FASTEST	0.48	-0.064	0	0.556	0.368
EAD1	wiggleVibratoSmallestSlow	Multi-segment lines	VIBRATO SMALLEST, SLOW	0.832	-0.1	0	0.924	0.368
EAD2	wiggleVibratoSmallestSlower	Multi-segment lines	VIBRATO SMALLEST, SLOWER	0.988	-0.1	0	1.092	0.368
EAD3	wiggleVibratoSmallestSlowest	Multi-segment lines	VIBRATO SMALLEST, SLOWEST	1.148	-0.12	0	1.252	0.368
EACC	wiggleVibratoStart	Multi-segment lines	VIBRATO START	1.808	0	0.004	1.96	1.272
EAB1	wiggleVibratoWide	Multi-segment lines	WIDE VIBRATO / SHAKE WIGGLE SEGMENT	0.82	-0.096	0	0.908	0.896
EAB5	wiggleWavy	Multi-segment lines	WAVY LINE SEGMENT	3	-0.064	-1.064	3.064	1.064
EAB4	wiggleWavyNarrow	Multi-segment lines	NARROW WAVY LINE SEGMENT	2	-0.064	-1.064	2.064	1.064
EAB6	wiggleWavyWide	Multi-segment lines	WIDE WAVY LINE SEGMENT	4	-0.064	-1.064	4.064	1.064
E5F4	windClosedHole	Wind techniques	CLOSED HOLE	1.216	0	0	1.216	1.216
E5FB	windFlatEmbouchure	Wind techniques	FLATTER EMBOUCHURE	1.5	0	0	1.488	1.572
E5F6	windHalfClosedHole1	Wind techniques	HALF-CLOSED HOLE	1.22	0	0	1.216	1.216
E5F7	windHalfClosedHole2	Wind techniques	HALF-CLOSED HOLE 2	1.22	0.004	0	1.22	1.216
E5F8	windHalfClosedHole3	Wind techniques	HALF-OPEN HOLE	1.22	0	0	1.22	1.22
E5FE	windLessRelaxedEmbouchure	Wind techniques	SOMEWHAT RELAXED EMBOUCHURE	1.892	0	0	1.888	1.892
E600	windLessTightEmbouchure	Wind techniques	SOMEWHAT TIGHT EMBOUCHURE	1.92	0	0	1.888	1.892
E60A	windMouthpiecePop	Wind techniques	MOUTHPIECE OR HAND POP	1.548	0	0	1.544	2.312
E607	windMultiphonicsBlackStem	Wind techniques	COMBINING MULTIPHONICS (BLACK) FOR STEM	1.112	-1.116	-1.172	1.112	1.192
E609	windMultiphonicsBlackWhiteStem	Wind techniques	COMBINING MULTIPHONICS (BLACK AND WHITE) FOR STEM	1.196	-1.196	-1.352	1.196	1.372
E608	windMultiphonicsWhiteStem	Wind techniques	COMBINING MULTIPHONICS (WHITE) FOR STEM	1.196	-1.196	-1.36	1.196	1.364
E5F9	windOpenHole	Wind techniques	OPEN HOLE	1.216	0	0	1.216	1.216
E606	windReedPositionIn	Wind techniques	MUCH MORE REED (PUSH INWARDS)	0.796	0	0	0.792	1.688
E604	windReedPositionNormal	Wind techniques	NORMAL REED POSITION	0.796	0	0	0.796	1.688
E605	windReedPositionOut	Wind techniques	VERY LITTLE REED (PULL OUTWARDS)	0.796	0	0	0.792	1.688
E5FD	windRelaxedEmbouchure	Wind techniques	RELAXED EMBOUCHURE	1.892	0	0	1.888	1.892
E60B	windRimOnly	Wind techniques	RIM ONLY	1.22	0	0	1.216	1.212
E5FC	windSharpEmbouchure	Wind techniques	SHARPER EMBOUCHURE	1.5	0	0	1.488	1.572
E603	windStrongAirPressure	Wind techniques	VERY TIGHT EMBOUCHURE / STRONG AIR PRESSURE	2.216	0	0	2.212	1.2
E5F5	windThreeQuartersClosedHole	Wind techniques	THREE-QUARTERS CLOSED HOLE	1.216	0	0	1.22	1.22
E5FF	windTightEmbouchure	Wind techniques	TIGHT EMBOUCHURE	1.752	0	0	1.748	1.748
E5FA	windTrillKey	Wind techniques	TRILL KEY	2.828	0	0	2.824	1.54
E601	windVeryTightEmbouchure	Wind techniques	VERY TIGHT EMBOUCHURE	1.888	0	-0.008	1.888	1.884
E602	windWeakAirPressure	Wind techniques	VERY RELAXED EMBOUCHURE / WEAK AIR-PRESSURE	2.352	0	0	2.348	1.34